project_id,cost_code,category,subcategory,unit,actual_quantity,actual_unit_cost,actual_cost
P0001,100,Labor,General Labor,hour,3379,29.57,99900.74
P0001,101,Labor,Equipment Operators,hour,15702,40.09,629495.0
P0001,102,Labor,Supervisors,hour,9483,58.44,554154.53
P0001,103,Labor,Skilled Labor,hour,4873,49.41,240779.66
P0001,200,Materials,Gravel,ton,10306,33.79,348217.95
P0001,201,Materials,Concrete,cubic_yard,20163,147.21,2968271.22
P0001,202,Materials,Asphalt,ton,7922,101.09,800850.01
P0001,203,Materials,Topsoil,cubic_yard,8791,39.36,346027.52
P0001,300,Equipment,Excavator,hour,9814,132.51,1300479.73
P0001,301,Equipment,Bulldozer,hour,8027,166.79,1338813.31
P0001,302,Equipment,Loader,hour,4461,123.45,550715.96
P0001,303,Equipment,Compactor,hour,8033,90.34,725736.47
P0001,400,Fuel,Diesel,gallon,19919,4.02,80055.36
P0001,500,Subcontractor,Concrete Work,job,9,26867.32,241805.92
P0001,501,Subcontractor,Utility Work,job,6,23141.75,138850.51
P0002,100,Labor,General Labor,hour,9455,33.27,314543.63
P0002,101,Labor,Equipment Operators,hour,8107,42.75,346566.95
P0002,102,Labor,Supervisors,hour,5728,53.98,309188.31
P0002,103,Labor,Skilled Labor,hour,4297,46.37,199266.44
P0002,200,Materials,Gravel,ton,8887,35.39,314473.04
P0002,201,Materials,Concrete,cubic_yard,13589,149.17,2027049.74
P0002,202,Materials,Asphalt,ton,8572,95.17,815831.94
P0002,203,Materials,Topsoil,cubic_yard,6015,39.14,235455.02
P0002,300,Equipment,Excavator,hour,4098,128.51,526648.5
P0002,301,Equipment,Bulldozer,hour,290,141.14,40931.79
P0002,302,Equipment,Loader,hour,6906,125.97,869945.26
P0002,303,Equipment,Compactor,hour,443,86.33,38243.33
P0002,400,Fuel,Diesel,gallon,49146,3.8,186514.38
P0002,500,Subcontractor,Concrete Work,job,4,28019.66,112078.63
P0002,501,Subcontractor,Utility Work,job,1,21611.35,21611.35
P0003,100,Labor,General Labor,hour,2941,33.66,98999.2
P0003,101,Labor,Equipment Operators,hour,1963,46.82,91905.16
P0003,102,Labor,Supervisors,hour,1227,54.03,66298.17
P0003,103,Labor,Skilled Labor,hour,2215,46.61,103246.6
P0003,200,Materials,Gravel,ton,1620,37.08,60075.62
P0003,201,Materials,Concrete,cubic_yard,3045,148.69,452758.43
P0003,202,Materials,Asphalt,ton,350,103.18,36113.01
P0003,203,Materials,Topsoil,cubic_yard,2206,36.3,80080.67
P0003,300,Equipment,Excavator,hour,1428,134.13,191543.52
P0003,301,Equipment,Bulldozer,hour,340,154.18,52420.52
P0003,302,Equipment,Loader,hour,1002,126.16,126414.87
P0003,303,Equipment,Compactor,hour,576,97.4,56099.53
P0003,400,Fuel,Diesel,gallon,1901,3.78,7189.73
P0003,500,Subcontractor,Concrete Work,job,1,28857.73,28857.73
P0003,501,Subcontractor,Utility Work,job,1,21014.43,21014.43
P0004,100,Labor,General Labor,hour,863,32.26,27843.85
P0004,101,Labor,Equipment Operators,hour,2483,47.05,116834.04
P0004,102,Labor,Supervisors,hour,3851,57.39,220995.42
P0004,103,Labor,Skilled Labor,hour,3514,51.12,179641.43
P0004,200,Materials,Gravel,ton,371,30.49,11310.86
P0004,201,Materials,Concrete,cubic_yard,3409,148.17,505127.05
P0004,202,Materials,Asphalt,ton,1134,93.84,106409.11
P0004,203,Materials,Topsoil,cubic_yard,1009,37.56,37895.72
P0004,300,Equipment,Excavator,hour,1461,154.28,225400.18
P0004,301,Equipment,Bulldozer,hour,994,168.41,167401.11
P0004,302,Equipment,Loader,hour,131,127.12,16653.3
P0004,303,Equipment,Compactor,hour,1180,89.6,105729.88
P0004,400,Fuel,Diesel,gallon,13058,3.67,47955.03
P0004,500,Subcontractor,Concrete Work,job,2,27709.98,55419.95
P0004,501,Subcontractor,Utility Work,job,1,20769.11,20769.11
P0005,100,Labor,General Labor,hour,5241,32.4,169815.64
P0005,101,Labor,Equipment Operators,hour,1819,44.07,80171.13
P0005,102,Labor,Supervisors,hour,9194,61.52,565573.7
P0005,103,Labor,Skilled Labor,hour,12084,54.28,655968.56
P0005,200,Materials,Gravel,ton,6872,35.11,241306.23
P0005,201,Materials,Concrete,cubic_yard,10223,146.08,1493396.52
P0005,202,Materials,Asphalt,ton,920,94.54,86973.12
P0005,203,Materials,Topsoil,cubic_yard,11410,40.78,465247.32
P0005,300,Equipment,Excavator,hour,2981,137.05,408550.57
P0005,301,Equipment,Bulldozer,hour,1695,161.15,273141.22
P0005,302,Equipment,Loader,hour,558,133.75,74632.22
P0005,303,Equipment,Compactor,hour,3924,90.03,353288.32
P0005,400,Fuel,Diesel,gallon,20470,3.85,78731.39
P0005,500,Subcontractor,Concrete Work,job,5,28622.46,143112.28
P0005,501,Subcontractor,Utility Work,job,5,22474.26,112371.32
P0006,100,Labor,General Labor,hour,22186,30.85,684540.21
P0006,101,Labor,Equipment Operators,hour,18801,36.88,693297.41
P0006,102,Labor,Supervisors,hour,16932,54.29,919226.64
P0006,103,Labor,Skilled Labor,hour,16847,57.54,969310.99
P0006,200,Materials,Gravel,ton,6500,32.66,212279.46
P0006,201,Materials,Concrete,cubic_yard,1492,139.42,208021.08
P0006,202,Materials,Asphalt,ton,12058,97.24,1172509.95
P0006,203,Materials,Topsoil,cubic_yard,21536,37.18,800810.68
P0006,300,Equipment,Excavator,hour,8127,127.29,1034487.91
P0006,301,Equipment,Bulldozer,hour,10456,167.4,1750299.45
P0006,302,Equipment,Loader,hour,7678,124.16,953330.87
P0006,303,Equipment,Compactor,hour,6773,99.82,676092.42
P0006,400,Fuel,Diesel,gallon,40100,4.16,166927.38
P0006,500,Subcontractor,Concrete Work,job,8,27272.48,218179.88
P0006,501,Subcontractor,Utility Work,job,8,24143.79,193150.33
P0007,100,Labor,General Labor,hour,12439,34.68,431431.39
P0007,101,Labor,Equipment Operators,hour,17177,40.36,693192.21
P0007,102,Labor,Supervisors,hour,9206,54.47,501404.83
P0007,103,Labor,Skilled Labor,hour,6462,48.91,316087.44
P0007,200,Materials,Gravel,ton,2743,38.02,104301.84
P0007,201,Materials,Concrete,cubic_yard,8133,142.51,1159068.67
P0007,202,Materials,Asphalt,ton,1266,89.66,113508.92
P0007,203,Materials,Topsoil,cubic_yard,7851,37.56,294865.79
P0007,300,Equipment,Excavator,hour,1363,151.95,207106.93
P0007,301,Equipment,Bulldozer,hour,6516,150.77,982410.34
P0007,302,Equipment,Loader,hour,10224,125.04,1278412.15
P0007,303,Equipment,Compactor,hour,8633,93.91,810693.87
P0007,400,Fuel,Diesel,gallon,36853,3.48,128396.25
P0007,500,Subcontractor,Concrete Work,job,6,28410.13,170460.81
P0007,501,Subcontractor,Utility Work,job,9,23419.17,210772.55
P0008,100,Labor,General Labor,hour,8021,31.66,253957.78
P0008,101,Labor,Equipment Operators,hour,6835,42.77,292320.69
P0008,102,Labor,Supervisors,hour,4736,60.54,286733.41
P0008,103,Labor,Skilled Labor,hour,2135,48.91,104430.86
P0008,200,Materials,Gravel,ton,1764,34.54,60928.06
P0008,201,Materials,Concrete,cubic_yard,6744,146.5,987993.91
P0008,202,Materials,Asphalt,ton,6742,104.65,705527.63
P0008,203,Materials,Topsoil,cubic_yard,3931,41.71,163955.73
P0008,300,Equipment,Excavator,hour,402,145.31,58416.45
P0008,301,Equipment,Bulldozer,hour,544,152.12,82754.9
P0008,302,Equipment,Loader,hour,2380,124.54,296397.56
P0008,303,Equipment,Compactor,hour,1422,93.66,133180.58
P0008,400,Fuel,Diesel,gallon,21158,3.98,84277.07
P0008,500,Subcontractor,Concrete Work,job,1,25470.65,25470.65
P0008,501,Subcontractor,Utility Work,job,3,22665.04,67995.11
P0009,100,Labor,General Labor,hour,8232,34.63,285033.13
P0009,101,Labor,Equipment Operators,hour,6583,48.08,316510.04
P0009,102,Labor,Supervisors,hour,8338,57.09,475995.8
P0009,103,Labor,Skilled Labor,hour,1593,45.95,73193.31
P0009,200,Materials,Gravel,ton,9310,37.82,352102.99
P0009,201,Materials,Concrete,cubic_yard,3347,165.02,552309.76
P0009,202,Materials,Asphalt,ton,6255,97.95,612681.51
P0009,203,Materials,Topsoil,cubic_yard,1164,40.77,47452.63
P0009,300,Equipment,Excavator,hour,3394,147.07,499168.8
P0009,301,Equipment,Bulldozer,hour,1539,147.3,226700.15
P0009,302,Equipment,Loader,hour,4411,121.04,533925.34
P0009,303,Equipment,Compactor,hour,1134,99.57,112917.55
P0009,400,Fuel,Diesel,gallon,20036,3.98,79722.35
P0009,500,Subcontractor,Concrete Work,job,2,29285.59,58571.19
P0009,501,Subcontractor,Utility Work,job,1,24685.42,24685.42
P0010,100,Labor,General Labor,hour,5236,31.68,165878.77
P0010,101,Labor,Equipment Operators,hour,6055,44.79,271179.37
P0010,102,Labor,Supervisors,hour,10189,52.66,536568.99
P0010,103,Labor,Skilled Labor,hour,5885,49.41,290804.19
P0010,200,Materials,Gravel,ton,10838,37.23,403505.73
P0010,201,Materials,Concrete,cubic_yard,9883,152.32,1505399.13
P0010,202,Materials,Asphalt,ton,9762,86.27,842158.55
P0010,203,Materials,Topsoil,cubic_yard,10275,35.91,368947.79
P0010,300,Equipment,Excavator,hour,2265,140.99,319350.26
P0010,301,Equipment,Bulldozer,hour,4296,137.96,592663.48
P0010,302,Equipment,Loader,hour,2443,129.83,317174.59
P0010,303,Equipment,Compactor,hour,3578,99.77,356961.6
P0010,400,Fuel,Diesel,gallon,39817,3.98,158323.52
P0010,500,Subcontractor,Concrete Work,job,5,29601.77,148008.84
P0010,501,Subcontractor,Utility Work,job,6,23025.99,138155.93
P0011,100,Labor,General Labor,hour,2227,36.02,80215.2
P0011,101,Labor,Equipment Operators,hour,2529,40.35,102044.44
P0011,102,Labor,Supervisors,hour,1241,54.3,67384.31
P0011,103,Labor,Skilled Labor,hour,1007,46.56,46887.01
P0011,200,Materials,Gravel,ton,956,38.72,37012.46
P0011,201,Materials,Concrete,cubic_yard,1502,156.33,234809.25
P0011,202,Materials,Asphalt,ton,1340,96.21,128921.5
P0011,203,Materials,Topsoil,cubic_yard,435,42.27,18385.42
P0011,300,Equipment,Excavator,hour,636,128.13,81488.97
P0011,301,Equipment,Bulldozer,hour,361,171.22,61811.77
P0011,302,Equipment,Loader,hour,1051,117.77,123780.35
P0011,303,Equipment,Compactor,hour,1090,95.43,104015.38
P0011,400,Fuel,Diesel,gallon,9973,3.58,35751.57
P0011,500,Subcontractor,Concrete Work,job,1,26758.93,26758.93
P0011,501,Subcontractor,Utility Work,job,1,22738.56,22738.56
P0012,100,Labor,General Labor,hour,19202,32.39,622024.29
P0012,101,Labor,Equipment Operators,hour,22519,42.33,953189.36
P0012,102,Labor,Supervisors,hour,14962,60.97,912211.97
P0012,103,Labor,Skilled Labor,hour,5944,50.56,300534.05
P0012,200,Materials,Gravel,ton,3179,35.28,112158.65
P0012,201,Materials,Concrete,cubic_yard,12308,148.55,1828332.23
P0012,202,Materials,Asphalt,ton,17028,93.72,1595872.76
P0012,203,Materials,Topsoil,cubic_yard,20540,38.0,780551.76
P0012,300,Equipment,Excavator,hour,9775,153.95,1504889.93
P0012,301,Equipment,Bulldozer,hour,11057,166.81,1844378.2
P0012,302,Equipment,Loader,hour,1135,136.58,155013.03
P0012,303,Equipment,Compactor,hour,4157,87.62,364253.9
P0012,400,Fuel,Diesel,gallon,52403,4.03,211197.69
P0012,500,Subcontractor,Concrete Work,job,6,29272.97,175637.83
P0012,501,Subcontractor,Utility Work,job,12,24500.05,294000.6
P0013,100,Labor,General Labor,hour,6014,35.64,214344.01
P0013,101,Labor,Equipment Operators,hour,7615,43.02,327580.36
P0013,102,Labor,Supervisors,hour,16199,51.79,839003.63
P0013,103,Labor,Skilled Labor,hour,14124,50.39,711704.34
P0013,200,Materials,Gravel,ton,6777,37.49,254091.39
P0013,201,Materials,Concrete,cubic_yard,5197,164.35,854102.73
P0013,202,Materials,Asphalt,ton,14329,96.53,1383217.77
P0013,203,Materials,Topsoil,cubic_yard,9611,38.11,366320.91
P0013,300,Equipment,Excavator,hour,6403,129.97,832204.47
P0013,301,Equipment,Bulldozer,hour,8257,141.54,1168721.91
P0013,302,Equipment,Loader,hour,6010,121.87,732456.45
P0013,303,Equipment,Compactor,hour,7057,90.06,635553.74
P0013,400,Fuel,Diesel,gallon,70901,4.11,291102.06
P0013,500,Subcontractor,Concrete Work,job,2,26093.07,52186.14
P0013,501,Subcontractor,Utility Work,job,3,22769.7,68309.11
P0014,100,Labor,General Labor,hour,9097,31.86,289863.32
P0014,101,Labor,Equipment Operators,hour,3258,45.39,147895.55
P0014,102,Labor,Supervisors,hour,2634,62.75,165278.71
P0014,103,Labor,Skilled Labor,hour,6186,47.56,294232.39
P0014,200,Materials,Gravel,ton,9942,34.5,343036.45
P0014,201,Materials,Concrete,cubic_yard,6272,129.27,810771.2
P0014,202,Materials,Asphalt,ton,6678,104.1,695198.11
P0014,203,Materials,Topsoil,cubic_yard,10544,38.09,401591.78
P0014,300,Equipment,Excavator,hour,2934,149.77,439430.75
P0014,301,Equipment,Bulldozer,hour,2532,166.48,421539.8
P0014,302,Equipment,Loader,hour,6441,121.69,783800.12
P0014,303,Equipment,Compactor,hour,3985,94.07,374852.9
P0014,400,Fuel,Diesel,gallon,18157,4.22,76573.24
P0014,500,Subcontractor,Concrete Work,job,2,26765.01,53530.02
P0014,501,Subcontractor,Utility Work,job,2,21961.94,43923.87
P0015,100,Labor,General Labor,hour,2633,30.57,80477.66
P0015,101,Labor,Equipment Operators,hour,2968,39.84,118256.01
P0015,102,Labor,Supervisors,hour,3792,61.78,234269.9
P0015,103,Labor,Skilled Labor,hour,2651,52.25,138509.2
P0015,200,Materials,Gravel,ton,4059,32.96,133784.98
P0015,201,Materials,Concrete,cubic_yard,813,150.06,121999.98
P0015,202,Materials,Asphalt,ton,2659,101.88,270901.5
P0015,203,Materials,Topsoil,cubic_yard,2863,35.52,101680.57
P0015,300,Equipment,Excavator,hour,1631,143.66,234306.57
P0015,301,Equipment,Bulldozer,hour,1652,151.5,250280.33
P0015,302,Equipment,Loader,hour,1233,118.05,145556.87
P0015,303,Equipment,Compactor,hour,1189,97.64,116090.95
P0015,400,Fuel,Diesel,gallon,1629,4.12,6712.54
P0015,500,Subcontractor,Concrete Work,job,2,28029.12,56058.23
P0015,501,Subcontractor,Utility Work,job,1,24090.47,24090.47
P0016,100,Labor,General Labor,hour,6971,30.82,214874.68
P0016,101,Labor,Equipment Operators,hour,4344,39.88,173246.96
P0016,102,Labor,Supervisors,hour,5695,59.07,336384.56
P0016,103,Labor,Skilled Labor,hour,1323,53.8,71176.62
P0016,200,Materials,Gravel,ton,668,36.42,24330.21
P0016,201,Materials,Concrete,cubic_yard,4820,148.18,714235.87
P0016,202,Materials,Asphalt,ton,2930,98.62,288947.51
P0016,203,Materials,Topsoil,cubic_yard,4218,36.13,152401.63
P0016,300,Equipment,Excavator,hour,1802,129.23,232865.98
P0016,301,Equipment,Bulldozer,hour,4486,178.86,802377.8
P0016,302,Equipment,Loader,hour,3990,124.84,498120.34
P0016,303,Equipment,Compactor,hour,740,101.3,74965.41
P0016,400,Fuel,Diesel,gallon,17974,3.38,60803.22
P0016,500,Subcontractor,Concrete Work,job,1,27065.54,27065.54
P0016,501,Subcontractor,Utility Work,job,1,22981.12,22981.12
P0017,100,Labor,General Labor,hour,1674,36.73,61489.74
P0017,101,Labor,Equipment Operators,hour,1481,42.08,62318.94
P0017,102,Labor,Supervisors,hour,1937,56.87,110165.87
P0017,103,Labor,Skilled Labor,hour,802,43.52,34901.88
P0017,200,Materials,Gravel,ton,1753,35.29,61862.55
P0017,201,Materials,Concrete,cubic_yard,91,139.49,12693.3
P0017,202,Materials,Asphalt,ton,1050,95.19,99948.88
P0017,203,Materials,Topsoil,cubic_yard,1213,41.43,50256.08
P0017,300,Equipment,Excavator,hour,568,137.88,78318.0
P0017,301,Equipment,Bulldozer,hour,724,145.48,105327.56
P0017,302,Equipment,Loader,hour,358,125.04,44764.32
P0017,303,Equipment,Compactor,hour,1286,98.54,126726.45
P0017,400,Fuel,Diesel,gallon,4642,3.77,17511.95
P0017,500,Subcontractor,Concrete Work,job,1,28374.2,28374.2
P0017,501,Subcontractor,Utility Work,job,1,22249.56,22249.56
P0018,100,Labor,General Labor,hour,24972,34.0,848945.59
P0018,101,Labor,Equipment Operators,hour,21987,40.65,893841.02
P0018,102,Labor,Supervisors,hour,26334,61.88,1629671.07
P0018,103,Labor,Skilled Labor,hour,28788,48.58,1398556.71
P0018,200,Materials,Gravel,ton,15246,36.44,555624.42
P0018,201,Materials,Concrete,cubic_yard,14890,158.94,2366563.63
P0018,202,Materials,Asphalt,ton,1898,95.23,180745.09
P0018,203,Materials,Topsoil,cubic_yard,16854,41.76,703830.6
P0018,300,Equipment,Excavator,hour,4760,152.8,727322.79
P0018,301,Equipment,Bulldozer,hour,10109,152.03,1536868.04
P0018,302,Equipment,Loader,hour,1329,117.57,156245.01
P0018,303,Equipment,Compactor,hour,12752,92.78,1183117.28
P0018,400,Fuel,Diesel,gallon,58616,3.78,221678.48
P0018,500,Subcontractor,Concrete Work,job,12,27898.21,334778.53
P0018,501,Subcontractor,Utility Work,job,11,21298.65,234285.16
P0019,100,Labor,General Labor,hour,21953,33.76,741191.67
P0019,101,Labor,Equipment Operators,hour,25172,43.97,1106747.58
P0019,102,Labor,Supervisors,hour,22442,55.07,1235962.07
P0019,103,Labor,Skilled Labor,hour,22415,51.38,1151630.84
P0019,200,Materials,Gravel,ton,36566,35.01,1280290.64
P0019,201,Materials,Concrete,cubic_yard,25219,148.55,3746240.14
P0019,202,Materials,Asphalt,ton,9800,101.1,990747.11
P0019,203,Materials,Topsoil,cubic_yard,31964,41.26,1318879.35
P0019,300,Equipment,Excavator,hour,4427,135.81,601234.75
P0019,301,Equipment,Bulldozer,hour,13744,170.38,2341702.28
P0019,302,Equipment,Loader,hour,4373,119.2,521258.41
P0019,303,Equipment,Compactor,hour,2522,96.1,242358.51
P0019,400,Fuel,Diesel,gallon,45255,3.81,172294.71
P0019,500,Subcontractor,Concrete Work,job,3,31005.94,93017.82
P0019,501,Subcontractor,Utility Work,job,15,21763.2,326447.96
P0020,100,Labor,General Labor,hour,13325,31.98,426154.39
P0020,101,Labor,Equipment Operators,hour,10038,42.57,427308.05
P0020,102,Labor,Supervisors,hour,9729,55.9,543810.81
P0020,103,Labor,Skilled Labor,hour,10493,48.68,510841.86
P0020,200,Materials,Gravel,ton,7311,36.6,267614.77
P0020,201,Materials,Concrete,cubic_yard,1894,154.95,293466.98
P0020,202,Materials,Asphalt,ton,14942,89.43,1336325.85
P0020,203,Materials,Topsoil,cubic_yard,7754,39.65,307453.84
P0020,300,Equipment,Excavator,hour,6161,117.73,725308.38
P0020,301,Equipment,Bulldozer,hour,5483,170.46,934617.59
P0020,302,Equipment,Loader,hour,4877,110.4,538437.71
P0020,303,Equipment,Compactor,hour,5309,92.79,492627.84
P0020,400,Fuel,Diesel,gallon,17110,4.05,69244.85
P0020,500,Subcontractor,Concrete Work,job,6,27292.11,163752.69
P0020,501,Subcontractor,Utility Work,job,6,22037.22,132223.32
P0021,100,Labor,General Labor,hour,11662,32.92,383945.95
P0021,101,Labor,Equipment Operators,hour,14341,42.59,610744.42
P0021,102,Labor,Supervisors,hour,4391,64.96,285231.68
P0021,103,Labor,Skilled Labor,hour,25275,46.91,1185630.54
P0021,200,Materials,Gravel,ton,4945,33.6,166150.89
P0021,201,Materials,Concrete,cubic_yard,8773,168.85,1481281.75
P0021,202,Materials,Asphalt,ton,2410,107.1,258111.22
P0021,203,Materials,Topsoil,cubic_yard,3913,36.92,144471.37
P0021,300,Equipment,Excavator,hour,530,130.33,69074.99
P0021,301,Equipment,Bulldozer,hour,4733,160.31,758736.75
P0021,302,Equipment,Loader,hour,4224,126.17,532960.42
P0021,303,Equipment,Compactor,hour,1006,89.85,90388.29
P0021,400,Fuel,Diesel,gallon,51170,4.23,216385.35
P0021,500,Subcontractor,Concrete Work,job,3,30906.46,92719.38
P0021,501,Subcontractor,Utility Work,job,7,25147.67,176033.71
P0022,100,Labor,General Labor,hour,12239,32.6,399026.85
P0022,101,Labor,Equipment Operators,hour,14930,44.11,658600.95
P0022,102,Labor,Supervisors,hour,9186,59.32,544916.2
P0022,103,Labor,Skilled Labor,hour,9287,49.34,458223.06
P0022,200,Materials,Gravel,ton,11618,32.79,380961.66
P0022,201,Materials,Concrete,cubic_yard,8998,159.78,1437682.34
P0022,202,Materials,Asphalt,ton,1162,85.98,99907.59
P0022,203,Materials,Topsoil,cubic_yard,3520,37.75,132876.83
P0022,300,Equipment,Excavator,hour,7968,153.41,1222371.64
P0022,301,Equipment,Bulldozer,hour,5051,165.78,837340.92
P0022,302,Equipment,Loader,hour,3352,130.2,436420.73
P0022,303,Equipment,Compactor,hour,641,107.05,68620.03
P0022,400,Fuel,Diesel,gallon,51336,3.62,186078.08
P0022,500,Subcontractor,Concrete Work,job,8,31666.54,253332.32
P0022,501,Subcontractor,Utility Work,job,3,22741.65,68224.95
P0023,100,Labor,General Labor,hour,15930,33.97,541159.16
P0023,101,Labor,Equipment Operators,hour,5250,41.43,217531.7
P0023,102,Labor,Supervisors,hour,16654,57.3,954326.28
P0023,103,Labor,Skilled Labor,hour,7240,46.9,339527.1
P0023,200,Materials,Gravel,ton,12597,33.45,421392.36
P0023,201,Materials,Concrete,cubic_yard,11848,151.82,1798745.71
P0023,202,Materials,Asphalt,ton,8791,89.19,784054.6
P0023,203,Materials,Topsoil,cubic_yard,17220,39.87,686646.64
P0023,300,Equipment,Excavator,hour,1140,147.27,167884.85
P0023,301,Equipment,Bulldozer,hour,1861,144.03,268047.08
P0023,302,Equipment,Loader,hour,4732,134.2,635052.65
P0023,303,Equipment,Compactor,hour,2955,97.22,287297.27
P0023,400,Fuel,Diesel,gallon,67452,3.91,263778.35
P0023,500,Subcontractor,Concrete Work,job,8,26597.65,212781.19
P0023,501,Subcontractor,Utility Work,job,8,24260.82,194086.6
P0024,100,Labor,General Labor,hour,5441,34.99,190392.33
P0024,101,Labor,Equipment Operators,hour,3770,46.84,176577.35
P0024,102,Labor,Supervisors,hour,7943,51.49,409023.29
P0024,103,Labor,Skilled Labor,hour,3526,55.26,194850.78
P0024,200,Materials,Gravel,ton,11651,39.41,459143.27
P0024,201,Materials,Concrete,cubic_yard,2227,133.34,296942.15
P0024,202,Materials,Asphalt,ton,4803,105.71,507717.88
P0024,203,Materials,Topsoil,cubic_yard,17008,38.19,649550.19
P0024,300,Equipment,Excavator,hour,5240,136.03,712810.12
P0024,301,Equipment,Bulldozer,hour,2074,155.92,323373.67
P0024,302,Equipment,Loader,hour,10526,132.58,1395523.93
P0024,303,Equipment,Compactor,hour,6927,91.82,636046.71
P0024,400,Fuel,Diesel,gallon,8546,4.07,34819.72
P0024,500,Subcontractor,Concrete Work,job,9,27636.57,248729.12
P0024,501,Subcontractor,Utility Work,job,8,23658.28,189266.22
P0025,100,Labor,General Labor,hour,3244,32.1,104136.08
P0025,101,Labor,Equipment Operators,hour,4777,42.35,202316.68
P0025,102,Labor,Supervisors,hour,5134,64.0,328571.7
P0025,103,Labor,Skilled Labor,hour,2218,49.8,110463.29
P0025,200,Materials,Gravel,ton,3560,36.38,129510.16
P0025,201,Materials,Concrete,cubic_yard,3756,143.3,538223.39
P0025,202,Materials,Asphalt,ton,3988,84.94,338738.0
P0025,203,Materials,Topsoil,cubic_yard,4168,43.11,179669.21
P0025,300,Equipment,Excavator,hour,1054,130.23,137265.67
P0025,301,Equipment,Bulldozer,hour,1441,149.85,215934.68
P0025,302,Equipment,Loader,hour,311,127.22,39566.89
P0025,303,Equipment,Compactor,hour,2376,88.34,209901.77
P0025,400,Fuel,Diesel,gallon,22996,3.68,84600.7
P0025,500,Subcontractor,Concrete Work,job,1,31575.96,31575.96
P0025,501,Subcontractor,Utility Work,job,3,22531.72,67595.16
P0026,100,Labor,General Labor,hour,7747,34.27,265496.85
P0026,101,Labor,Equipment Operators,hour,12536,41.32,518016.69
P0026,102,Labor,Supervisors,hour,13834,48.58,672104.39
P0026,103,Labor,Skilled Labor,hour,29415,52.9,1555985.0
P0026,200,Materials,Gravel,ton,24318,35.13,854200.68
P0026,201,Materials,Concrete,cubic_yard,2031,139.5,283329.18
P0026,202,Materials,Asphalt,ton,22516,96.75,2178469.74
P0026,203,Materials,Topsoil,cubic_yard,8146,33.93,276373.66
P0026,300,Equipment,Excavator,hour,658,140.95,92745.13
P0026,301,Equipment,Bulldozer,hour,11572,162.55,1881019.99
P0026,302,Equipment,Loader,hour,10120,113.8,1151625.29
P0026,303,Equipment,Compactor,hour,3302,97.23,321067.07
P0026,400,Fuel,Diesel,gallon,36806,3.9,143517.66
P0026,500,Subcontractor,Concrete Work,job,10,28791.48,287914.78
P0026,501,Subcontractor,Utility Work,job,6,21999.87,131999.2
P0027,100,Labor,General Labor,hour,9845,34.24,337140.19
P0027,101,Labor,Equipment Operators,hour,12858,39.71,510552.02
P0027,102,Labor,Supervisors,hour,9495,56.33,534813.3
P0027,103,Labor,Skilled Labor,hour,18527,49.92,924778.07
P0027,200,Materials,Gravel,ton,2224,31.51,70085.12
P0027,201,Materials,Concrete,cubic_yard,12499,147.14,1839074.34
P0027,202,Materials,Asphalt,ton,11238,101.54,1141150.86
P0027,203,Materials,Topsoil,cubic_yard,11496,39.51,454247.17
P0027,300,Equipment,Excavator,hour,718,149.12,107068.06
P0027,301,Equipment,Bulldozer,hour,3251,150.53,489363.66
P0027,302,Equipment,Loader,hour,8401,128.2,1077041.39
P0027,303,Equipment,Compactor,hour,3655,90.4,330401.37
P0027,400,Fuel,Diesel,gallon,33209,3.83,127164.17
P0027,500,Subcontractor,Concrete Work,job,4,25533.61,102134.43
P0027,501,Subcontractor,Utility Work,job,8,23387.89,187103.14
P0028,100,Labor,General Labor,hour,15877,33.72,535451.7
P0028,101,Labor,Equipment Operators,hour,10090,43.04,434225.51
P0028,102,Labor,Supervisors,hour,13117,57.51,754345.85
P0028,103,Labor,Skilled Labor,hour,15567,47.31,736461.59
P0028,200,Materials,Gravel,ton,17577,36.79,646644.62
P0028,201,Materials,Concrete,cubic_yard,9715,139.98,1359892.74
P0028,202,Materials,Asphalt,ton,7804,76.1,593869.5
P0028,203,Materials,Topsoil,cubic_yard,5399,39.49,213193.2
P0028,300,Equipment,Excavator,hour,7219,127.87,923100.31
P0028,301,Equipment,Bulldozer,hour,1198,167.55,200726.06
P0028,302,Equipment,Loader,hour,3422,119.02,407301.3
P0028,303,Equipment,Compactor,hour,4938,98.28,485313.9
P0028,400,Fuel,Diesel,gallon,39140,3.94,154312.55
P0028,500,Subcontractor,Concrete Work,job,4,28413.41,113653.63
P0028,501,Subcontractor,Utility Work,job,6,24233.65,145401.92
P0029,100,Labor,General Labor,hour,3453,34.74,119962.58
P0029,101,Labor,Equipment Operators,hour,17989,41.19,741035.04
P0029,102,Labor,Supervisors,hour,6110,54.44,332645.31
P0029,103,Labor,Skilled Labor,hour,9475,47.29,448100.26
P0029,200,Materials,Gravel,ton,13139,36.14,474811.7
P0029,201,Materials,Concrete,cubic_yard,1451,141.28,204992.2
P0029,202,Materials,Asphalt,ton,4579,93.87,429837.29
P0029,203,Materials,Topsoil,cubic_yard,18999,39.27,746018.26
P0029,300,Equipment,Excavator,hour,7409,155.42,1151479.68
P0029,301,Equipment,Bulldozer,hour,7760,164.28,1274797.2
P0029,302,Equipment,Loader,hour,7630,130.24,993696.08
P0029,303,Equipment,Compactor,hour,3503,90.94,318567.82
P0029,400,Fuel,Diesel,gallon,25655,4.01,102840.32
P0029,500,Subcontractor,Concrete Work,job,2,27911.1,55822.19
P0029,501,Subcontractor,Utility Work,job,9,22441.5,201973.49
P0030,100,Labor,General Labor,hour,7495,32.93,246801.06
P0030,101,Labor,Equipment Operators,hour,4458,40.75,181678.56
P0030,102,Labor,Supervisors,hour,16900,54.44,920091.15
P0030,103,Labor,Skilled Labor,hour,11134,49.71,553418.78
P0030,200,Materials,Gravel,ton,2020,30.18,60959.19
P0030,201,Materials,Concrete,cubic_yard,12555,160.44,2014328.77
P0030,202,Materials,Asphalt,ton,9944,108.6,1079913.72
P0030,203,Materials,Topsoil,cubic_yard,5463,37.05,202391.26
P0030,300,Equipment,Excavator,hour,6429,143.34,921534.14
P0030,301,Equipment,Bulldozer,hour,5551,143.87,798636.88
P0030,302,Equipment,Loader,hour,5400,125.85,679571.01
P0030,303,Equipment,Compactor,hour,4783,97.67,467161.67
P0030,400,Fuel,Diesel,gallon,46001,3.68,169368.75
P0030,500,Subcontractor,Concrete Work,job,5,30261.05,151305.26
P0030,501,Subcontractor,Utility Work,job,5,21366.03,106830.16
P0031,100,Labor,General Labor,hour,1453,34.87,50661.77
P0031,101,Labor,Equipment Operators,hour,1771,45.4,80406.39
P0031,102,Labor,Supervisors,hour,2725,52.95,144275.94
P0031,103,Labor,Skilled Labor,hour,1921,48.68,93518.66
P0031,200,Materials,Gravel,ton,165,30.84,5088.82
P0031,201,Materials,Concrete,cubic_yard,1943,159.82,310531.52
P0031,202,Materials,Asphalt,ton,1189,101.27,120415.16
P0031,203,Materials,Topsoil,cubic_yard,2565,41.3,105930.5
P0031,300,Equipment,Excavator,hour,2305,149.03,343521.59
P0031,301,Equipment,Bulldozer,hour,1037,142.05,147308.25
P0031,302,Equipment,Loader,hour,2452,137.65,337523.58
P0031,303,Equipment,Compactor,hour,526,85.81,45135.33
P0031,400,Fuel,Diesel,gallon,4102,3.86,15813.63
P0031,500,Subcontractor,Concrete Work,job,3,29892.0,89676.01
P0031,501,Subcontractor,Utility Work,job,3,21714.0,65142.01
P0032,100,Labor,General Labor,hour,7475,28.7,214498.64
P0032,101,Labor,Equipment Operators,hour,6502,40.07,260526.96
P0032,102,Labor,Supervisors,hour,19866,59.29,1177882.14
P0032,103,Labor,Skilled Labor,hour,22760,51.65,1175544.22
P0032,200,Materials,Gravel,ton,1109,31.79,35260.27
P0032,201,Materials,Concrete,cubic_yard,12932,166.71,2155907.38
P0032,202,Materials,Asphalt,ton,27368,101.91,2789196.39
P0032,203,Materials,Topsoil,cubic_yard,14987,38.69,579800.11
P0032,300,Equipment,Excavator,hour,2496,130.82,326515.08
P0032,301,Equipment,Bulldozer,hour,9546,155.76,1486901.75
P0032,302,Equipment,Loader,hour,9374,119.77,1122754.56
P0032,303,Equipment,Compactor,hour,7640,86.93,664158.33
P0032,400,Fuel,Diesel,gallon,50570,3.58,181047.51
P0032,500,Subcontractor,Concrete Work,job,8,31883.29,255066.31
P0032,501,Subcontractor,Utility Work,job,6,21964.59,131787.55
P0033,100,Labor,General Labor,hour,3969,30.72,121933.66
P0033,101,Labor,Equipment Operators,hour,1151,43.35,49897.31
P0033,102,Labor,Supervisors,hour,6321,52.01,328749.98
P0033,103,Labor,Skilled Labor,hour,3218,51.6,166041.59
P0033,200,Materials,Gravel,ton,2681,35.81,96016.5
P0033,201,Materials,Concrete,cubic_yard,3506,147.2,516100.21
P0033,202,Materials,Asphalt,ton,8021,92.31,740388.42
P0033,203,Materials,Topsoil,cubic_yard,4900,37.82,185341.73
P0033,300,Equipment,Excavator,hour,3794,127.15,482418.66
P0033,301,Equipment,Bulldozer,hour,2674,164.24,439190.3
P0033,302,Equipment,Loader,hour,3700,111.58,412845.77
P0033,303,Equipment,Compactor,hour,3468,96.88,335985.65
P0033,400,Fuel,Diesel,gallon,29857,3.48,103833.15
P0033,500,Subcontractor,Concrete Work,job,4,26665.48,106661.9
P0033,501,Subcontractor,Utility Work,job,3,24220.74,72662.21
P0034,100,Labor,General Labor,hour,5834,30.95,180568.0
P0034,101,Labor,Equipment Operators,hour,1702,47.49,80832.72
P0034,102,Labor,Supervisors,hour,2719,49.99,135910.4
P0034,103,Labor,Skilled Labor,hour,2808,46.04,129281.75
P0034,200,Materials,Gravel,ton,2256,37.97,85661.72
P0034,201,Materials,Concrete,cubic_yard,281,151.09,42456.98
P0034,202,Materials,Asphalt,ton,627,95.66,59975.84
P0034,203,Materials,Topsoil,cubic_yard,5074,41.93,212760.07
P0034,300,Equipment,Excavator,hour,260,135.55,35243.64
P0034,301,Equipment,Bulldozer,hour,366,155.58,56942.6
P0034,302,Equipment,Loader,hour,2023,120.4,243577.46
P0034,303,Equipment,Compactor,hour,2253,102.31,230505.32
P0034,400,Fuel,Diesel,gallon,16572,3.94,65271.03
P0034,500,Subcontractor,Concrete Work,job,3,29025.08,87075.24
P0034,501,Subcontractor,Utility Work,job,2,23562.01,47124.03
P0035,100,Labor,General Labor,hour,2915,30.96,90241.98
P0035,101,Labor,Equipment Operators,hour,4614,46.23,213320.66
P0035,102,Labor,Supervisors,hour,3708,53.12,196968.9
P0035,103,Labor,Skilled Labor,hour,5337,47.5,253493.73
P0035,200,Materials,Gravel,ton,873,34.88,30449.52
P0035,201,Materials,Concrete,cubic_yard,1042,139.32,145172.51
P0035,202,Materials,Asphalt,ton,2370,97.45,230959.27
P0035,203,Materials,Topsoil,cubic_yard,2623,38.81,101799.55
P0035,300,Equipment,Excavator,hour,945,131.69,124442.83
P0035,301,Equipment,Bulldozer,hour,931,184.17,171462.42
P0035,302,Equipment,Loader,hour,2234,115.16,257259.84
P0035,303,Equipment,Compactor,hour,2443,103.31,252392.6
P0035,400,Fuel,Diesel,gallon,6202,4.05,25106.27
P0035,500,Subcontractor,Concrete Work,job,2,29719.78,59439.56
P0035,501,Subcontractor,Utility Work,job,1,20279.56,20279.56
P0036,100,Labor,General Labor,hour,3595,33.11,119040.38
P0036,101,Labor,Equipment Operators,hour,17535,43.84,768670.62
P0036,102,Labor,Supervisors,hour,2370,59.98,142142.41
P0036,103,Labor,Skilled Labor,hour,15430,53.31,822536.27
P0036,200,Materials,Gravel,ton,9855,36.9,363653.61
P0036,201,Materials,Concrete,cubic_yard,8188,126.72,1037580.54
P0036,202,Materials,Asphalt,ton,20618,98.98,2040725.24
P0036,203,Materials,Topsoil,cubic_yard,7392,38.17,282166.68
P0036,300,Equipment,Excavator,hour,7890,139.97,1104353.04
P0036,301,Equipment,Bulldozer,hour,765,171.46,131166.5
P0036,302,Equipment,Loader,hour,1994,116.67,232638.15
P0036,303,Equipment,Compactor,hour,5648,96.08,542672.39
P0036,400,Fuel,Diesel,gallon,5034,4.52,22750.31
P0036,500,Subcontractor,Concrete Work,job,10,29109.99,291099.92
P0036,501,Subcontractor,Utility Work,job,8,22195.02,177560.15
P0037,100,Labor,General Labor,hour,13622,35.58,484624.78
P0037,101,Labor,Equipment Operators,hour,7561,39.37,297693.65
P0037,102,Labor,Supervisors,hour,25717,62.51,1607443.67
P0037,103,Labor,Skilled Labor,hour,19266,44.45,856418.22
P0037,200,Materials,Gravel,ton,22250,31.95,710853.05
P0037,201,Materials,Concrete,cubic_yard,22015,159.78,3517463.85
P0037,202,Materials,Asphalt,ton,25222,102.63,2588557.47
P0037,203,Materials,Topsoil,cubic_yard,7095,41.19,292219.39
P0037,300,Equipment,Excavator,hour,12927,144.96,1873853.72
P0037,301,Equipment,Bulldozer,hour,3033,142.9,433422.19
P0037,302,Equipment,Loader,hour,5804,113.14,656647.73
P0037,303,Equipment,Compactor,hour,10387,101.27,1051854.1
P0037,400,Fuel,Diesel,gallon,54769,3.67,201159.85
P0037,500,Subcontractor,Concrete Work,job,14,29111.78,407564.97
P0037,501,Subcontractor,Utility Work,job,10,21321.3,213212.98
P0038,100,Labor,General Labor,hour,24947,34.4,858300.11
P0038,101,Labor,Equipment Operators,hour,33551,43.68,1465541.65
P0038,102,Labor,Supervisors,hour,17189,52.09,895419.65
P0038,103,Labor,Skilled Labor,hour,25157,47.3,1189965.24
P0038,200,Materials,Gravel,ton,19305,37.69,727573.54
P0038,201,Materials,Concrete,cubic_yard,9997,150.04,1499906.97
P0038,202,Materials,Asphalt,ton,22911,105.29,2412399.35
P0038,203,Materials,Topsoil,cubic_yard,16450,35.86,589819.48
P0038,300,Equipment,Excavator,hour,1721,131.62,226524.48
P0038,301,Equipment,Bulldozer,hour,7711,156.33,1205433.51
P0038,302,Equipment,Loader,hour,7707,108.84,838848.87
P0038,303,Equipment,Compactor,hour,7226,101.29,731944.65
P0038,400,Fuel,Diesel,gallon,81497,4.02,327283.88
P0038,500,Subcontractor,Concrete Work,job,2,27568.66,55137.31
P0038,501,Subcontractor,Utility Work,job,14,23654.16,331158.26
P0039,100,Labor,General Labor,hour,26161,33.14,866971.08
P0039,101,Labor,Equipment Operators,hour,18762,42.59,799130.79
P0039,102,Labor,Supervisors,hour,10867,54.14,588375.62
P0039,103,Labor,Skilled Labor,hour,24238,47.36,1147889.53
P0039,200,Materials,Gravel,ton,25181,33.42,841560.6
P0039,201,Materials,Concrete,cubic_yard,22788,157.33,3585338.28
P0039,202,Materials,Asphalt,ton,10355,90.78,940018.28
P0039,203,Materials,Topsoil,cubic_yard,3437,40.53,139287.59
P0039,300,Equipment,Excavator,hour,3150,147.23,463777.33
P0039,301,Equipment,Bulldozer,hour,2312,142.65,329806.4
P0039,302,Equipment,Loader,hour,6910,110.15,761154.96
P0039,303,Equipment,Compactor,hour,2691,97.52,262438.1
P0039,400,Fuel,Diesel,gallon,52208,4.03,210208.07
P0039,500,Subcontractor,Concrete Work,job,4,25758.36,103033.45
P0039,501,Subcontractor,Utility Work,job,13,23236.25,302071.21
P0040,100,Labor,General Labor,hour,3304,29.75,98284.82
P0040,101,Labor,Equipment Operators,hour,18706,43.22,808510.44
P0040,102,Labor,Supervisors,hour,13787,58.3,803747.31
P0040,103,Labor,Skilled Labor,hour,4998,46.97,234738.75
P0040,200,Materials,Gravel,ton,10336,34.56,357237.44
P0040,201,Materials,Concrete,cubic_yard,17253,147.51,2544919.12
P0040,202,Materials,Asphalt,ton,10645,90.76,966089.17
P0040,203,Materials,Topsoil,cubic_yard,8601,37.3,320827.0
P0040,300,Equipment,Excavator,hour,10822,146.63,1586790.8
P0040,301,Equipment,Bulldozer,hour,6194,162.68,1007655.21
P0040,302,Equipment,Loader,hour,3955,116.96,462587.75
P0040,303,Equipment,Compactor,hour,2665,100.06,266670.94
P0040,400,Fuel,Diesel,gallon,28669,4.22,120880.54
P0040,500,Subcontractor,Concrete Work,job,11,28347.57,311823.27
P0040,501,Subcontractor,Utility Work,job,5,21106.39,105531.93
P0041,100,Labor,General Labor,hour,20778,29.65,615981.08
P0041,101,Labor,Equipment Operators,hour,29309,41.37,1212623.08
P0041,102,Labor,Supervisors,hour,25922,50.95,1320676.5
P0041,103,Labor,Skilled Labor,hour,34962,49.52,1731259.02
P0041,200,Materials,Gravel,ton,32747,33.62,1100801.79
P0041,201,Materials,Concrete,cubic_yard,10601,137.03,1452671.81
P0041,202,Materials,Asphalt,ton,27888,97.06,2706865.95
P0041,203,Materials,Topsoil,cubic_yard,17013,37.33,635125.08
P0041,300,Equipment,Excavator,hour,11491,123.06,1414081.12
P0041,301,Equipment,Bulldozer,hour,4825,140.5,677934.16
P0041,302,Equipment,Loader,hour,5205,128.17,667137.1
P0041,303,Equipment,Compactor,hour,10368,109.29,1133132.87
P0041,400,Fuel,Diesel,gallon,25213,3.56,89633.13
P0041,500,Subcontractor,Concrete Work,job,14,27926.17,390966.42
P0041,501,Subcontractor,Utility Work,job,15,19386.4,290795.95
P0042,100,Labor,General Labor,hour,2355,36.3,85479.55
P0042,101,Labor,Equipment Operators,hour,4825,43.41,209476.65
P0042,102,Labor,Supervisors,hour,2762,56.23,155299.61
P0042,103,Labor,Skilled Labor,hour,2395,49.55,118683.2
P0042,200,Materials,Gravel,ton,6629,36.23,240156.2
P0042,201,Materials,Concrete,cubic_yard,5846,150.41,879284.25
P0042,202,Materials,Asphalt,ton,2089,95.97,200487.47
P0042,203,Materials,Topsoil,cubic_yard,3855,35.78,137937.48
P0042,300,Equipment,Excavator,hour,2533,126.11,319427.92
P0042,301,Equipment,Bulldozer,hour,1496,163.03,243894.11
P0042,302,Equipment,Loader,hour,496,131.81,65376.15
P0042,303,Equipment,Compactor,hour,277,88.98,24648.63
P0042,400,Fuel,Diesel,gallon,12310,3.66,45083.41
P0042,500,Subcontractor,Concrete Work,job,2,27939.84,55879.68
P0042,501,Subcontractor,Utility Work,job,3,23572.39,70717.18
P0043,100,Labor,General Labor,hour,8802,34.59,304424.9
P0043,101,Labor,Equipment Operators,hour,20061,44.3,888766.49
P0043,102,Labor,Supervisors,hour,4531,54.22,245650.49
P0043,103,Labor,Skilled Labor,hour,19895,47.01,935180.24
P0043,200,Materials,Gravel,ton,17738,38.92,690356.44
P0043,201,Materials,Concrete,cubic_yard,29231,169.71,4960843.37
P0043,202,Materials,Asphalt,ton,18866,89.02,1679357.85
P0043,203,Materials,Topsoil,cubic_yard,3439,37.88,130280.79
P0043,300,Equipment,Excavator,hour,14052,149.35,2098729.04
P0043,301,Equipment,Bulldozer,hour,3684,146.66,540287.94
P0043,302,Equipment,Loader,hour,4362,130.27,568240.01
P0043,303,Equipment,Compactor,hour,2395,92.19,220786.56
P0043,400,Fuel,Diesel,gallon,12367,4.14,51204.76
P0043,500,Subcontractor,Concrete Work,job,7,30152.48,211067.34
P0043,501,Subcontractor,Utility Work,job,5,21866.23,109331.13
P0044,100,Labor,General Labor,hour,12743,33.9,431950.95
P0044,101,Labor,Equipment Operators,hour,21517,40.89,879908.95
P0044,102,Labor,Supervisors,hour,6935,51.33,355941.14
P0044,103,Labor,Skilled Labor,hour,3436,52.63,180841.6
P0044,200,Materials,Gravel,ton,11478,36.91,423647.7
P0044,201,Materials,Concrete,cubic_yard,12204,131.46,1604287.86
P0044,202,Materials,Asphalt,ton,18224,94.21,1716825.17
P0044,203,Materials,Topsoil,cubic_yard,2884,34.93,100749.81
P0044,300,Equipment,Excavator,hour,10243,124.62,1276529.93
P0044,301,Equipment,Bulldozer,hour,7974,151.47,1207828.45
P0044,302,Equipment,Loader,hour,4738,114.77,543797.75
P0044,303,Equipment,Compactor,hour,4847,88.22,427613.18
P0044,400,Fuel,Diesel,gallon,55529,4.15,230435.48
P0044,500,Subcontractor,Concrete Work,job,12,30116.66,361399.97
P0044,501,Subcontractor,Utility Work,job,12,26254.31,315051.74
P0045,100,Labor,General Labor,hour,8784,29.95,263082.58
P0045,101,Labor,Equipment Operators,hour,12426,43.39,539152.77
P0045,102,Labor,Supervisors,hour,2061,55.98,115373.16
P0045,103,Labor,Skilled Labor,hour,7917,49.06,388438.26
P0045,200,Materials,Gravel,ton,5495,36.46,200322.05
P0045,201,Materials,Concrete,cubic_yard,7305,141.72,1035255.24
P0045,202,Materials,Asphalt,ton,12257,90.09,1104193.06
P0045,203,Materials,Topsoil,cubic_yard,4684,38.04,178182.03
P0045,300,Equipment,Excavator,hour,4754,142.13,675707.58
P0045,301,Equipment,Bulldozer,hour,8803,164.37,1446906.66
P0045,302,Equipment,Loader,hour,3078,124.16,382160.7
P0045,303,Equipment,Compactor,hour,1427,96.93,138325.48
P0045,400,Fuel,Diesel,gallon,35719,4.01,143236.49
P0045,500,Subcontractor,Concrete Work,job,6,29626.65,177759.9
P0045,501,Subcontractor,Utility Work,job,8,20050.74,160405.92
P0046,100,Labor,General Labor,hour,1252,31.76,39767.5
P0046,101,Labor,Equipment Operators,hour,6308,43.58,274872.13
P0046,102,Labor,Supervisors,hour,3789,58.27,220790.96
P0046,103,Labor,Skilled Labor,hour,9483,48.37,458696.96
P0046,200,Materials,Gravel,ton,3899,37.75,147170.78
P0046,201,Materials,Concrete,cubic_yard,7811,149.81,1170165.65
P0046,202,Materials,Asphalt,ton,8132,96.62,785735.81
P0046,203,Materials,Topsoil,cubic_yard,10409,42.75,445008.9
P0046,300,Equipment,Excavator,hour,3134,143.15,448626.3
P0046,301,Equipment,Bulldozer,hour,2552,153.84,392606.11
P0046,302,Equipment,Loader,hour,367,133.2,48883.55
P0046,303,Equipment,Compactor,hour,2993,101.73,304485.35
P0046,400,Fuel,Diesel,gallon,36356,3.81,138686.17
P0046,500,Subcontractor,Concrete Work,job,1,30921.61,30921.61
P0046,501,Subcontractor,Utility Work,job,3,22081.76,66245.29
P0047,100,Labor,General Labor,hour,4076,34.84,142002.45
P0047,101,Labor,Equipment Operators,hour,8974,40.08,359648.1
P0047,102,Labor,Supervisors,hour,7128,49.88,355566.97
P0047,103,Labor,Skilled Labor,hour,7621,46.54,354647.17
P0047,200,Materials,Gravel,ton,9480,35.95,340784.8
P0047,201,Materials,Concrete,cubic_yard,598,153.6,91855.16
P0047,202,Materials,Asphalt,ton,9029,98.48,889133.74
P0047,203,Materials,Topsoil,cubic_yard,6019,34.68,208724.32
P0047,300,Equipment,Excavator,hour,1761,143.76,253168.05
P0047,301,Equipment,Bulldozer,hour,2717,166.59,452614.69
P0047,302,Equipment,Loader,hour,5331,110.68,590029.59
P0047,303,Equipment,Compactor,hour,1498,92.34,138318.52
P0047,400,Fuel,Diesel,gallon,24390,3.39,82774.12
P0047,500,Subcontractor,Concrete Work,job,4,29636.05,118544.19
P0047,501,Subcontractor,Utility Work,job,5,23437.14,117185.68
P0048,100,Labor,General Labor,hour,8197,29.85,244691.26
P0048,101,Labor,Equipment Operators,hour,5529,40.87,225971.71
P0048,102,Labor,Supervisors,hour,18079,51.78,936203.24
P0048,103,Labor,Skilled Labor,hour,3555,48.03,170758.31
P0048,200,Materials,Gravel,ton,31144,33.85,1054276.57
P0048,201,Materials,Concrete,cubic_yard,15949,143.15,2283072.94
P0048,202,Materials,Asphalt,ton,3896,101.45,395244.96
P0048,203,Materials,Topsoil,cubic_yard,35067,39.72,1392876.25
P0048,300,Equipment,Excavator,hour,5773,133.67,771684.44
P0048,301,Equipment,Bulldozer,hour,2378,169.21,402389.08
P0048,302,Equipment,Loader,hour,3588,109.43,392637.92
P0048,303,Equipment,Compactor,hour,13514,97.41,1316357.53
P0048,400,Fuel,Diesel,gallon,173261,4.14,716895.46
P0048,500,Subcontractor,Concrete Work,job,6,29565.73,177394.35
P0048,501,Subcontractor,Utility Work,job,9,22388.11,201493.01
P0049,100,Labor,General Labor,hour,1014,33.16,33623.72
P0049,101,Labor,Equipment Operators,hour,2928,41.41,121234.49
P0049,102,Labor,Supervisors,hour,661,55.5,36683.34
P0049,103,Labor,Skilled Labor,hour,2276,46.7,106287.05
P0049,200,Materials,Gravel,ton,1450,35.22,51076.03
P0049,201,Materials,Concrete,cubic_yard,1158,157.96,182921.6
P0049,202,Materials,Asphalt,ton,2396,88.77,212692.01
P0049,203,Materials,Topsoil,cubic_yard,2555,39.73,101502.33
P0049,300,Equipment,Excavator,hour,1677,150.64,252626.84
P0049,301,Equipment,Bulldozer,hour,1314,151.79,199456.87
P0049,302,Equipment,Loader,hour,1381,113.56,156821.65
P0049,303,Equipment,Compactor,hour,918,104.42,95856.13
P0049,400,Fuel,Diesel,gallon,11863,3.59,42644.3
P0049,500,Subcontractor,Concrete Work,job,1,30878.95,30878.95
P0049,501,Subcontractor,Utility Work,job,1,22266.68,22266.68
P0050,100,Labor,General Labor,hour,1743,29.84,52004.22
P0050,101,Labor,Equipment Operators,hour,1378,43.2,59529.66
P0050,102,Labor,Supervisors,hour,1201,52.6,63169.89
P0050,103,Labor,Skilled Labor,hour,931,45.3,42171.54
P0050,200,Materials,Gravel,ton,2117,36.15,76525.22
P0050,201,Materials,Concrete,cubic_yard,808,147.34,119048.69
P0050,202,Materials,Asphalt,ton,2485,83.2,206749.83
P0050,203,Materials,Topsoil,cubic_yard,113,38.2,4316.36
P0050,300,Equipment,Excavator,hour,1019,149.0,151833.82
P0050,301,Equipment,Bulldozer,hour,175,170.03,29755.27
P0050,302,Equipment,Loader,hour,1309,126.63,165762.51
P0050,303,Equipment,Compactor,hour,929,92.22,85674.82
P0050,400,Fuel,Diesel,gallon,6243,3.83,23927.58
P0050,500,Subcontractor,Concrete Work,job,1,25679.79,25679.79
P0050,501,Subcontractor,Utility Work,job,1,20106.38,20106.38
P0051,100,Labor,General Labor,hour,3628,35.0,126988.86
P0051,101,Labor,Equipment Operators,hour,4783,41.93,200534.59
P0051,102,Labor,Supervisors,hour,3487,61.53,214540.68
P0051,103,Labor,Skilled Labor,hour,5491,44.11,242195.44
P0051,200,Materials,Gravel,ton,6898,33.09,228262.84
P0051,201,Materials,Concrete,cubic_yard,755,154.67,116776.75
P0051,202,Materials,Asphalt,ton,428,89.51,38312.34
P0051,203,Materials,Topsoil,cubic_yard,4098,38.19,156483.7
P0051,300,Equipment,Excavator,hour,164,148.37,24332.41
P0051,301,Equipment,Bulldozer,hour,2389,166.33,397356.36
P0051,302,Equipment,Loader,hour,4011,129.42,519113.72
P0051,303,Equipment,Compactor,hour,3046,101.19,308234.49
P0051,400,Fuel,Diesel,gallon,11675,4.16,48534.39
P0051,500,Subcontractor,Concrete Work,job,3,26210.84,78632.51
P0051,501,Subcontractor,Utility Work,job,2,23524.92,47049.85
P0052,100,Labor,General Labor,hour,7477,34.57,258443.12
P0052,101,Labor,Equipment Operators,hour,6984,45.78,319749.11
P0052,102,Labor,Supervisors,hour,4133,57.14,236147.86
P0052,103,Labor,Skilled Labor,hour,6100,44.53,271652.5
P0052,200,Materials,Gravel,ton,7020,35.28,247695.38
P0052,201,Materials,Concrete,cubic_yard,2245,142.54,319998.13
P0052,202,Materials,Asphalt,ton,5379,81.98,440984.49
P0052,203,Materials,Topsoil,cubic_yard,2223,41.38,91994.48
P0052,300,Equipment,Excavator,hour,1823,142.14,259130.27
P0052,301,Equipment,Bulldozer,hour,1670,139.98,233764.86
P0052,302,Equipment,Loader,hour,1085,121.66,131997.6
P0052,303,Equipment,Compactor,hour,1468,93.16,136754.3
P0052,400,Fuel,Diesel,gallon,12921,3.66,47238.1
P0052,500,Subcontractor,Concrete Work,job,1,29138.28,29138.28
P0052,501,Subcontractor,Utility Work,job,3,21552.79,64658.38
P0053,100,Labor,General Labor,hour,12674,32.65,413790.68
P0053,101,Labor,Equipment Operators,hour,8367,43.89,367213.92
P0053,102,Labor,Supervisors,hour,14531,58.69,852865.8
P0053,103,Labor,Skilled Labor,hour,1677,46.36,77741.08
P0053,200,Materials,Gravel,ton,2327,36.81,85652.89
P0053,201,Materials,Concrete,cubic_yard,10266,159.55,1637935.98
P0053,202,Materials,Asphalt,ton,462,94.61,43709.58
P0053,203,Materials,Topsoil,cubic_yard,2814,36.3,102151.43
P0053,300,Equipment,Excavator,hour,2303,134.93,310739.83
P0053,301,Equipment,Bulldozer,hour,5809,171.17,994329.45
P0053,302,Equipment,Loader,hour,3244,113.67,368733.32
P0053,303,Equipment,Compactor,hour,2016,97.69,196934.59
P0053,400,Fuel,Diesel,gallon,3122,4.04,12624.15
P0053,500,Subcontractor,Concrete Work,job,9,31408.52,282676.66
P0053,501,Subcontractor,Utility Work,job,2,23238.53,46477.06
P0054,100,Labor,General Labor,hour,5818,34.64,201555.0
P0054,101,Labor,Equipment Operators,hour,8329,41.43,345096.74
P0054,102,Labor,Supervisors,hour,937,57.74,54101.6
P0054,103,Labor,Skilled Labor,hour,3897,45.66,177952.26
P0054,200,Materials,Gravel,ton,2818,34.46,97094.23
P0054,201,Materials,Concrete,cubic_yard,3318,164.3,545163.36
P0054,202,Materials,Asphalt,ton,3218,93.0,299269.91
P0054,203,Materials,Topsoil,cubic_yard,4212,38.27,161174.16
P0054,300,Equipment,Excavator,hour,461,132.38,61026.44
P0054,301,Equipment,Bulldozer,hour,756,170.1,128593.53
P0054,302,Equipment,Loader,hour,3488,130.34,454641.12
P0054,303,Equipment,Compactor,hour,2402,109.63,263331.73
P0054,400,Fuel,Diesel,gallon,26789,4.53,121413.19
P0054,500,Subcontractor,Concrete Work,job,3,32589.95,97769.85
P0054,501,Subcontractor,Utility Work,job,3,22601.06,67803.19
P0055,100,Labor,General Labor,hour,6900,33.71,232588.33
P0055,101,Labor,Equipment Operators,hour,2711,39.52,107137.33
P0055,102,Labor,Supervisors,hour,13420,56.68,760667.86
P0055,103,Labor,Skilled Labor,hour,9491,46.33,439715.57
P0055,200,Materials,Gravel,ton,5429,36.62,198835.7
P0055,201,Materials,Concrete,cubic_yard,10804,135.97,1469044.04
P0055,202,Materials,Asphalt,ton,4496,92.34,415142.08
P0055,203,Materials,Topsoil,cubic_yard,1279,39.99,51147.09
P0055,300,Equipment,Excavator,hour,5021,147.28,739488.84
P0055,301,Equipment,Bulldozer,hour,2301,161.19,370895.87
P0055,302,Equipment,Loader,hour,5694,126.62,720977.85
P0055,303,Equipment,Compactor,hour,4643,105.74,490973.58
P0055,400,Fuel,Diesel,gallon,42333,3.7,156758.96
P0055,500,Subcontractor,Concrete Work,job,4,28903.84,115615.35
P0055,501,Subcontractor,Utility Work,job,2,24340.04,48680.08
P0056,100,Labor,General Labor,hour,5657,34.22,193574.51
P0056,101,Labor,Equipment Operators,hour,18043,45.28,817061.22
P0056,102,Labor,Supervisors,hour,10847,61.16,663397.74
P0056,103,Labor,Skilled Labor,hour,15847,53.19,842897.09
P0056,200,Materials,Gravel,ton,11571,34.37,397722.78
P0056,201,Materials,Concrete,cubic_yard,10098,161.12,1626984.24
P0056,202,Materials,Asphalt,ton,10008,99.45,995335.42
P0056,203,Materials,Topsoil,cubic_yard,10072,34.62,348712.07
P0056,300,Equipment,Excavator,hour,2091,127.35,266295.96
P0056,301,Equipment,Bulldozer,hour,7633,170.51,1301496.71
P0056,302,Equipment,Loader,hour,7536,116.18,875497.0
P0056,303,Equipment,Compactor,hour,6085,95.04,578322.07
P0056,400,Fuel,Diesel,gallon,53949,3.67,197984.57
P0056,500,Subcontractor,Concrete Work,job,7,28762.27,201335.9
P0056,501,Subcontractor,Utility Work,job,7,21264.1,148848.67
P0057,100,Labor,General Labor,hour,8866,31.25,277048.19
P0057,101,Labor,Equipment Operators,hour,1505,43.6,65616.54
P0057,102,Labor,Supervisors,hour,1381,58.89,81321.86
P0057,103,Labor,Skilled Labor,hour,7906,50.71,400950.7
P0057,200,Materials,Gravel,ton,2308,35.01,80797.53
P0057,201,Materials,Concrete,cubic_yard,7059,157.0,1108230.32
P0057,202,Materials,Asphalt,ton,4269,102.69,438377.08
P0057,203,Materials,Topsoil,cubic_yard,3847,43.29,166525.26
P0057,300,Equipment,Excavator,hour,3615,128.45,464356.53
P0057,301,Equipment,Bulldozer,hour,1126,160.86,181123.84
P0057,302,Equipment,Loader,hour,771,123.08,94895.61
P0057,303,Equipment,Compactor,hour,3700,83.59,309283.22
P0057,400,Fuel,Diesel,gallon,10932,3.79,41436.6
P0057,500,Subcontractor,Concrete Work,job,1,27435.74,27435.74
P0057,501,Subcontractor,Utility Work,job,1,24576.61,24576.61
P0058,100,Labor,General Labor,hour,7812,34.75,271461.41
P0058,101,Labor,Equipment Operators,hour,1289,41.4,53360.79
P0058,102,Labor,Supervisors,hour,3024,55.92,169096.26
P0058,103,Labor,Skilled Labor,hour,1197,51.55,61702.12
P0058,200,Materials,Gravel,ton,2856,36.44,104073.35
P0058,201,Materials,Concrete,cubic_yard,1946,141.64,275638.47
P0058,202,Materials,Asphalt,ton,2808,97.77,274539.02
P0058,203,Materials,Topsoil,cubic_yard,183,39.57,7241.14
P0058,300,Equipment,Excavator,hour,1634,141.97,231985.55
P0058,301,Equipment,Bulldozer,hour,2280,166.37,379325.13
P0058,302,Equipment,Loader,hour,810,124.13,100543.94
P0058,303,Equipment,Compactor,hour,2010,103.62,208273.48
P0058,400,Fuel,Diesel,gallon,13489,3.7,49911.66
P0058,500,Subcontractor,Concrete Work,job,2,29614.15,59228.3
P0058,501,Subcontractor,Utility Work,job,3,26725.96,80177.89
P0059,100,Labor,General Labor,hour,9198,31.0,285093.45
P0059,101,Labor,Equipment Operators,hour,9705,41.58,403502.23
P0059,102,Labor,Supervisors,hour,5075,51.53,261521.76
P0059,103,Labor,Skilled Labor,hour,9690,49.55,480151.29
P0059,200,Materials,Gravel,ton,6064,35.82,217193.19
P0059,201,Materials,Concrete,cubic_yard,21197,157.44,3337288.82
P0059,202,Materials,Asphalt,ton,8152,95.69,780066.9
P0059,203,Materials,Topsoil,cubic_yard,10527,38.29,403053.92
P0059,300,Equipment,Excavator,hour,6236,144.98,904102.73
P0059,301,Equipment,Bulldozer,hour,6169,148.43,915661.48
P0059,302,Equipment,Loader,hour,4353,132.71,577689.63
P0059,303,Equipment,Compactor,hour,1477,93.16,137604.54
P0059,400,Fuel,Diesel,gallon,58011,3.83,221898.86
P0059,500,Subcontractor,Concrete Work,job,10,26615.28,266152.76
P0059,501,Subcontractor,Utility Work,job,9,21844.14,196597.26
P0060,100,Labor,General Labor,hour,1716,38.58,66209.34
P0060,101,Labor,Equipment Operators,hour,1701,40.65,69139.75
P0060,102,Labor,Supervisors,hour,969,59.01,57177.59
P0060,103,Labor,Skilled Labor,hour,1336,46.99,62784.8
P0060,200,Materials,Gravel,ton,1008,34.89,35167.35
P0060,201,Materials,Concrete,cubic_yard,1963,135.89,266743.35
P0060,202,Materials,Asphalt,ton,1333,90.0,119967.72
P0060,203,Materials,Topsoil,cubic_yard,714,39.12,27931.53
P0060,300,Equipment,Excavator,hour,72,138.75,9989.82
P0060,301,Equipment,Bulldozer,hour,72,164.66,11855.74
P0060,302,Equipment,Loader,hour,275,127.19,34977.67
P0060,303,Equipment,Compactor,hour,1051,100.39,105511.25
P0060,400,Fuel,Diesel,gallon,4553,4.14,18834.72
P0060,500,Subcontractor,Concrete Work,job,1,29357.94,29357.94
P0060,501,Subcontractor,Utility Work,job,1,23322.0,23322.0
P0061,100,Labor,General Labor,hour,9119,32.32,294687.61
P0061,101,Labor,Equipment Operators,hour,7181,40.45,290437.04
P0061,102,Labor,Supervisors,hour,10118,52.84,534665.97
P0061,103,Labor,Skilled Labor,hour,1408,45.48,64039.93
P0061,200,Materials,Gravel,ton,7619,34.55,263250.83
P0061,201,Materials,Concrete,cubic_yard,10634,150.75,1603036.47
P0061,202,Materials,Asphalt,ton,1698,84.97,144286.9
P0061,203,Materials,Topsoil,cubic_yard,13404,38.5,516043.81
P0061,300,Equipment,Excavator,hour,4177,137.5,574338.93
P0061,301,Equipment,Bulldozer,hour,6086,163.57,995484.55
P0061,302,Equipment,Loader,hour,6313,137.42,867530.32
P0061,303,Equipment,Compactor,hour,3669,104.77,384396.13
P0061,400,Fuel,Diesel,gallon,6199,4.03,24967.13
P0061,500,Subcontractor,Concrete Work,job,6,28682.54,172095.25
P0061,501,Subcontractor,Utility Work,job,3,19670.88,59012.64
P0062,100,Labor,General Labor,hour,8861,34.02,301446.65
P0062,101,Labor,Equipment Operators,hour,14479,41.05,594430.56
P0062,102,Labor,Supervisors,hour,7395,55.58,410980.66
P0062,103,Labor,Skilled Labor,hour,8152,53.62,437134.98
P0062,200,Materials,Gravel,ton,3697,35.85,132526.05
P0062,201,Materials,Concrete,cubic_yard,11188,139.64,1562278.03
P0062,202,Materials,Asphalt,ton,6508,93.66,609523.75
P0062,203,Materials,Topsoil,cubic_yard,8332,36.95,307847.05
P0062,300,Equipment,Excavator,hour,407,152.9,62230.17
P0062,301,Equipment,Bulldozer,hour,5529,162.45,898186.2
P0062,302,Equipment,Loader,hour,4576,119.56,547109.45
P0062,303,Equipment,Compactor,hour,4318,102.22,441378.02
P0062,400,Fuel,Diesel,gallon,48161,4.02,193578.61
P0062,500,Subcontractor,Concrete Work,job,11,29066.49,319731.4
P0062,501,Subcontractor,Utility Work,job,4,23421.99,93687.97
P0063,100,Labor,General Labor,hour,21649,36.93,799506.62
P0063,101,Labor,Equipment Operators,hour,14343,42.25,605969.58
P0063,102,Labor,Supervisors,hour,19248,57.32,1103204.01
P0063,103,Labor,Skilled Labor,hour,14619,44.92,656724.1
P0063,200,Materials,Gravel,ton,14775,35.63,526474.77
P0063,201,Materials,Concrete,cubic_yard,3595,157.41,565905.53
P0063,202,Materials,Asphalt,ton,21128,90.57,1913487.89
P0063,203,Materials,Topsoil,cubic_yard,8554,37.62,321812.29
P0063,300,Equipment,Excavator,hour,12198,143.14,1745966.65
P0063,301,Equipment,Bulldozer,hour,11477,173.57,1992073.02
P0063,302,Equipment,Loader,hour,10697,121.62,1300950.44
P0063,303,Equipment,Compactor,hour,1808,104.74,189368.04
P0063,400,Fuel,Diesel,gallon,34705,3.85,133738.4
P0063,500,Subcontractor,Concrete Work,job,10,25394.87,253948.75
P0063,501,Subcontractor,Utility Work,job,9,25087.46,225787.11
P0064,100,Labor,General Labor,hour,1300,33.03,42936.45
P0064,101,Labor,Equipment Operators,hour,593,45.41,26928.37
P0064,102,Labor,Supervisors,hour,354,50.21,17773.72
P0064,103,Labor,Skilled Labor,hour,1031,51.43,53022.3
P0064,200,Materials,Gravel,ton,2371,39.17,92869.63
P0064,201,Materials,Concrete,cubic_yard,761,154.94,117905.61
P0064,202,Materials,Asphalt,ton,2232,97.41,217420.23
P0064,203,Materials,Topsoil,cubic_yard,1956,38.79,75868.49
P0064,300,Equipment,Excavator,hour,1170,124.26,145378.61
P0064,301,Equipment,Bulldozer,hour,1197,142.72,170832.41
P0064,302,Equipment,Loader,hour,74,127.88,9463.42
P0064,303,Equipment,Compactor,hour,519,98.17,50949.72
P0064,400,Fuel,Diesel,gallon,741,3.54,2624.32
P0064,500,Subcontractor,Concrete Work,job,1,30514.78,30514.78
P0064,501,Subcontractor,Utility Work,job,1,24275.23,24275.23
P0065,100,Labor,General Labor,hour,5334,30.09,160506.6
P0065,101,Labor,Equipment Operators,hour,7331,38.95,285576.13
P0065,102,Labor,Supervisors,hour,9370,49.9,467544.25
P0065,103,Labor,Skilled Labor,hour,9075,50.51,458372.49
P0065,200,Materials,Gravel,ton,1918,36.6,70192.9
P0065,201,Materials,Concrete,cubic_yard,4745,134.28,637146.48
P0065,202,Materials,Asphalt,ton,6933,97.45,675630.47
P0065,203,Materials,Topsoil,cubic_yard,1374,41.39,56869.46
P0065,300,Equipment,Excavator,hour,4123,142.32,586792.39
P0065,301,Equipment,Bulldozer,hour,4631,154.43,715179.45
P0065,302,Equipment,Loader,hour,4340,127.57,553648.58
P0065,303,Equipment,Compactor,hour,4681,97.37,455811.3
P0065,400,Fuel,Diesel,gallon,30985,3.68,113988.39
P0065,500,Subcontractor,Concrete Work,job,1,28880.86,28880.86
P0065,501,Subcontractor,Utility Work,job,5,20895.94,104479.72
P0066,100,Labor,General Labor,hour,2546,31.49,80183.91
P0066,101,Labor,Equipment Operators,hour,2781,42.24,117467.71
P0066,102,Labor,Supervisors,hour,2606,48.91,127459.09
P0066,103,Labor,Skilled Labor,hour,1811,49.75,90096.94
P0066,200,Materials,Gravel,ton,421,36.28,15273.25
P0066,201,Materials,Concrete,cubic_yard,932,136.35,127082.14
P0066,202,Materials,Asphalt,ton,2355,101.76,239641.97
P0066,203,Materials,Topsoil,cubic_yard,1656,38.21,63272.04
P0066,300,Equipment,Excavator,hour,1870,161.37,301763.82
P0066,301,Equipment,Bulldozer,hour,236,154.54,36472.59
P0066,302,Equipment,Loader,hour,1567,126.57,198333.7
P0066,303,Equipment,Compactor,hour,969,93.22,90331.58
P0066,400,Fuel,Diesel,gallon,5243,3.61,18907.46
P0066,500,Subcontractor,Concrete Work,job,3,32749.26,98247.78
P0066,501,Subcontractor,Utility Work,job,1,20956.77,20956.77
P0067,100,Labor,General Labor,hour,3587,33.13,118841.52
P0067,101,Labor,Equipment Operators,hour,3980,42.9,170744.05
P0067,102,Labor,Supervisors,hour,7467,55.64,415485.13
P0067,103,Labor,Skilled Labor,hour,1244,52.15,64874.82
P0067,200,Materials,Gravel,ton,7017,38.93,273184.91
P0067,201,Materials,Concrete,cubic_yard,7565,160.16,1211583.03
P0067,202,Materials,Asphalt,ton,3255,98.56,320828.63
P0067,203,Materials,Topsoil,cubic_yard,5504,41.07,226068.01
P0067,300,Equipment,Excavator,hour,4002,134.47,538167.78
P0067,301,Equipment,Bulldozer,hour,423,148.91,62988.67
P0067,302,Equipment,Loader,hour,796,122.51,97519.47
P0067,303,Equipment,Compactor,hour,1443,109.24,157632.48
P0067,400,Fuel,Diesel,gallon,8374,4.24,35514.76
P0067,500,Subcontractor,Concrete Work,job,1,27595.01,27595.01
P0067,501,Subcontractor,Utility Work,job,4,22795.53,91182.12
P0068,100,Labor,General Labor,hour,6138,33.62,206365.98
P0068,101,Labor,Equipment Operators,hour,6367,42.04,267678.44
P0068,102,Labor,Supervisors,hour,3697,53.1,196308.66
P0068,103,Labor,Skilled Labor,hour,4072,46.19,188102.11
P0068,200,Materials,Gravel,ton,3443,32.18,110808.46
P0068,201,Materials,Concrete,cubic_yard,2358,152.3,359126.63
P0068,202,Materials,Asphalt,ton,7099,93.88,666451.12
P0068,203,Materials,Topsoil,cubic_yard,385,40.87,15736.13
P0068,300,Equipment,Excavator,hour,3234,152.41,492887.85
P0068,301,Equipment,Bulldozer,hour,1480,167.67,248148.4
P0068,302,Equipment,Loader,hour,2371,121.65,288437.42
P0068,303,Equipment,Compactor,hour,454,96.47,43798.8
P0068,400,Fuel,Diesel,gallon,22620,4.13,93398.59
P0068,500,Subcontractor,Concrete Work,job,3,28760.25,86280.75
P0068,501,Subcontractor,Utility Work,job,3,23154.02,69462.06
P0069,100,Labor,General Labor,hour,7087,33.83,239763.09
P0069,101,Labor,Equipment Operators,hour,30417,43.61,1326458.9
P0069,102,Labor,Supervisors,hour,13914,59.42,826755.05
P0069,103,Labor,Skilled Labor,hour,21033,46.19,971527.34
P0069,200,Materials,Gravel,ton,12295,34.91,429272.55
P0069,201,Materials,Concrete,cubic_yard,25491,159.49,4065552.19
P0069,202,Materials,Asphalt,ton,24529,95.97,2353973.59
P0069,203,Materials,Topsoil,cubic_yard,20616,38.5,793734.94
P0069,300,Equipment,Excavator,hour,11460,129.5,1484126.02
P0069,301,Equipment,Bulldozer,hour,1584,164.93,261253.75
P0069,302,Equipment,Loader,hour,13094,133.97,1754219.44
P0069,303,Equipment,Compactor,hour,2722,102.54,279114.95
P0069,400,Fuel,Diesel,gallon,95684,4.21,403068.84
P0069,500,Subcontractor,Concrete Work,job,5,30870.49,154352.45
P0069,501,Subcontractor,Utility Work,job,13,21289.78,276767.11
P0070,100,Labor,General Labor,hour,20136,31.39,632092.98
P0070,101,Labor,Equipment Operators,hour,16411,47.02,771636.36
P0070,102,Labor,Supervisors,hour,18307,62.2,1138622.52
P0070,103,Labor,Skilled Labor,hour,18477,47.67,880781.09
P0070,200,Materials,Gravel,ton,3412,34.95,119244.39
P0070,201,Materials,Concrete,cubic_yard,6729,153.67,1034021.33
P0070,202,Materials,Asphalt,ton,19540,95.44,1864887.33
P0070,203,Materials,Topsoil,cubic_yard,2495,40.99,102269.42
P0070,300,Equipment,Excavator,hour,2939,133.34,391891.98
P0070,301,Equipment,Bulldozer,hour,7696,140.67,1082586.29
P0070,302,Equipment,Loader,hour,4432,115.03,509797.44
P0070,303,Equipment,Compactor,hour,1232,108.21,133319.75
P0070,400,Fuel,Diesel,gallon,40391,3.72,150355.62
P0070,500,Subcontractor,Concrete Work,job,9,29088.37,261795.36
P0070,501,Subcontractor,Utility Work,job,6,23028.38,138170.3
P0071,100,Labor,General Labor,hour,1507,39.41,59384.79
P0071,101,Labor,Equipment Operators,hour,2188,43.43,95015.39
P0071,102,Labor,Supervisors,hour,901,52.66,47449.63
P0071,103,Labor,Skilled Labor,hour,2019,52.17,105325.61
P0071,200,Materials,Gravel,ton,1415,35.17,49759.09
P0071,201,Materials,Concrete,cubic_yard,178,169.88,30238.22
P0071,202,Materials,Asphalt,ton,542,99.12,53721.17
P0071,203,Materials,Topsoil,cubic_yard,1760,38.31,67420.66
P0071,300,Equipment,Excavator,hour,730,128.27,93637.43
P0071,301,Equipment,Bulldozer,hour,1182,142.23,168111.21
P0071,302,Equipment,Loader,hour,810,118.11,95672.4
P0071,303,Equipment,Compactor,hour,71,105.04,7457.77
P0071,400,Fuel,Diesel,gallon,2173,3.65,7939.93
P0071,500,Subcontractor,Concrete Work,job,1,28688.01,28688.01
P0071,501,Subcontractor,Utility Work,job,1,22827.18,22827.18
P0072,100,Labor,General Labor,hour,5430,32.12,174429.27
P0072,101,Labor,Equipment Operators,hour,20168,42.75,862230.81
P0072,102,Labor,Supervisors,hour,5385,60.64,326527.26
P0072,103,Labor,Skilled Labor,hour,7511,49.43,371245.03
P0072,200,Materials,Gravel,ton,14759,32.98,486714.89
P0072,201,Materials,Concrete,cubic_yard,10507,149.89,1574944.14
P0072,202,Materials,Asphalt,ton,2633,89.04,234432.54
P0072,203,Materials,Topsoil,cubic_yard,7161,33.07,236816.0
P0072,300,Equipment,Excavator,hour,3761,153.12,575867.9
P0072,301,Equipment,Bulldozer,hour,2249,169.2,380533.25
P0072,302,Equipment,Loader,hour,1523,120.68,183794.7
P0072,303,Equipment,Compactor,hour,6890,92.03,634066.59
P0072,400,Fuel,Diesel,gallon,76850,4.22,324165.58
P0072,500,Subcontractor,Concrete Work,job,3,31634.82,94904.45
P0072,501,Subcontractor,Utility Work,job,6,24905.02,149430.13
P0073,100,Labor,General Labor,hour,5264,33.62,176983.81
P0073,101,Labor,Equipment Operators,hour,15852,47.58,754312.81
P0073,102,Labor,Supervisors,hour,2754,53.09,146215.59
P0073,103,Labor,Skilled Labor,hour,19238,47.42,912340.72
P0073,200,Materials,Gravel,ton,21868,32.49,710501.54
P0073,201,Materials,Concrete,cubic_yard,15690,157.45,2470423.71
P0073,202,Materials,Asphalt,ton,7026,89.95,631982.38
P0073,203,Materials,Topsoil,cubic_yard,19010,37.74,717432.15
P0073,300,Equipment,Excavator,hour,11337,137.97,1564205.69
P0073,301,Equipment,Bulldozer,hour,10997,158.59,1743987.57
P0073,302,Equipment,Loader,hour,5801,117.59,682141.04
P0073,303,Equipment,Compactor,hour,10111,101.53,1026557.96
P0073,400,Fuel,Diesel,gallon,51519,4.02,207290.67
P0073,500,Subcontractor,Concrete Work,job,2,29547.28,59094.55
P0073,501,Subcontractor,Utility Work,job,8,22503.95,180031.56
P0074,100,Labor,General Labor,hour,4835,32.24,155857.04
P0074,101,Labor,Equipment Operators,hour,4611,42.57,196281.14
P0074,102,Labor,Supervisors,hour,3301,62.01,204687.21
P0074,103,Labor,Skilled Labor,hour,3742,53.96,201904.54
P0074,200,Materials,Gravel,ton,5713,33.34,190486.48
P0074,201,Materials,Concrete,cubic_yard,5358,151.19,810082.78
P0074,202,Materials,Asphalt,ton,2566,82.08,210623.91
P0074,203,Materials,Topsoil,cubic_yard,1954,35.92,70188.14
P0074,300,Equipment,Excavator,hour,3890,144.81,563318.78
P0074,301,Equipment,Bulldozer,hour,236,145.4,34315.52
P0074,302,Equipment,Loader,hour,3491,127.24,444194.33
P0074,303,Equipment,Compactor,hour,4028,92.54,372757.14
P0074,400,Fuel,Diesel,gallon,39593,4.08,161396.7
P0074,500,Subcontractor,Concrete Work,job,4,28843.4,115373.6
P0074,501,Subcontractor,Utility Work,job,2,23425.17,46850.33
P0075,100,Labor,General Labor,hour,6510,32.64,212478.55
P0075,101,Labor,Equipment Operators,hour,7714,46.7,360244.8
P0075,102,Labor,Supervisors,hour,9297,61.76,574215.88
P0075,103,Labor,Skilled Labor,hour,2047,48.03,98318.68
P0075,200,Materials,Gravel,ton,11543,33.26,383891.11
P0075,201,Materials,Concrete,cubic_yard,15417,132.61,2044414.28
P0075,202,Materials,Asphalt,ton,19845,108.94,2161928.45
P0075,203,Materials,Topsoil,cubic_yard,3752,38.15,143149.75
P0075,300,Equipment,Excavator,hour,3773,144.33,544572.56
P0075,301,Equipment,Bulldozer,hour,6881,178.22,1226301.98
P0075,302,Equipment,Loader,hour,2457,140.15,344339.29
P0075,303,Equipment,Compactor,hour,8169,92.91,759012.39
P0075,400,Fuel,Diesel,gallon,5312,4.18,22199.3
P0075,500,Subcontractor,Concrete Work,job,3,31816.69,95450.06
P0075,501,Subcontractor,Utility Work,job,3,23110.93,69332.8
P0076,100,Labor,General Labor,hour,3837,31.67,121511.8
P0076,101,Labor,Equipment Operators,hour,3131,44.16,138269.72
P0076,102,Labor,Supervisors,hour,3968,56.23,223108.42
P0076,103,Labor,Skilled Labor,hour,960,51.7,49635.11
P0076,200,Materials,Gravel,ton,3175,37.38,118679.32
P0076,201,Materials,Concrete,cubic_yard,1630,159.13,259385.65
P0076,202,Materials,Asphalt,ton,1588,90.29,143383.3
P0076,203,Materials,Topsoil,cubic_yard,1139,37.71,42955.45
P0076,300,Equipment,Excavator,hour,2099,150.97,316891.64
P0076,301,Equipment,Bulldozer,hour,2726,178.3,486055.21
P0076,302,Equipment,Loader,hour,2350,118.35,278121.79
P0076,303,Equipment,Compactor,hour,1373,97.66,134085.57
P0076,400,Fuel,Diesel,gallon,18732,3.94,73897.45
P0076,500,Subcontractor,Concrete Work,job,2,26666.45,53332.91
P0076,501,Subcontractor,Utility Work,job,1,24461.19,24461.19
P0077,100,Labor,General Labor,hour,2799,30.29,84786.23
P0077,101,Labor,Equipment Operators,hour,582,42.34,24642.35
P0077,102,Labor,Supervisors,hour,2029,58.52,118734.43
P0077,103,Labor,Skilled Labor,hour,2134,53.86,114935.61
P0077,200,Materials,Gravel,ton,2572,32.38,83284.17
P0077,201,Materials,Concrete,cubic_yard,1840,143.6,264231.32
P0077,202,Materials,Asphalt,ton,2545,90.45,230199.27
P0077,203,Materials,Topsoil,cubic_yard,1294,42.41,54876.14
P0077,300,Equipment,Excavator,hour,381,138.37,52719.9
P0077,301,Equipment,Bulldozer,hour,89,164.53,14643.1
P0077,302,Equipment,Loader,hour,1301,122.75,159700.76
P0077,303,Equipment,Compactor,hour,586,110.84,64951.37
P0077,400,Fuel,Diesel,gallon,7431,3.79,28178.07
P0077,500,Subcontractor,Concrete Work,job,1,30585.25,30585.25
P0077,501,Subcontractor,Utility Work,job,1,21055.99,21055.99
P0078,100,Labor,General Labor,hour,8847,32.57,288167.71
P0078,101,Labor,Equipment Operators,hour,7059,47.34,334149.78
P0078,102,Labor,Supervisors,hour,19079,58.24,1111191.07
P0078,103,Labor,Skilled Labor,hour,12158,50.89,618712.61
P0078,200,Materials,Gravel,ton,21469,34.34,737191.87
P0078,201,Materials,Concrete,cubic_yard,14731,155.79,2294971.82
P0078,202,Materials,Asphalt,ton,1556,99.82,155316.66
P0078,203,Materials,Topsoil,cubic_yard,9073,41.39,375501.58
P0078,300,Equipment,Excavator,hour,1805,139.48,251763.37
P0078,301,Equipment,Bulldozer,hour,7817,154.05,1204181.41
P0078,302,Equipment,Loader,hour,9360,120.7,1129709.22
P0078,303,Equipment,Compactor,hour,9398,106.38,999800.28
P0078,400,Fuel,Diesel,gallon,34955,3.58,125238.68
P0078,500,Subcontractor,Concrete Work,job,5,24971.04,124855.21
P0078,501,Subcontractor,Utility Work,job,5,20862.12,104310.58
P0079,100,Labor,General Labor,hour,1517,33.14,50268.89
P0079,101,Labor,Equipment Operators,hour,5447,40.58,221015.55
P0079,102,Labor,Supervisors,hour,941,57.03,53666.64
P0079,103,Labor,Skilled Labor,hour,1844,45.47,83855.69
P0079,200,Materials,Gravel,ton,1580,32.4,51194.07
P0079,201,Materials,Concrete,cubic_yard,3805,147.34,560618.51
P0079,202,Materials,Asphalt,ton,6268,97.14,608898.25
P0079,203,Materials,Topsoil,cubic_yard,4228,37.58,158904.45
P0079,300,Equipment,Excavator,hour,536,151.94,81438.84
P0079,301,Equipment,Bulldozer,hour,1695,176.14,298558.92
P0079,302,Equipment,Loader,hour,3096,116.47,360576.84
P0079,303,Equipment,Compactor,hour,939,93.42,87721.5
P0079,400,Fuel,Diesel,gallon,16719,4.34,72570.22
P0079,500,Subcontractor,Concrete Work,job,1,28346.37,28346.37
P0079,501,Subcontractor,Utility Work,job,1,21639.15,21639.15
P0080,100,Labor,General Labor,hour,18394,32.69,601338.68
P0080,101,Labor,Equipment Operators,hour,15795,40.51,639886.7
P0080,102,Labor,Supervisors,hour,18494,56.9,1052291.01
P0080,103,Labor,Skilled Labor,hour,3769,57.9,218235.17
P0080,200,Materials,Gravel,ton,3091,36.03,111380.98
P0080,201,Materials,Concrete,cubic_yard,20384,161.76,3297309.82
P0080,202,Materials,Asphalt,ton,15563,104.93,1632994.33
P0080,203,Materials,Topsoil,cubic_yard,16818,41.53,698381.35
P0080,300,Equipment,Excavator,hour,5878,154.98,910990.78
P0080,301,Equipment,Bulldozer,hour,4181,146.66,613184.42
P0080,302,Equipment,Loader,hour,6041,134.6,813113.89
P0080,303,Equipment,Compactor,hour,9445,99.9,943523.99
P0080,400,Fuel,Diesel,gallon,73965,4.39,324746.1
P0080,500,Subcontractor,Concrete Work,job,5,29434.98,147174.89
P0080,501,Subcontractor,Utility Work,job,12,22891.82,274701.88
P0081,100,Labor,General Labor,hour,1735,30.94,53678.48
P0081,101,Labor,Equipment Operators,hour,10290,44.26,455386.5
P0081,102,Labor,Supervisors,hour,4540,57.7,261977.69
P0081,103,Labor,Skilled Labor,hour,7045,46.97,330907.36
P0081,200,Materials,Gravel,ton,2097,34.04,71376.36
P0081,201,Materials,Concrete,cubic_yard,8091,129.03,1044009.33
P0081,202,Materials,Asphalt,ton,2737,97.39,266544.43
P0081,203,Materials,Topsoil,cubic_yard,8912,40.59,361725.86
P0081,300,Equipment,Excavator,hour,4706,135.2,636244.29
P0081,301,Equipment,Bulldozer,hour,2818,157.61,444139.97
P0081,302,Equipment,Loader,hour,3462,132.06,457202.0
P0081,303,Equipment,Compactor,hour,477,111.37,53124.68
P0081,400,Fuel,Diesel,gallon,31072,3.71,115181.13
P0081,500,Subcontractor,Concrete Work,job,4,30613.32,122453.27
P0081,501,Subcontractor,Utility Work,job,1,25690.6,25690.6
P0082,100,Labor,General Labor,hour,17647,32.07,565895.73
P0082,101,Labor,Equipment Operators,hour,4962,41.21,204487.36
P0082,102,Labor,Supervisors,hour,17925,58.14,1042178.38
P0082,103,Labor,Skilled Labor,hour,8238,54.7,450621.41
P0082,200,Materials,Gravel,ton,18500,33.39,617788.27
P0082,201,Materials,Concrete,cubic_yard,6025,153.5,924842.22
P0082,202,Materials,Asphalt,ton,13293,94.48,1255948.7
P0082,203,Materials,Topsoil,cubic_yard,7799,38.27,298429.32
P0082,300,Equipment,Excavator,hour,4530,142.52,645595.67
P0082,301,Equipment,Bulldozer,hour,9244,165.26,1527693.14
P0082,302,Equipment,Loader,hour,8714,126.83,1105208.31
P0082,303,Equipment,Compactor,hour,8277,92.27,763735.2
P0082,400,Fuel,Diesel,gallon,7790,3.84,29946.38
P0082,500,Subcontractor,Concrete Work,job,4,27361.9,109447.59
P0082,501,Subcontractor,Utility Work,job,7,22724.85,159073.93
P0083,100,Labor,General Labor,hour,5913,30.82,182224.23
P0083,101,Labor,Equipment Operators,hour,4409,39.4,173720.28
P0083,102,Labor,Supervisors,hour,11238,52.39,588705.7
P0083,103,Labor,Skilled Labor,hour,3329,44.33,147562.77
P0083,200,Materials,Gravel,ton,13719,33.98,466227.59
P0083,201,Materials,Concrete,cubic_yard,13308,157.02,2089648.27
P0083,202,Materials,Asphalt,ton,7754,101.91,790243.83
P0083,203,Materials,Topsoil,cubic_yard,13239,41.45,548809.42
P0083,300,Equipment,Excavator,hour,4039,120.86,488157.42
P0083,301,Equipment,Bulldozer,hour,5552,169.46,940840.82
P0083,302,Equipment,Loader,hour,1181,131.62,155447.1
P0083,303,Equipment,Compactor,hour,2809,92.44,259659.27
P0083,400,Fuel,Diesel,gallon,60889,4.16,253371.69
P0083,500,Subcontractor,Concrete Work,job,8,26891.49,215131.93
P0083,501,Subcontractor,Utility Work,job,4,22575.39,90301.55
P0084,100,Labor,General Labor,hour,25018,33.99,850401.75
P0084,101,Labor,Equipment Operators,hour,26564,44.45,1180667.12
P0084,102,Labor,Supervisors,hour,23287,55.12,1283681.54
P0084,103,Labor,Skilled Labor,hour,2760,49.99,137962.81
P0084,200,Materials,Gravel,ton,1320,33.27,43921.19
P0084,201,Materials,Concrete,cubic_yard,1253,141.7,177547.76
P0084,202,Materials,Asphalt,ton,11234,96.37,1082566.99
P0084,203,Materials,Topsoil,cubic_yard,11040,43.43,479484.27
P0084,300,Equipment,Excavator,hour,940,148.43,139521.23
P0084,301,Equipment,Bulldozer,hour,4682,133.59,625469.33
P0084,302,Equipment,Loader,hour,5047,128.61,649112.71
P0084,303,Equipment,Compactor,hour,11758,97.64,1148104.0
P0084,400,Fuel,Diesel,gallon,55141,4.14,228184.2
P0084,500,Subcontractor,Concrete Work,job,2,27509.74,55019.49
P0084,501,Subcontractor,Utility Work,job,11,25087.24,275959.67
P0085,100,Labor,General Labor,hour,1825,32.92,60071.08
P0085,101,Labor,Equipment Operators,hour,2857,44.24,126405.34
P0085,102,Labor,Supervisors,hour,1238,53.74,66532.98
P0085,103,Labor,Skilled Labor,hour,2364,56.08,132562.45
P0085,200,Materials,Gravel,ton,2865,37.99,108827.12
P0085,201,Materials,Concrete,cubic_yard,4630,147.89,684722.12
P0085,202,Materials,Asphalt,ton,4590,91.92,421929.75
P0085,203,Materials,Topsoil,cubic_yard,1664,34.75,57820.95
P0085,300,Equipment,Excavator,hour,2790,142.24,396845.99
P0085,301,Equipment,Bulldozer,hour,2377,163.35,388290.07
P0085,302,Equipment,Loader,hour,1137,122.42,139191.64
P0085,303,Equipment,Compactor,hour,1560,90.19,140702.9
P0085,400,Fuel,Diesel,gallon,8362,4.43,37075.93
P0085,500,Subcontractor,Concrete Work,job,1,26320.09,26320.09
P0085,501,Subcontractor,Utility Work,job,3,21404.01,64212.03
P0086,100,Labor,General Labor,hour,11590,31.6,366208.91
P0086,101,Labor,Equipment Operators,hour,11938,45.68,545344.15
P0086,102,Labor,Supervisors,hour,5713,48.44,276746.4
P0086,103,Labor,Skilled Labor,hour,4955,47.89,237281.17
P0086,200,Materials,Gravel,ton,6135,35.04,214984.66
P0086,201,Materials,Concrete,cubic_yard,9856,142.05,1400026.97
P0086,202,Materials,Asphalt,ton,4532,94.51,428326.99
P0086,203,Materials,Topsoil,cubic_yard,9778,36.23,354260.8
P0086,300,Equipment,Excavator,hour,4277,144.37,617454.14
P0086,301,Equipment,Bulldozer,hour,4178,149.01,622575.98
P0086,302,Equipment,Loader,hour,3925,126.85,497870.51
P0086,303,Equipment,Compactor,hour,7070,103.39,730936.23
P0086,400,Fuel,Diesel,gallon,16718,4.03,67387.07
P0086,500,Subcontractor,Concrete Work,job,3,26938.21,80814.64
P0086,501,Subcontractor,Utility Work,job,8,25681.28,205450.26
P0087,100,Labor,General Labor,hour,23771,33.88,805395.95
P0087,101,Labor,Equipment Operators,hour,11855,40.21,476646.97
P0087,102,Labor,Supervisors,hour,8226,57.69,474516.84
P0087,103,Labor,Skilled Labor,hour,7358,51.58,379548.46
P0087,200,Materials,Gravel,ton,23774,36.92,877714.93
P0087,201,Materials,Concrete,cubic_yard,5836,140.26,818586.15
P0087,202,Materials,Asphalt,ton,3256,107.75,350829.95
P0087,203,Materials,Topsoil,cubic_yard,17976,37.08,666545.8
P0087,300,Equipment,Excavator,hour,1806,134.78,243406.04
P0087,301,Equipment,Bulldozer,hour,2904,176.43,512359.9
P0087,302,Equipment,Loader,hour,10565,139.85,1477510.45
P0087,303,Equipment,Compactor,hour,3749,93.49,350481.94
P0087,400,Fuel,Diesel,gallon,36080,4.1,147842.51
P0087,500,Subcontractor,Concrete Work,job,12,25218.31,302619.73
P0087,501,Subcontractor,Utility Work,job,11,21444.1,235885.15
P0088,100,Labor,General Labor,hour,14797,32.49,480797.17
P0088,101,Labor,Equipment Operators,hour,10251,42.9,439809.07
P0088,102,Labor,Supervisors,hour,4470,61.18,273458.99
P0088,103,Labor,Skilled Labor,hour,7179,49.23,353457.9
P0088,200,Materials,Gravel,ton,7349,38.57,283425.41
P0088,201,Materials,Concrete,cubic_yard,9941,156.99,1560670.93
P0088,202,Materials,Asphalt,ton,2294,92.67,212590.07
P0088,203,Materials,Topsoil,cubic_yard,1315,36.55,48057.95
P0088,300,Equipment,Excavator,hour,6102,135.51,826902.26
P0088,301,Equipment,Bulldozer,hour,9386,157.37,1477057.73
P0088,302,Equipment,Loader,hour,3046,121.06,368742.97
P0088,303,Equipment,Compactor,hour,1258,107.36,135059.45
P0088,400,Fuel,Diesel,gallon,13034,3.42,44525.84
P0088,500,Subcontractor,Concrete Work,job,1,29385.82,29385.82
P0088,501,Subcontractor,Utility Work,job,8,24985.75,199885.99
P0089,100,Labor,General Labor,hour,11295,34.42,388719.56
P0089,101,Labor,Equipment Operators,hour,28930,45.47,1315439.6
P0089,102,Labor,Supervisors,hour,22005,56.16,1235877.24
P0089,103,Labor,Skilled Labor,hour,7276,52.74,383728.52
P0089,200,Materials,Gravel,ton,24773,32.4,802685.09
P0089,201,Materials,Concrete,cubic_yard,25168,158.2,3981700.98
P0089,202,Materials,Asphalt,ton,23590,102.94,2428251.29
P0089,203,Materials,Topsoil,cubic_yard,29124,41.97,1222311.24
P0089,300,Equipment,Excavator,hour,1936,134.32,260048.37
P0089,301,Equipment,Bulldozer,hour,13029,176.16,2295204.32
P0089,302,Equipment,Loader,hour,2804,114.15,320078.14
P0089,303,Equipment,Compactor,hour,12029,91.95,1106100.07
P0089,400,Fuel,Diesel,gallon,114892,4.08,468890.75
P0089,500,Subcontractor,Concrete Work,job,7,27551.05,192857.35
P0089,501,Subcontractor,Utility Work,job,7,24334.6,170342.21
P0090,100,Labor,General Labor,hour,1919,31.47,60389.51
P0090,101,Labor,Equipment Operators,hour,2348,44.74,105060.08
P0090,102,Labor,Supervisors,hour,1599,60.37,96537.56
P0090,103,Labor,Skilled Labor,hour,2155,46.78,100811.51
P0090,200,Materials,Gravel,ton,1509,32.94,49710.95
P0090,201,Materials,Concrete,cubic_yard,2060,147.5,303844.95
P0090,202,Materials,Asphalt,ton,645,91.61,59086.97
P0090,203,Materials,Topsoil,cubic_yard,2525,37.69,95158.11
P0090,300,Equipment,Excavator,hour,907,138.98,126057.34
P0090,301,Equipment,Bulldozer,hour,110,179.38,19732.0
P0090,302,Equipment,Loader,hour,1041,137.22,142846.34
P0090,303,Equipment,Compactor,hour,307,91.89,28209.99
P0090,400,Fuel,Diesel,gallon,3187,4.0,12740.63
P0090,500,Subcontractor,Concrete Work,job,1,29568.7,29568.7
P0090,501,Subcontractor,Utility Work,job,1,21005.16,21005.16
P0091,100,Labor,General Labor,hour,508,34.16,17353.58
P0091,101,Labor,Equipment Operators,hour,1900,42.96,81625.83
P0091,102,Labor,Supervisors,hour,1878,53.43,100350.28
P0091,103,Labor,Skilled Labor,hour,1332,51.03,67978.35
P0091,200,Materials,Gravel,ton,1038,29.51,30631.69
P0091,201,Materials,Concrete,cubic_yard,1291,150.83,194719.95
P0091,202,Materials,Asphalt,ton,213,100.92,21495.56
P0091,203,Materials,Topsoil,cubic_yard,475,41.28,19607.35
P0091,300,Equipment,Excavator,hour,214,127.72,27331.94
P0091,301,Equipment,Bulldozer,hour,732,168.95,123672.99
P0091,302,Equipment,Loader,hour,300,124.09,37226.03
P0091,303,Equipment,Compactor,hour,1028,93.41,96027.22
P0091,400,Fuel,Diesel,gallon,7620,3.86,29423.19
P0091,500,Subcontractor,Concrete Work,job,1,29882.83,29882.83
P0091,501,Subcontractor,Utility Work,job,1,24274.39,24274.39
P0092,100,Labor,General Labor,hour,19400,37.11,719937.28
P0092,101,Labor,Equipment Operators,hour,11272,44.56,502224.31
P0092,102,Labor,Supervisors,hour,13316,55.65,740969.89
P0092,103,Labor,Skilled Labor,hour,16335,48.24,788022.18
P0092,200,Materials,Gravel,ton,8704,33.51,291670.77
P0092,201,Materials,Concrete,cubic_yard,20632,140.12,2891019.29
P0092,202,Materials,Asphalt,ton,13310,99.77,1327879.64
P0092,203,Materials,Topsoil,cubic_yard,20551,41.45,851905.97
P0092,300,Equipment,Excavator,hour,14160,152.22,2155381.49
P0092,301,Equipment,Bulldozer,hour,2394,166.79,399294.02
P0092,302,Equipment,Loader,hour,5672,117.79,668094.49
P0092,303,Equipment,Compactor,hour,6848,101.3,693668.36
P0092,400,Fuel,Diesel,gallon,45657,3.89,177719.03
P0092,500,Subcontractor,Concrete Work,job,5,28454.24,142271.21
P0092,501,Subcontractor,Utility Work,job,12,22048.58,264582.91
P0093,100,Labor,General Labor,hour,4446,32.55,144710.14
P0093,101,Labor,Equipment Operators,hour,16007,44.08,705562.28
P0093,102,Labor,Supervisors,hour,5716,57.92,331045.93
P0093,103,Labor,Skilled Labor,hour,3230,52.75,170395.02
P0093,200,Materials,Gravel,ton,18125,36.28,657648.05
P0093,201,Materials,Concrete,cubic_yard,15808,167.04,2640628.37
P0093,202,Materials,Asphalt,ton,14063,100.56,1414236.77
P0093,203,Materials,Topsoil,cubic_yard,1922,42.02,80763.13
P0093,300,Equipment,Excavator,hour,1413,136.37,192692.3
P0093,301,Equipment,Bulldozer,hour,489,162.32,79376.63
P0093,302,Equipment,Loader,hour,876,124.81,109329.7
P0093,303,Equipment,Compactor,hour,878,96.28,84536.72
P0093,400,Fuel,Diesel,gallon,14557,4.51,65630.07
P0093,500,Subcontractor,Concrete Work,job,5,33559.08,167795.4
P0093,501,Subcontractor,Utility Work,job,5,21366.12,106830.58
P0094,100,Labor,General Labor,hour,11184,36.18,404602.02
P0094,101,Labor,Equipment Operators,hour,3942,39.16,154383.96
P0094,102,Labor,Supervisors,hour,2955,65.44,193378.38
P0094,103,Labor,Skilled Labor,hour,3164,47.31,149701.35
P0094,200,Materials,Gravel,ton,8256,37.61,310527.1
P0094,201,Materials,Concrete,cubic_yard,5849,171.2,1001347.14
P0094,202,Materials,Asphalt,ton,7070,96.74,683943.02
P0094,203,Materials,Topsoil,cubic_yard,4175,41.42,172928.7
P0094,300,Equipment,Excavator,hour,1372,142.3,195239.32
P0094,301,Equipment,Bulldozer,hour,791,157.76,124787.3
P0094,302,Equipment,Loader,hour,370,127.38,47131.11
P0094,303,Equipment,Compactor,hour,3527,93.08,328301.32
P0094,400,Fuel,Diesel,gallon,11321,4.2,47542.86
P0094,500,Subcontractor,Concrete Work,job,1,28816.62,28816.62
P0094,501,Subcontractor,Utility Work,job,8,23141.46,185131.72
P0095,100,Labor,General Labor,hour,3695,37.29,137804.43
P0095,101,Labor,Equipment Operators,hour,6137,39.93,245073.83
P0095,102,Labor,Supervisors,hour,6954,57.8,401918.72
P0095,103,Labor,Skilled Labor,hour,9066,46.65,422947.96
P0095,200,Materials,Gravel,ton,17339,37.91,657387.21
P0095,201,Materials,Concrete,cubic_yard,848,151.34,128334.53
P0095,202,Materials,Asphalt,ton,1859,91.03,169229.4
P0095,203,Materials,Topsoil,cubic_yard,1483,37.82,56082.71
P0095,300,Equipment,Excavator,hour,1501,141.13,211828.94
P0095,301,Equipment,Bulldozer,hour,3306,161.94,535379.14
P0095,302,Equipment,Loader,hour,10115,122.92,1243293.31
P0095,303,Equipment,Compactor,hour,7856,93.61,735362.48
P0095,400,Fuel,Diesel,gallon,32577,4.38,142847.31
P0095,500,Subcontractor,Concrete Work,job,6,29896.25,179377.51
P0095,501,Subcontractor,Utility Work,job,11,21987.6,241863.63
P0096,100,Labor,General Labor,hour,1165,34.91,40675.54
P0096,101,Labor,Equipment Operators,hour,712,44.57,31736.57
P0096,102,Labor,Supervisors,hour,637,55.01,35043.09
P0096,103,Labor,Skilled Labor,hour,1944,48.61,94503.58
P0096,200,Materials,Gravel,ton,1670,35.02,58486.02
P0096,201,Materials,Concrete,cubic_yard,1127,159.52,179783.64
P0096,202,Materials,Asphalt,ton,888,93.49,83014.71
P0096,203,Materials,Topsoil,cubic_yard,2005,38.47,77126.02
P0096,300,Equipment,Excavator,hour,845,145.67,123092.59
P0096,301,Equipment,Bulldozer,hour,584,138.03,80609.76
P0096,302,Equipment,Loader,hour,591,132.46,78282.71
P0096,303,Equipment,Compactor,hour,428,104.25,44617.31
P0096,400,Fuel,Diesel,gallon,3525,4.2,14804.88
P0096,500,Subcontractor,Concrete Work,job,1,26096.85,26096.85
P0096,501,Subcontractor,Utility Work,job,1,21505.75,21505.75
P0097,100,Labor,General Labor,hour,3386,32.36,109566.16
P0097,101,Labor,Equipment Operators,hour,10942,38.33,419381.44
P0097,102,Labor,Supervisors,hour,5713,50.16,286547.64
P0097,103,Labor,Skilled Labor,hour,6587,52.93,348662.29
P0097,200,Materials,Gravel,ton,2246,32.22,72364.83
P0097,201,Materials,Concrete,cubic_yard,11507,164.57,1893761.25
P0097,202,Materials,Asphalt,ton,2505,88.74,222293.17
P0097,203,Materials,Topsoil,cubic_yard,8396,34.86,292646.83
P0097,300,Equipment,Excavator,hour,6506,133.88,871053.28
P0097,301,Equipment,Bulldozer,hour,1563,155.26,242665.38
P0097,302,Equipment,Loader,hour,4276,115.6,494312.5
P0097,303,Equipment,Compactor,hour,3516,106.78,375441.47
P0097,400,Fuel,Diesel,gallon,56872,3.89,221251.63
P0097,500,Subcontractor,Concrete Work,job,6,28083.93,168503.6
P0097,501,Subcontractor,Utility Work,job,8,24255.34,194042.72
P0098,100,Labor,General Labor,hour,27590,34.21,943797.31
P0098,101,Labor,Equipment Operators,hour,24880,40.74,1013690.33
P0098,102,Labor,Supervisors,hour,13123,62.26,816980.33
P0098,103,Labor,Skilled Labor,hour,13396,49.51,663230.82
P0098,200,Materials,Gravel,ton,13229,34.14,451606.62
P0098,201,Materials,Concrete,cubic_yard,3695,162.95,602087.93
P0098,202,Materials,Asphalt,ton,2799,95.69,267843.79
P0098,203,Materials,Topsoil,cubic_yard,15122,36.46,551331.57
P0098,300,Equipment,Excavator,hour,12417,142.05,1763827.17
P0098,301,Equipment,Bulldozer,hour,10680,153.31,1637317.75
P0098,302,Equipment,Loader,hour,4132,135.95,561727.43
P0098,303,Equipment,Compactor,hour,884,92.08,81402.19
P0098,400,Fuel,Diesel,gallon,7503,4.06,30493.04
P0098,500,Subcontractor,Concrete Work,job,10,29995.38,299953.85
P0098,501,Subcontractor,Utility Work,job,6,21937.16,131622.98
P0099,100,Labor,General Labor,hour,31489,31.14,980622.22
P0099,101,Labor,Equipment Operators,hour,6631,45.62,302517.6
P0099,102,Labor,Supervisors,hour,21625,57.03,1233265.63
P0099,103,Labor,Skilled Labor,hour,3501,45.74,160135.86
P0099,200,Materials,Gravel,ton,22116,36.86,815280.3
P0099,201,Materials,Concrete,cubic_yard,5718,149.49,854798.64
P0099,202,Materials,Asphalt,ton,28970,96.99,2809670.44
P0099,203,Materials,Topsoil,cubic_yard,9395,43.06,404589.04
P0099,300,Equipment,Excavator,hour,3327,130.29,433488.34
P0099,301,Equipment,Bulldozer,hour,11495,160.41,1843956.89
P0099,302,Equipment,Loader,hour,3543,123.76,438475.15
P0099,303,Equipment,Compactor,hour,8941,94.88,848347.19
P0099,400,Fuel,Diesel,gallon,119156,4.07,484825.04
P0099,500,Subcontractor,Concrete Work,job,8,29063.72,232509.73
P0099,501,Subcontractor,Utility Work,job,14,24983.05,349762.7
P0100,100,Labor,General Labor,hour,1951,30.58,59660.49
P0100,101,Labor,Equipment Operators,hour,5977,46.94,280562.73
P0100,102,Labor,Supervisors,hour,9804,53.13,520893.75
P0100,103,Labor,Skilled Labor,hour,10707,52.17,558583.01
P0100,200,Materials,Gravel,ton,10296,38.1,392249.6
P0100,201,Materials,Concrete,cubic_yard,16227,158.74,2575911.56
P0100,202,Materials,Asphalt,ton,3626,86.8,314748.97
P0100,203,Materials,Topsoil,cubic_yard,16528,39.76,657074.45
P0100,300,Equipment,Excavator,hour,3647,138.94,506716.98
P0100,301,Equipment,Bulldozer,hour,7572,170.1,1287978.37
P0100,302,Equipment,Loader,hour,8055,119.24,960497.55
P0100,303,Equipment,Compactor,hour,2031,94.78,192495.27
P0100,400,Fuel,Diesel,gallon,58077,3.98,231275.45
P0100,500,Subcontractor,Concrete Work,job,5,30607.81,153039.04
P0100,501,Subcontractor,Utility Work,job,5,22637.06,113185.3
P0101,100,Labor,General Labor,hour,22034,35.6,784397.63
P0101,101,Labor,Equipment Operators,hour,13808,44.25,610953.69
P0101,102,Labor,Supervisors,hour,11789,55.05,649011.0
P0101,103,Labor,Skilled Labor,hour,23693,50.59,1198536.77
P0101,200,Materials,Gravel,ton,9988,34.23,341932.09
P0101,201,Materials,Concrete,cubic_yard,13623,125.89,1715026.26
P0101,202,Materials,Asphalt,ton,10939,100.96,1104407.33
P0101,203,Materials,Topsoil,cubic_yard,1237,40.58,50194.22
P0101,300,Equipment,Excavator,hour,3889,138.69,539375.9
P0101,301,Equipment,Bulldozer,hour,12393,152.86,1894366.63
P0101,302,Equipment,Loader,hour,8005,144.01,1152812.13
P0101,303,Equipment,Compactor,hour,6167,90.31,556944.33
P0101,400,Fuel,Diesel,gallon,95733,3.67,351265.17
P0101,500,Subcontractor,Concrete Work,job,3,28140.71,84422.14
P0101,501,Subcontractor,Utility Work,job,3,22568.49,67705.46
P0102,100,Labor,General Labor,hour,13623,33.42,455255.38
P0102,101,Labor,Equipment Operators,hour,9409,43.35,407908.61
P0102,102,Labor,Supervisors,hour,1866,57.86,107959.83
P0102,103,Labor,Skilled Labor,hour,2132,54.53,116262.35
P0102,200,Materials,Gravel,ton,4769,33.09,157813.7
P0102,201,Materials,Concrete,cubic_yard,5021,156.2,784303.31
P0102,202,Materials,Asphalt,ton,6975,82.34,574320.33
P0102,203,Materials,Topsoil,cubic_yard,9856,40.29,397112.63
P0102,300,Equipment,Excavator,hour,545,144.91,78976.03
P0102,301,Equipment,Bulldozer,hour,9786,186.04,1820610.04
P0102,302,Equipment,Loader,hour,5361,111.96,600243.45
P0102,303,Equipment,Compactor,hour,438,98.62,43197.25
P0102,400,Fuel,Diesel,gallon,32139,3.75,120583.6
P0102,500,Subcontractor,Concrete Work,job,6,26321.73,157930.35
P0102,501,Subcontractor,Utility Work,job,9,24533.49,220801.39
P0103,100,Labor,General Labor,hour,14575,32.66,476064.02
P0103,101,Labor,Equipment Operators,hour,8788,40.51,356024.9
P0103,102,Labor,Supervisors,hour,8499,53.7,456364.24
P0103,103,Labor,Skilled Labor,hour,9990,52.5,524471.23
P0103,200,Materials,Gravel,ton,6528,35.55,232093.34
P0103,201,Materials,Concrete,cubic_yard,12393,141.41,1752538.87
P0103,202,Materials,Asphalt,ton,7920,91.43,724158.15
P0103,203,Materials,Topsoil,cubic_yard,6192,37.79,233977.54
P0103,300,Equipment,Excavator,hour,1792,128.43,230143.43
P0103,301,Equipment,Bulldozer,hour,3785,169.23,640520.98
P0103,302,Equipment,Loader,hour,6051,129.82,785567.36
P0103,303,Equipment,Compactor,hour,8041,107.27,862572.47
P0103,400,Fuel,Diesel,gallon,33064,4.15,137185.76
P0103,500,Subcontractor,Concrete Work,job,7,27237.85,190664.97
P0103,501,Subcontractor,Utility Work,job,9,24359.07,219231.59
P0104,100,Labor,General Labor,hour,7249,33.35,241753.25
P0104,101,Labor,Equipment Operators,hour,7667,47.57,364690.69
P0104,102,Labor,Supervisors,hour,1397,55.06,76912.66
P0104,103,Labor,Skilled Labor,hour,11817,49.42,583989.66
P0104,200,Materials,Gravel,ton,11821,37.91,448188.87
P0104,201,Materials,Concrete,cubic_yard,3333,151.88,506206.35
P0104,202,Materials,Asphalt,ton,4366,92.23,402668.85
P0104,203,Materials,Topsoil,cubic_yard,11295,42.26,477356.38
P0104,300,Equipment,Excavator,hour,686,154.61,106064.13
P0104,301,Equipment,Bulldozer,hour,4361,178.62,778957.09
P0104,302,Equipment,Loader,hour,7915,133.21,1054317.91
P0104,303,Equipment,Compactor,hour,598,103.17,61696.53
P0104,400,Fuel,Diesel,gallon,44705,4.0,178818.76
P0104,500,Subcontractor,Concrete Work,job,6,29713.71,178282.24
P0104,501,Subcontractor,Utility Work,job,6,22572.16,135432.97
P0105,100,Labor,General Labor,hour,7852,30.06,236041.58
P0105,101,Labor,Equipment Operators,hour,17302,41.77,722693.12
P0105,102,Labor,Supervisors,hour,5373,57.41,308458.21
P0105,103,Labor,Skilled Labor,hour,9291,45.11,419073.79
P0105,200,Materials,Gravel,ton,928,30.69,28480.47
P0105,201,Materials,Concrete,cubic_yard,12378,161.8,2002726.73
P0105,202,Materials,Asphalt,ton,454,90.42,41052.24
P0105,203,Materials,Topsoil,cubic_yard,14208,40.41,574138.59
P0105,300,Equipment,Excavator,hour,6362,130.84,832379.44
P0105,301,Equipment,Bulldozer,hour,5876,151.01,887363.83
P0105,302,Equipment,Loader,hour,3568,134.02,478195.26
P0105,303,Equipment,Compactor,hour,1772,91.72,162529.25
P0105,400,Fuel,Diesel,gallon,24661,4.5,110949.25
P0105,500,Subcontractor,Concrete Work,job,5,29067.42,145337.11
P0105,501,Subcontractor,Utility Work,job,4,22676.72,90706.9
P0106,100,Labor,General Labor,hour,10218,32.7,334113.22
P0106,101,Labor,Equipment Operators,hour,10026,44.35,444655.5
P0106,102,Labor,Supervisors,hour,9682,60.29,583745.7
P0106,103,Labor,Skilled Labor,hour,2960,46.58,137885.81
P0106,200,Materials,Gravel,ton,1652,34.82,57526.39
P0106,201,Materials,Concrete,cubic_yard,3577,140.75,503471.69
P0106,202,Materials,Asphalt,ton,16715,86.68,1448896.76
P0106,203,Materials,Topsoil,cubic_yard,18917,39.26,742758.9
P0106,300,Equipment,Excavator,hour,4882,146.17,713605.51
P0106,301,Equipment,Bulldozer,hour,7182,157.23,1129245.7
P0106,302,Equipment,Loader,hour,7354,142.69,1049320.03
P0106,303,Equipment,Compactor,hour,3049,99.07,302059.03
P0106,400,Fuel,Diesel,gallon,17127,4.12,70598.5
P0106,500,Subcontractor,Concrete Work,job,2,26504.74,53009.48
P0106,501,Subcontractor,Utility Work,job,4,22917.54,91670.18
P0107,100,Labor,General Labor,hour,3333,33.49,111610.14
P0107,101,Labor,Equipment Operators,hour,1536,44.26,67982.06
P0107,102,Labor,Supervisors,hour,1354,55.78,75532.23
P0107,103,Labor,Skilled Labor,hour,3236,54.04,174867.48
P0107,200,Materials,Gravel,ton,2614,35.76,93477.0
P0107,201,Materials,Concrete,cubic_yard,2262,150.25,339859.9
P0107,202,Materials,Asphalt,ton,305,101.12,30842.5
P0107,203,Materials,Topsoil,cubic_yard,328,35.96,11795.96
P0107,300,Equipment,Excavator,hour,1555,134.88,209745.55
P0107,301,Equipment,Bulldozer,hour,475,168.38,79981.41
P0107,302,Equipment,Loader,hour,1716,122.44,210112.86
P0107,303,Equipment,Compactor,hour,786,95.67,75196.97
P0107,400,Fuel,Diesel,gallon,14242,4.38,62364.59
P0107,500,Subcontractor,Concrete Work,job,1,29253.71,29253.71
P0107,501,Subcontractor,Utility Work,job,1,21826.4,21826.4
P0108,100,Labor,General Labor,hour,1935,31.57,61090.17
P0108,101,Labor,Equipment Operators,hour,4678,40.56,189761.36
P0108,102,Labor,Supervisors,hour,10530,54.33,572143.29
P0108,103,Labor,Skilled Labor,hour,3668,46.51,170608.21
P0108,200,Materials,Gravel,ton,3243,35.4,114797.81
P0108,201,Materials,Concrete,cubic_yard,2159,144.56,312099.88
P0108,202,Materials,Asphalt,ton,4522,86.94,393151.48
P0108,203,Materials,Topsoil,cubic_yard,7234,38.1,275640.41
P0108,300,Equipment,Excavator,hour,545,141.28,76996.21
P0108,301,Equipment,Bulldozer,hour,2179,160.57,349881.83
P0108,302,Equipment,Loader,hour,5607,119.5,670028.28
P0108,303,Equipment,Compactor,hour,2451,95.18,233296.96
P0108,400,Fuel,Diesel,gallon,2605,3.64,9472.99
P0108,500,Subcontractor,Concrete Work,job,2,32085.43,64170.85
P0108,501,Subcontractor,Utility Work,job,4,22495.78,89983.12
P0109,100,Labor,General Labor,hour,20711,35.59,737022.56
P0109,101,Labor,Equipment Operators,hour,12650,43.16,545951.6
P0109,102,Labor,Supervisors,hour,21295,56.24,1197666.49
P0109,103,Labor,Skilled Labor,hour,14543,47.38,689108.26
P0109,200,Materials,Gravel,ton,6117,35.62,217916.73
P0109,201,Materials,Concrete,cubic_yard,20632,163.42,3371777.13
P0109,202,Materials,Asphalt,ton,23636,96.96,2291753.15
P0109,203,Materials,Topsoil,cubic_yard,9436,44.3,418032.54
P0109,300,Equipment,Excavator,hour,6874,145.32,998936.52
P0109,301,Equipment,Bulldozer,hour,926,155.64,144120.58
P0109,302,Equipment,Loader,hour,6353,114.42,726895.5
P0109,303,Equipment,Compactor,hour,16705,94.09,1571779.19
P0109,400,Fuel,Diesel,gallon,24704,3.76,92805.05
P0109,500,Subcontractor,Concrete Work,job,7,30388.68,212720.77
P0109,501,Subcontractor,Utility Work,job,11,20708.92,227798.1
P0110,100,Labor,General Labor,hour,12704,33.53,425924.84
P0110,101,Labor,Equipment Operators,hour,2451,46.7,114470.83
P0110,102,Labor,Supervisors,hour,9915,56.42,559436.47
P0110,103,Labor,Skilled Labor,hour,8600,48.28,415216.89
P0110,200,Materials,Gravel,ton,11538,30.79,355243.57
P0110,201,Materials,Concrete,cubic_yard,1071,158.67,169935.72
P0110,202,Materials,Asphalt,ton,11788,85.62,1009332.19
P0110,203,Materials,Topsoil,cubic_yard,4488,37.27,167282.66
P0110,300,Equipment,Excavator,hour,530,126.28,66929.92
P0110,301,Equipment,Bulldozer,hour,4832,148.28,716507.42
P0110,302,Equipment,Loader,hour,300,132.95,39884.41
P0110,303,Equipment,Compactor,hour,1310,88.61,116081.05
P0110,400,Fuel,Diesel,gallon,17437,3.94,68621.7
P0110,500,Subcontractor,Concrete Work,job,5,28943.79,144718.95
P0110,501,Subcontractor,Utility Work,job,5,23789.47,118947.34
P0111,100,Labor,General Labor,hour,2005,30.39,60924.46
P0111,101,Labor,Equipment Operators,hour,16044,40.31,646808.26
P0111,102,Labor,Supervisors,hour,12505,52.67,658601.24
P0111,103,Labor,Skilled Labor,hour,17768,52.85,939105.76
P0111,200,Materials,Gravel,ton,11164,35.42,395419.36
P0111,201,Materials,Concrete,cubic_yard,6776,142.63,966440.57
P0111,202,Materials,Asphalt,ton,1146,105.93,121398.41
P0111,203,Materials,Topsoil,cubic_yard,12885,37.9,488398.9
P0111,300,Equipment,Excavator,hour,5269,135.65,714715.28
P0111,301,Equipment,Bulldozer,hour,7238,160.76,1163592.15
P0111,302,Equipment,Loader,hour,1015,134.29,136302.61
P0111,303,Equipment,Compactor,hour,4274,89.97,384516.46
P0111,400,Fuel,Diesel,gallon,15507,3.92,60762.54
P0111,500,Subcontractor,Concrete Work,job,8,31905.33,255242.61
P0111,501,Subcontractor,Utility Work,job,3,21776.35,65329.05
P0112,100,Labor,General Labor,hour,11065,32.68,361566.31
P0112,101,Labor,Equipment Operators,hour,7332,42.83,314014.51
P0112,102,Labor,Supervisors,hour,19556,51.71,1011157.91
P0112,103,Labor,Skilled Labor,hour,5134,56.68,290984.79
P0112,200,Materials,Gravel,ton,18663,33.29,621199.01
P0112,201,Materials,Concrete,cubic_yard,22937,138.12,3168126.84
P0112,202,Materials,Asphalt,ton,6747,90.35,609571.05
P0112,203,Materials,Topsoil,cubic_yard,2280,39.21,89403.05
P0112,300,Equipment,Excavator,hour,4825,132.47,639154.82
P0112,301,Equipment,Bulldozer,hour,2947,156.39,460887.09
P0112,302,Equipment,Loader,hour,11047,118.84,1312777.55
P0112,303,Equipment,Compactor,hour,510,91.96,46898.05
P0112,400,Fuel,Diesel,gallon,82737,3.86,319609.8
P0112,500,Subcontractor,Concrete Work,job,2,29213.36,58426.72
P0112,501,Subcontractor,Utility Work,job,10,23268.57,232685.68
P0113,100,Labor,General Labor,hour,28596,32.24,921925.12
P0113,101,Labor,Equipment Operators,hour,18647,39.91,744129.34
P0113,102,Labor,Supervisors,hour,24313,53.11,1291192.44
P0113,103,Labor,Skilled Labor,hour,17519,48.03,841465.04
P0113,200,Materials,Gravel,ton,11128,34.27,381304.4
P0113,201,Materials,Concrete,cubic_yard,9048,162.25,1468042.2
P0113,202,Materials,Asphalt,ton,16234,105.25,1708704.61
P0113,203,Materials,Topsoil,cubic_yard,24367,44.01,1072401.03
P0113,300,Equipment,Excavator,hour,3867,146.04,564731.58
P0113,301,Equipment,Bulldozer,hour,13049,153.31,2000506.16
P0113,302,Equipment,Loader,hour,6546,129.03,844648.21
P0113,303,Equipment,Compactor,hour,1172,106.78,125151.5
P0113,400,Fuel,Diesel,gallon,72853,3.62,263979.46
P0113,500,Subcontractor,Concrete Work,job,10,28217.61,282176.08
P0113,501,Subcontractor,Utility Work,job,3,22824.44,68473.31
P0114,100,Labor,General Labor,hour,2659,34.6,91989.51
P0114,101,Labor,Equipment Operators,hour,17556,42.48,745811.49
P0114,102,Labor,Supervisors,hour,4544,58.77,267063.41
P0114,103,Labor,Skilled Labor,hour,3376,48.76,164618.96
P0114,200,Materials,Gravel,ton,6888,31.27,215389.94
P0114,201,Materials,Concrete,cubic_yard,1130,148.51,167816.94
P0114,202,Materials,Asphalt,ton,4407,93.63,412621.97
P0114,203,Materials,Topsoil,cubic_yard,553,37.25,20596.56
P0114,300,Equipment,Excavator,hour,4871,134.17,653520.0
P0114,301,Equipment,Bulldozer,hour,1258,170.74,214791.1
P0114,302,Equipment,Loader,hour,4195,119.12,499696.19
P0114,303,Equipment,Compactor,hour,436,89.8,39153.74
P0114,400,Fuel,Diesel,gallon,20044,4.12,82503.46
P0114,500,Subcontractor,Concrete Work,job,8,30098.78,240790.25
P0114,501,Subcontractor,Utility Work,job,4,22787.24,91148.95
P0115,100,Labor,General Labor,hour,1618,35.03,56685.0
P0115,101,Labor,Equipment Operators,hour,6520,43.2,281680.57
P0115,102,Labor,Supervisors,hour,6356,52.69,334874.69
P0115,103,Labor,Skilled Labor,hour,2502,44.64,111685.07
P0115,200,Materials,Gravel,ton,2486,36.37,90413.97
P0115,201,Materials,Concrete,cubic_yard,2188,145.44,318227.5
P0115,202,Materials,Asphalt,ton,3027,101.26,306510.46
P0115,203,Materials,Topsoil,cubic_yard,8502,43.88,373095.17
P0115,300,Equipment,Excavator,hour,4406,140.9,620821.45
P0115,301,Equipment,Bulldozer,hour,4215,158.77,669229.97
P0115,302,Equipment,Loader,hour,2274,113.6,258322.26
P0115,303,Equipment,Compactor,hour,1242,94.93,117907.73
P0115,400,Fuel,Diesel,gallon,13871,4.08,56596.03
P0115,500,Subcontractor,Concrete Work,job,6,29217.83,175307.0
P0115,501,Subcontractor,Utility Work,job,4,21547.17,86188.67
P0116,100,Labor,General Labor,hour,15999,33.76,540051.37
P0116,101,Labor,Equipment Operators,hour,5827,44.74,260673.37
P0116,102,Labor,Supervisors,hour,11838,58.42,691545.98
P0116,103,Labor,Skilled Labor,hour,10608,51.03,541357.53
P0116,200,Materials,Gravel,ton,6954,32.47,225764.52
P0116,201,Materials,Concrete,cubic_yard,17773,152.82,2715990.82
P0116,202,Materials,Asphalt,ton,12697,93.03,1181158.39
P0116,203,Materials,Topsoil,cubic_yard,15312,36.19,554112.93
P0116,300,Equipment,Excavator,hour,13223,134.77,1782064.49
P0116,301,Equipment,Bulldozer,hour,17199,173.78,2988767.12
P0116,302,Equipment,Loader,hour,4627,131.72,609478.36
P0116,303,Equipment,Compactor,hour,4009,92.87,372329.97
P0116,400,Fuel,Diesel,gallon,99281,4.13,409941.69
P0116,500,Subcontractor,Concrete Work,job,5,29269.11,146345.57
P0116,501,Subcontractor,Utility Work,job,13,22425.32,291529.21
P0117,100,Labor,General Labor,hour,2409,34.42,82917.33
P0117,101,Labor,Equipment Operators,hour,5375,44.36,238419.73
P0117,102,Labor,Supervisors,hour,6727,58.18,391345.25
P0117,103,Labor,Skilled Labor,hour,5995,47.93,287323.53
P0117,200,Materials,Gravel,ton,14070,37.03,521055.88
P0117,201,Materials,Concrete,cubic_yard,11711,141.25,1654221.06
P0117,202,Materials,Asphalt,ton,708,105.47,74673.87
P0117,203,Materials,Topsoil,cubic_yard,3614,42.64,154088.79
P0117,300,Equipment,Excavator,hour,4817,148.49,715278.47
P0117,301,Equipment,Bulldozer,hour,1794,160.91,288666.24
P0117,302,Equipment,Loader,hour,7550,130.35,984156.44
P0117,303,Equipment,Compactor,hour,5163,102.16,527435.19
P0117,400,Fuel,Diesel,gallon,51641,3.9,201393.8
P0117,500,Subcontractor,Concrete Work,job,4,25567.65,102270.58
P0117,501,Subcontractor,Utility Work,job,3,21246.8,63740.41
P0118,100,Labor,General Labor,hour,5139,30.55,156974.08
P0118,101,Labor,Equipment Operators,hour,7194,42.66,306907.73
P0118,102,Labor,Supervisors,hour,1269,54.37,68993.53
P0118,103,Labor,Skilled Labor,hour,4634,54.67,253317.94
P0118,200,Materials,Gravel,ton,10483,33.56,351788.82
P0118,201,Materials,Concrete,cubic_yard,2926,149.17,436480.63
P0118,202,Materials,Asphalt,ton,8572,95.04,814645.0
P0118,203,Materials,Topsoil,cubic_yard,9150,41.08,375919.4
P0118,300,Equipment,Excavator,hour,4836,148.01,715782.42
P0118,301,Equipment,Bulldozer,hour,3015,157.89,476052.42
P0118,302,Equipment,Loader,hour,3016,137.22,413855.18
P0118,303,Equipment,Compactor,hour,3827,92.75,354966.49
P0118,400,Fuel,Diesel,gallon,7130,4.38,31205.2
P0118,500,Subcontractor,Concrete Work,job,2,31104.69,62209.37
P0118,501,Subcontractor,Utility Work,job,5,24423.45,122117.27
P0119,100,Labor,General Labor,hour,1604,30.88,49524.32
P0119,101,Labor,Equipment Operators,hour,1144,41.3,47250.69
P0119,102,Labor,Supervisors,hour,1262,58.07,73278.76
P0119,103,Labor,Skilled Labor,hour,917,48.85,44794.18
P0119,200,Materials,Gravel,ton,1388,37.04,51406.93
P0119,201,Materials,Concrete,cubic_yard,1808,148.68,268808.5
P0119,202,Materials,Asphalt,ton,1878,96.93,182028.33
P0119,203,Materials,Topsoil,cubic_yard,181,40.25,7286.03
P0119,300,Equipment,Excavator,hour,626,149.28,93447.53
P0119,301,Equipment,Bulldozer,hour,402,163.28,65639.32
P0119,302,Equipment,Loader,hour,815,132.35,107861.46
P0119,303,Equipment,Compactor,hour,435,77.45,33689.9
P0119,400,Fuel,Diesel,gallon,5148,3.38,17402.8
P0119,500,Subcontractor,Concrete Work,job,1,27189.26,27189.26
P0119,501,Subcontractor,Utility Work,job,1,22450.74,22450.74
P0120,100,Labor,General Labor,hour,9427,32.56,306965.53
P0120,101,Labor,Equipment Operators,hour,12233,44.28,541684.65
P0120,102,Labor,Supervisors,hour,19412,53.89,1046165.95
P0120,103,Labor,Skilled Labor,hour,21128,47.4,1001376.13
P0120,200,Materials,Gravel,ton,20534,38.87,798201.31
P0120,201,Materials,Concrete,cubic_yard,6310,136.98,864355.03
P0120,202,Materials,Asphalt,ton,10573,88.94,940410.47
P0120,203,Materials,Topsoil,cubic_yard,10188,39.57,403123.31
P0120,300,Equipment,Excavator,hour,6860,146.28,1003479.79
P0120,301,Equipment,Bulldozer,hour,8753,174.26,1525327.11
P0120,302,Equipment,Loader,hour,7544,122.57,924644.37
P0120,303,Equipment,Compactor,hour,8383,103.69,869216.62
P0120,400,Fuel,Diesel,gallon,98598,3.86,380216.71
P0120,500,Subcontractor,Concrete Work,job,14,26585.71,372199.99
P0120,501,Subcontractor,Utility Work,job,13,23096.55,300255.21
P0121,100,Labor,General Labor,hour,14026,32.04,449382.74
P0121,101,Labor,Equipment Operators,hour,13726,44.53,611220.08
P0121,102,Labor,Supervisors,hour,10075,51.32,517042.48
P0121,103,Labor,Skilled Labor,hour,6936,45.73,317194.28
P0121,200,Materials,Gravel,ton,14977,37.62,563371.54
P0121,201,Materials,Concrete,cubic_yard,18586,169.77,3155385.16
P0121,202,Materials,Asphalt,ton,11935,82.11,979946.73
P0121,203,Materials,Topsoil,cubic_yard,17880,40.09,716773.54
P0121,300,Equipment,Excavator,hour,3515,137.67,483910.04
P0121,301,Equipment,Bulldozer,hour,6983,189.19,1321116.5
P0121,302,Equipment,Loader,hour,6130,130.43,799558.03
P0121,303,Equipment,Compactor,hour,1365,95.17,129911.86
P0121,400,Fuel,Diesel,gallon,25099,4.16,104294.83
P0121,500,Subcontractor,Concrete Work,job,6,31638.91,189833.46
P0121,501,Subcontractor,Utility Work,job,9,21099.37,189894.32
P0122,100,Labor,General Labor,hour,2985,33.31,99438.13
P0122,101,Labor,Equipment Operators,hour,2040,41.94,85564.43
P0122,102,Labor,Supervisors,hour,1246,57.88,72124.26
P0122,103,Labor,Skilled Labor,hour,1368,45.08,61674.71
P0122,200,Materials,Gravel,ton,2433,32.21,78366.74
P0122,201,Materials,Concrete,cubic_yard,1934,146.87,284053.76
P0122,202,Materials,Asphalt,ton,2235,98.49,220120.44
P0122,203,Materials,Topsoil,cubic_yard,2633,43.74,115154.93
P0122,300,Equipment,Excavator,hour,600,165.97,99579.74
P0122,301,Equipment,Bulldozer,hour,149,164.57,24521.54
P0122,302,Equipment,Loader,hour,1143,128.12,146437.44
P0122,303,Equipment,Compactor,hour,189,107.5,20318.26
P0122,400,Fuel,Diesel,gallon,6306,4.04,25474.73
P0122,500,Subcontractor,Concrete Work,job,3,28275.7,84827.11
P0122,501,Subcontractor,Utility Work,job,1,20375.8,20375.8
P0123,100,Labor,General Labor,hour,22113,33.11,732130.87
P0123,101,Labor,Equipment Operators,hour,18198,43.5,791557.03
P0123,102,Labor,Supervisors,hour,17110,57.49,983695.59
P0123,103,Labor,Skilled Labor,hour,3438,52.21,179483.02
P0123,200,Materials,Gravel,ton,6851,39.14,268168.59
P0123,201,Materials,Concrete,cubic_yard,3854,162.26,625368.16
P0123,202,Materials,Asphalt,ton,13513,95.97,1296895.66
P0123,203,Materials,Topsoil,cubic_yard,13525,36.48,493396.47
P0123,300,Equipment,Excavator,hour,2664,147.2,392134.2
P0123,301,Equipment,Bulldozer,hour,10115,154.64,1564180.2
P0123,302,Equipment,Loader,hour,9502,123.73,1175726.47
P0123,303,Equipment,Compactor,hour,6118,97.49,596442.66
P0123,400,Fuel,Diesel,gallon,59211,3.32,196469.22
P0123,500,Subcontractor,Concrete Work,job,12,28008.88,336106.53
P0123,501,Subcontractor,Utility Work,job,11,22346.68,245813.48
P0124,100,Labor,General Labor,hour,6629,33.7,223389.37
P0124,101,Labor,Equipment Operators,hour,7960,39.69,315927.58
P0124,102,Labor,Supervisors,hour,5786,51.05,295367.52
P0124,103,Labor,Skilled Labor,hour,2931,52.6,154175.16
P0124,200,Materials,Gravel,ton,11025,36.05,397437.79
P0124,201,Materials,Concrete,cubic_yard,6929,135.36,937898.5
P0124,202,Materials,Asphalt,ton,6038,99.44,600428.45
P0124,203,Materials,Topsoil,cubic_yard,5878,37.32,219370.43
P0124,300,Equipment,Excavator,hour,825,137.67,113577.55
P0124,301,Equipment,Bulldozer,hour,3881,155.36,602970.27
P0124,302,Equipment,Loader,hour,1491,124.32,185361.3
P0124,303,Equipment,Compactor,hour,840,98.91,83082.38
P0124,400,Fuel,Diesel,gallon,29350,4.09,119944.59
P0124,500,Subcontractor,Concrete Work,job,3,28189.4,84568.2
P0124,501,Subcontractor,Utility Work,job,5,23201.3,116006.5
P0125,100,Labor,General Labor,hour,9215,32.78,302085.13
P0125,101,Labor,Equipment Operators,hour,2505,40.84,102312.07
P0125,102,Labor,Supervisors,hour,4293,52.13,223798.03
P0125,103,Labor,Skilled Labor,hour,2709,46.43,125774.6
P0125,200,Materials,Gravel,ton,5600,33.78,189161.17
P0125,201,Materials,Concrete,cubic_yard,7511,163.97,1231611.18
P0125,202,Materials,Asphalt,ton,4745,90.37,428807.8
P0125,203,Materials,Topsoil,cubic_yard,1718,33.55,57639.62
P0125,300,Equipment,Excavator,hour,5668,145.38,824007.44
P0125,301,Equipment,Bulldozer,hour,5264,175.36,923080.92
P0125,302,Equipment,Loader,hour,3211,117.11,376032.27
P0125,303,Equipment,Compactor,hour,4351,96.88,421534.53
P0125,400,Fuel,Diesel,gallon,28081,4.37,122851.93
P0125,500,Subcontractor,Concrete Work,job,2,29286.5,58573.0
P0125,501,Subcontractor,Utility Work,job,5,25050.59,125252.93
P0126,100,Labor,General Labor,hour,1947,30.42,59227.07
P0126,101,Labor,Equipment Operators,hour,934,48.31,45118.4
P0126,102,Labor,Supervisors,hour,298,55.66,16586.49
P0126,103,Labor,Skilled Labor,hour,653,51.47,33606.91
P0126,200,Materials,Gravel,ton,2190,34.55,75655.28
P0126,201,Materials,Concrete,cubic_yard,982,158.93,156073.92
P0126,202,Materials,Asphalt,ton,1120,94.24,105547.0
P0126,203,Materials,Topsoil,cubic_yard,486,36.36,17670.44
P0126,300,Equipment,Excavator,hour,420,136.4,57288.16
P0126,301,Equipment,Bulldozer,hour,517,181.58,93875.84
P0126,302,Equipment,Loader,hour,654,116.36,76097.93
P0126,303,Equipment,Compactor,hour,289,109.05,31515.3
P0126,400,Fuel,Diesel,gallon,2408,4.26,10254.49
P0126,500,Subcontractor,Concrete Work,job,1,29875.67,29875.67
P0126,501,Subcontractor,Utility Work,job,1,22096.01,22096.01
P0127,100,Labor,General Labor,hour,12491,35.13,438860.56
P0127,101,Labor,Equipment Operators,hour,25424,46.62,1185242.45
P0127,102,Labor,Supervisors,hour,22838,56.96,1300914.23
P0127,103,Labor,Skilled Labor,hour,21667,52.57,1138993.11
P0127,200,Materials,Gravel,ton,9915,37.15,368338.85
P0127,201,Materials,Concrete,cubic_yard,5400,150.39,812123.63
P0127,202,Materials,Asphalt,ton,21716,99.81,2167444.33
P0127,203,Materials,Topsoil,cubic_yard,15219,36.3,552414.18
P0127,300,Equipment,Excavator,hour,2588,154.16,398967.66
P0127,301,Equipment,Bulldozer,hour,7429,177.33,1317416.66
P0127,302,Equipment,Loader,hour,4624,128.39,593683.11
P0127,303,Equipment,Compactor,hour,5678,108.87,618156.83
P0127,400,Fuel,Diesel,gallon,40938,3.57,146172.3
P0127,500,Subcontractor,Concrete Work,job,3,28307.58,84922.74
P0127,501,Subcontractor,Utility Work,job,7,23213.64,162495.51
P0128,100,Labor,General Labor,hour,8850,32.42,286925.49
P0128,101,Labor,Equipment Operators,hour,8585,42.48,364697.34
P0128,102,Labor,Supervisors,hour,1481,60.19,89134.38
P0128,103,Labor,Skilled Labor,hour,10437,52.73,550315.14
P0128,200,Materials,Gravel,ton,8466,37.15,314504.68
P0128,201,Materials,Concrete,cubic_yard,7376,142.71,1052617.94
P0128,202,Materials,Asphalt,ton,6042,95.6,577640.7
P0128,203,Materials,Topsoil,cubic_yard,3233,35.69,115381.59
P0128,300,Equipment,Excavator,hour,2004,134.5,269531.33
P0128,301,Equipment,Bulldozer,hour,1986,152.06,301993.25
P0128,302,Equipment,Loader,hour,374,125.33,46874.81
P0128,303,Equipment,Compactor,hour,417,104.74,43678.19
P0128,400,Fuel,Diesel,gallon,37890,3.94,149155.58
P0128,500,Subcontractor,Concrete Work,job,4,30605.85,122423.38
P0128,501,Subcontractor,Utility Work,job,3,22620.65,67861.95
P0129,100,Labor,General Labor,hour,12349,35.82,442374.94
P0129,101,Labor,Equipment Operators,hour,10828,46.58,504398.16
P0129,102,Labor,Supervisors,hour,1948,54.73,106609.38
P0129,103,Labor,Skilled Labor,hour,13848,52.7,729787.29
P0129,200,Materials,Gravel,ton,13159,34.58,455028.23
P0129,201,Materials,Concrete,cubic_yard,5718,158.77,907830.49
P0129,202,Materials,Asphalt,ton,2615,100.45,262677.19
P0129,203,Materials,Topsoil,cubic_yard,12398,35.47,439810.23
P0129,300,Equipment,Excavator,hour,3238,137.98,446790.69
P0129,301,Equipment,Bulldozer,hour,4551,133.2,606202.67
P0129,302,Equipment,Loader,hour,357,119.13,42528.17
P0129,303,Equipment,Compactor,hour,4264,96.35,410815.15
P0129,400,Fuel,Diesel,gallon,49281,3.81,187540.51
P0129,500,Subcontractor,Concrete Work,job,9,31471.49,283243.41
P0129,501,Subcontractor,Utility Work,job,1,21003.55,21003.55
P0130,100,Labor,General Labor,hour,5769,31.66,182618.51
P0130,101,Labor,Equipment Operators,hour,7336,41.96,307815.13
P0130,102,Labor,Supervisors,hour,4001,51.55,206236.56
P0130,103,Labor,Skilled Labor,hour,4429,51.53,228215.77
P0130,200,Materials,Gravel,ton,9859,38.86,383078.53
P0130,201,Materials,Concrete,cubic_yard,372,160.42,59676.66
P0130,202,Materials,Asphalt,ton,4708,89.12,419586.13
P0130,203,Materials,Topsoil,cubic_yard,6203,42.04,260751.13
P0130,300,Equipment,Excavator,hour,2261,152.15,344019.0
P0130,301,Equipment,Bulldozer,hour,3153,150.14,473381.31
P0130,302,Equipment,Loader,hour,3167,131.62,416841.32
P0130,303,Equipment,Compactor,hour,1531,98.01,150058.14
P0130,400,Fuel,Diesel,gallon,28455,4.03,114760.15
P0130,500,Subcontractor,Concrete Work,job,2,32042.28,64084.56
P0130,501,Subcontractor,Utility Work,job,5,22369.8,111849.01
P0131,100,Labor,General Labor,hour,1894,31.63,59907.13
P0131,101,Labor,Equipment Operators,hour,6800,41.73,283748.53
P0131,102,Labor,Supervisors,hour,10023,48.09,482051.6
P0131,103,Labor,Skilled Labor,hour,13558,51.41,696978.4
P0131,200,Materials,Gravel,ton,6526,33.16,216424.75
P0131,201,Materials,Concrete,cubic_yard,7771,145.58,1131323.47
P0131,202,Materials,Asphalt,ton,7819,92.48,723086.96
P0131,203,Materials,Topsoil,cubic_yard,9077,37.13,337012.6
P0131,300,Equipment,Excavator,hour,6585,133.46,878826.91
P0131,301,Equipment,Bulldozer,hour,537,167.17,89769.97
P0131,302,Equipment,Loader,hour,2917,118.96,347020.03
P0131,303,Equipment,Compactor,hour,7574,98.67,747325.01
P0131,400,Fuel,Diesel,gallon,51565,3.96,204128.2
P0131,500,Subcontractor,Concrete Work,job,8,27135.28,217082.22
P0131,501,Subcontractor,Utility Work,job,4,20792.39,83169.55
P0132,100,Labor,General Labor,hour,24612,37.24,916538.6
P0132,101,Labor,Equipment Operators,hour,16957,42.61,722507.56
P0132,102,Labor,Supervisors,hour,16521,57.32,946973.7
P0132,103,Labor,Skilled Labor,hour,6719,55.31,371630.27
P0132,200,Materials,Gravel,ton,7964,33.95,270397.48
P0132,201,Materials,Concrete,cubic_yard,12886,148.66,1915577.65
P0132,202,Materials,Asphalt,ton,7795,99.96,779196.46
P0132,203,Materials,Topsoil,cubic_yard,10823,34.35,371753.23
P0132,300,Equipment,Excavator,hour,5511,151.76,836333.03
P0132,301,Equipment,Bulldozer,hour,4333,164.33,712023.74
P0132,302,Equipment,Loader,hour,3375,135.84,458459.71
P0132,303,Equipment,Compactor,hour,4810,90.07,433243.31
P0132,400,Fuel,Diesel,gallon,11829,4.0,47301.44
P0132,500,Subcontractor,Concrete Work,job,5,29381.48,146907.4
P0132,501,Subcontractor,Utility Work,job,7,21158.7,148110.91
P0133,100,Labor,General Labor,hour,7152,30.45,217791.25
P0133,101,Labor,Equipment Operators,hour,9059,48.46,438989.51
P0133,102,Labor,Supervisors,hour,11992,57.36,687842.32
P0133,103,Labor,Skilled Labor,hour,11105,51.72,574341.59
P0133,200,Materials,Gravel,ton,2098,36.46,76497.12
P0133,201,Materials,Concrete,cubic_yard,15432,157.61,2432210.9
P0133,202,Materials,Asphalt,ton,11627,95.2,1106868.48
P0133,203,Materials,Topsoil,cubic_yard,1549,38.14,59084.56
P0133,300,Equipment,Excavator,hour,1331,133.22,177318.64
P0133,301,Equipment,Bulldozer,hour,6143,156.73,962787.11
P0133,302,Equipment,Loader,hour,788,116.06,91452.12
P0133,303,Equipment,Compactor,hour,8658,101.66,880192.22
P0133,400,Fuel,Diesel,gallon,66893,4.28,286211.67
P0133,500,Subcontractor,Concrete Work,job,3,29238.6,87715.79
P0133,501,Subcontractor,Utility Work,job,6,24290.03,145740.15
P0134,100,Labor,General Labor,hour,11584,32.4,375341.65
P0134,101,Labor,Equipment Operators,hour,20979,42.93,900691.71
P0134,102,Labor,Supervisors,hour,5083,52.59,267310.86
P0134,103,Labor,Skilled Labor,hour,22080,48.09,1061720.19
P0134,200,Materials,Gravel,ton,5740,37.91,217593.02
P0134,201,Materials,Concrete,cubic_yard,6922,134.37,930100.05
P0134,202,Materials,Asphalt,ton,3637,108.08,393071.51
P0134,203,Materials,Topsoil,cubic_yard,22966,41.29,948233.14
P0134,300,Equipment,Excavator,hour,4023,141.08,567546.14
P0134,301,Equipment,Bulldozer,hour,11021,161.36,1778320.86
P0134,302,Equipment,Loader,hour,7012,130.25,913309.34
P0134,303,Equipment,Compactor,hour,3083,95.32,293870.52
P0134,400,Fuel,Diesel,gallon,100276,4.03,403940.48
P0134,500,Subcontractor,Concrete Work,job,6,28046.75,168280.51
P0134,501,Subcontractor,Utility Work,job,2,21450.09,42900.18
P0135,100,Labor,General Labor,hour,15132,35.81,541945.25
P0135,101,Labor,Equipment Operators,hour,10784,38.88,419232.45
P0135,102,Labor,Supervisors,hour,8713,51.77,451110.97
P0135,103,Labor,Skilled Labor,hour,4915,52.32,257174.57
P0135,200,Materials,Gravel,ton,6951,34.86,242332.18
P0135,201,Materials,Concrete,cubic_yard,4664,139.5,650637.91
P0135,202,Materials,Asphalt,ton,684,98.57,67422.03
P0135,203,Materials,Topsoil,cubic_yard,13323,37.16,495092.68
P0135,300,Equipment,Excavator,hour,4576,123.48,565063.86
P0135,301,Equipment,Bulldozer,hour,4115,150.54,619479.19
P0135,302,Equipment,Loader,hour,7957,114.9,914296.49
P0135,303,Equipment,Compactor,hour,5936,90.72,538495.55
P0135,400,Fuel,Diesel,gallon,16095,4.01,64555.51
P0135,500,Subcontractor,Concrete Work,job,6,26774.74,160648.41
P0135,501,Subcontractor,Utility Work,job,9,22940.25,206462.26
P0136,100,Labor,General Labor,hour,2534,30.94,78413.4
P0136,101,Labor,Equipment Operators,hour,3630,42.1,152818.7
P0136,102,Labor,Supervisors,hour,4154,55.1,228871.96
P0136,103,Labor,Skilled Labor,hour,1955,49.61,96981.23
P0136,200,Materials,Gravel,ton,1320,33.92,44780.98
P0136,201,Materials,Concrete,cubic_yard,3053,160.4,489705.48
P0136,202,Materials,Asphalt,ton,3385,92.78,314060.39
P0136,203,Materials,Topsoil,cubic_yard,1854,37.89,70254.73
P0136,300,Equipment,Excavator,hour,1676,130.01,217901.86
P0136,301,Equipment,Bulldozer,hour,1589,163.69,260097.17
P0136,302,Equipment,Loader,hour,230,132.93,30572.93
P0136,303,Equipment,Compactor,hour,717,93.29,66890.87
P0136,400,Fuel,Diesel,gallon,12098,3.77,45658.57
P0136,500,Subcontractor,Concrete Work,job,2,26633.58,53267.16
P0136,501,Subcontractor,Utility Work,job,2,21117.85,42235.71
P0137,100,Labor,General Labor,hour,8100,31.52,255278.78
P0137,101,Labor,Equipment Operators,hour,10026,45.36,454824.71
P0137,102,Labor,Supervisors,hour,14558,63.71,927517.83
P0137,103,Labor,Skilled Labor,hour,2518,46.33,116663.21
P0137,200,Materials,Gravel,ton,20226,37.26,753663.05
P0137,201,Materials,Concrete,cubic_yard,13756,140.69,1935342.89
P0137,202,Materials,Asphalt,ton,17893,103.16,1845911.67
P0137,203,Materials,Topsoil,cubic_yard,5081,41.76,212205.6
P0137,300,Equipment,Excavator,hour,5658,135.12,764507.27
P0137,301,Equipment,Bulldozer,hour,5617,159.17,894078.57
P0137,302,Equipment,Loader,hour,6636,119.27,791464.47
P0137,303,Equipment,Compactor,hour,7811,90.87,709754.72
P0137,400,Fuel,Diesel,gallon,96573,4.14,399856.94
P0137,500,Subcontractor,Concrete Work,job,2,27116.44,54232.88
P0137,501,Subcontractor,Utility Work,job,11,22009.92,242109.14
P0138,100,Labor,General Labor,hour,4062,33.21,134915.57
P0138,101,Labor,Equipment Operators,hour,5894,44.29,261044.48
P0138,102,Labor,Supervisors,hour,2878,50.25,144620.6
P0138,103,Labor,Skilled Labor,hour,4375,53.27,233042.1
P0138,200,Materials,Gravel,ton,1544,35.46,54751.71
P0138,201,Materials,Concrete,cubic_yard,3289,138.51,455556.64
P0138,202,Materials,Asphalt,ton,2713,105.3,285675.32
P0138,203,Materials,Topsoil,cubic_yard,6187,38.31,237006.67
P0138,300,Equipment,Excavator,hour,1925,133.64,257259.74
P0138,301,Equipment,Bulldozer,hour,516,151.01,77921.36
P0138,302,Equipment,Loader,hour,2054,127.49,261870.54
P0138,303,Equipment,Compactor,hour,3100,90.03,279082.24
P0138,400,Fuel,Diesel,gallon,13449,3.71,49859.99
P0138,500,Subcontractor,Concrete Work,job,3,26114.54,78343.62
P0138,501,Subcontractor,Utility Work,job,1,23206.27,23206.27
P0139,100,Labor,General Labor,hour,860,31.34,26952.78
P0139,101,Labor,Equipment Operators,hour,722,46.52,33584.68
P0139,102,Labor,Supervisors,hour,1731,52.57,91007.28
P0139,103,Labor,Skilled Labor,hour,1155,47.48,54835.76
P0139,200,Materials,Gravel,ton,1864,31.53,58772.27
P0139,201,Materials,Concrete,cubic_yard,219,149.12,32658.37
P0139,202,Materials,Asphalt,ton,1521,93.51,142229.11
P0139,203,Materials,Topsoil,cubic_yard,2067,38.53,79634.43
P0139,300,Equipment,Excavator,hour,500,136.02,68008.13
P0139,301,Equipment,Bulldozer,hour,70,160.21,11214.75
P0139,302,Equipment,Loader,hour,801,115.56,92567.31
P0139,303,Equipment,Compactor,hour,993,100.1,99398.38
P0139,400,Fuel,Diesel,gallon,3494,4.18,14603.89
P0139,500,Subcontractor,Concrete Work,job,1,27762.53,27762.53
P0139,501,Subcontractor,Utility Work,job,1,22233.51,22233.51
P0140,100,Labor,General Labor,hour,3904,32.98,128734.76
P0140,101,Labor,Equipment Operators,hour,2103,44.26,93070.14
P0140,102,Labor,Supervisors,hour,10700,55.53,594138.52
P0140,103,Labor,Skilled Labor,hour,8207,48.68,399502.1
P0140,200,Materials,Gravel,ton,11245,36.04,405259.15
P0140,201,Materials,Concrete,cubic_yard,4983,150.52,750025.11
P0140,202,Materials,Asphalt,ton,5801,106.15,615751.39
P0140,203,Materials,Topsoil,cubic_yard,2098,40.55,85070.2
P0140,300,Equipment,Excavator,hour,1984,138.92,275621.03
P0140,301,Equipment,Bulldozer,hour,4668,179.48,837797.81
P0140,302,Equipment,Loader,hour,4055,111.52,452213.95
P0140,303,Equipment,Compactor,hour,5969,99.7,595117.11
P0140,400,Fuel,Diesel,gallon,47083,3.38,159159.16
P0140,500,Subcontractor,Concrete Work,job,2,28032.03,56064.06
P0140,501,Subcontractor,Utility Work,job,5,22099.34,110496.68
P0141,100,Labor,General Labor,hour,6776,33.88,229599.78
P0141,101,Labor,Equipment Operators,hour,6985,40.56,283327.88
P0141,102,Labor,Supervisors,hour,3429,53.65,183954.36
P0141,103,Labor,Skilled Labor,hour,18400,53.76,989197.75
P0141,200,Materials,Gravel,ton,802,33.04,26498.8
P0141,201,Materials,Concrete,cubic_yard,4143,152.44,631538.32
P0141,202,Materials,Asphalt,ton,6759,91.97,621594.03
P0141,203,Materials,Topsoil,cubic_yard,12811,39.72,508900.43
P0141,300,Equipment,Excavator,hour,3209,141.22,453161.45
P0141,301,Equipment,Bulldozer,hour,492,159.23,78340.91
P0141,302,Equipment,Loader,hour,8057,139.97,1127705.78
P0141,303,Equipment,Compactor,hour,3474,105.75,367386.93
P0141,400,Fuel,Diesel,gallon,45142,4.0,180467.22
P0141,500,Subcontractor,Concrete Work,job,2,31121.83,62243.66
P0141,501,Subcontractor,Utility Work,job,6,20317.85,121907.12
P0142,100,Labor,General Labor,hour,5879,33.53,197103.14
P0142,101,Labor,Equipment Operators,hour,21803,42.47,925995.31
P0142,102,Labor,Supervisors,hour,10565,56.46,596550.68
P0142,103,Labor,Skilled Labor,hour,19007,43.89,834201.35
P0142,200,Materials,Gravel,ton,10480,32.82,343950.31
P0142,201,Materials,Concrete,cubic_yard,6582,144.18,948994.14
P0142,202,Materials,Asphalt,ton,28479,89.46,2547751.0
P0142,203,Materials,Topsoil,cubic_yard,20026,38.45,770011.39
P0142,300,Equipment,Excavator,hour,13939,131.47,1832546.55
P0142,301,Equipment,Bulldozer,hour,682,162.56,110863.13
P0142,302,Equipment,Loader,hour,8220,131.83,1083602.93
P0142,303,Equipment,Compactor,hour,13607,105.33,1433290.54
P0142,400,Fuel,Diesel,gallon,15704,4.12,64752.76
P0142,500,Subcontractor,Concrete Work,job,13,28041.87,364544.35
P0142,501,Subcontractor,Utility Work,job,13,21930.38,285094.92
P0143,100,Labor,General Labor,hour,4250,33.85,143883.38
P0143,101,Labor,Equipment Operators,hour,5556,45.51,252877.12
P0143,102,Labor,Supervisors,hour,8370,58.8,492196.65
P0143,103,Labor,Skilled Labor,hour,1506,54.48,82047.49
P0143,200,Materials,Gravel,ton,3196,32.18,102837.45
P0143,201,Materials,Concrete,cubic_yard,3967,162.61,645081.73
P0143,202,Materials,Asphalt,ton,5102,83.69,426981.35
P0143,203,Materials,Topsoil,cubic_yard,2143,36.93,79151.51
P0143,300,Equipment,Excavator,hour,2014,150.24,302587.86
P0143,301,Equipment,Bulldozer,hour,3819,146.62,559952.15
P0143,302,Equipment,Loader,hour,3209,125.53,402812.56
P0143,303,Equipment,Compactor,hour,1694,108.34,183529.51
P0143,400,Fuel,Diesel,gallon,12712,3.82,48550.38
P0143,500,Subcontractor,Concrete Work,job,2,25942.22,51884.44
P0143,501,Subcontractor,Utility Work,job,1,23247.85,23247.85
P0144,100,Labor,General Labor,hour,3010,35.43,106633.17
P0144,101,Labor,Equipment Operators,hour,7439,41.32,307394.08
P0144,102,Labor,Supervisors,hour,13133,56.52,742329.33
P0144,103,Labor,Skilled Labor,hour,20329,48.94,994922.34
P0144,200,Materials,Gravel,ton,1298,35.78,46443.44
P0144,201,Materials,Concrete,cubic_yard,16549,145.84,2413493.88
P0144,202,Materials,Asphalt,ton,4653,93.06,433025.95
P0144,203,Materials,Topsoil,cubic_yard,4048,46.28,187347.3
P0144,300,Equipment,Excavator,hour,5326,134.65,717147.52
P0144,301,Equipment,Bulldozer,hour,5833,157.37,917954.03
P0144,302,Equipment,Loader,hour,10836,127.54,1382013.96
P0144,303,Equipment,Compactor,hour,11703,100.51,1176321.57
P0144,400,Fuel,Diesel,gallon,83454,4.54,379224.89
P0144,500,Subcontractor,Concrete Work,job,9,27000.41,243003.7
P0144,501,Subcontractor,Utility Work,job,6,21738.5,130431.02
P0145,100,Labor,General Labor,hour,5739,33.66,193190.78
P0145,101,Labor,Equipment Operators,hour,1655,46.78,77420.58
P0145,102,Labor,Supervisors,hour,3725,54.6,203376.13
P0145,103,Labor,Skilled Labor,hour,9930,51.38,510245.51
P0145,200,Materials,Gravel,ton,8648,33.96,293653.66
P0145,201,Materials,Concrete,cubic_yard,6393,156.9,1003087.9
P0145,202,Materials,Asphalt,ton,1119,101.26,113307.07
P0145,203,Materials,Topsoil,cubic_yard,4788,38.15,182672.21
P0145,300,Equipment,Excavator,hour,3382,149.27,504830.67
P0145,301,Equipment,Bulldozer,hour,4183,161.56,675786.09
P0145,302,Equipment,Loader,hour,3539,128.71,455497.68
P0145,303,Equipment,Compactor,hour,3668,99.05,363308.8
P0145,400,Fuel,Diesel,gallon,20703,3.88,80343.34
P0145,500,Subcontractor,Concrete Work,job,1,27856.18,27856.18
P0145,501,Subcontractor,Utility Work,job,2,21869.96,43739.93
P0146,100,Labor,General Labor,hour,2062,37.63,77587.29
P0146,101,Labor,Equipment Operators,hour,5310,43.61,231549.84
P0146,102,Labor,Supervisors,hour,2929,57.5,168421.86
P0146,103,Labor,Skilled Labor,hour,6260,51.91,324987.72
P0146,200,Materials,Gravel,ton,8628,38.7,333937.07
P0146,201,Materials,Concrete,cubic_yard,1596,162.35,259114.89
P0146,202,Materials,Asphalt,ton,5541,83.72,463919.01
P0146,203,Materials,Topsoil,cubic_yard,3603,35.6,128283.91
P0146,300,Equipment,Excavator,hour,1863,148.21,276121.52
P0146,301,Equipment,Bulldozer,hour,2349,161.97,380463.5
P0146,302,Equipment,Loader,hour,504,131.95,66504.25
P0146,303,Equipment,Compactor,hour,1295,102.91,133271.81
P0146,400,Fuel,Diesel,gallon,1611,4.05,6532.34
P0146,500,Subcontractor,Concrete Work,job,2,26871.49,53742.98
P0146,501,Subcontractor,Utility Work,job,3,23358.96,70076.89
P0147,100,Labor,General Labor,hour,524,33.96,17794.24
P0147,101,Labor,Equipment Operators,hour,708,42.82,30314.63
P0147,102,Labor,Supervisors,hour,2050,59.06,121083.13
P0147,103,Labor,Skilled Labor,hour,2043,44.52,90962.04
P0147,200,Materials,Gravel,ton,2131,36.11,76954.75
P0147,201,Materials,Concrete,cubic_yard,2470,161.76,399546.63
P0147,202,Materials,Asphalt,ton,3164,99.99,316366.36
P0147,203,Materials,Topsoil,cubic_yard,1490,39.78,59278.78
P0147,300,Equipment,Excavator,hour,506,124.93,63214.62
P0147,301,Equipment,Bulldozer,hour,485,168.7,81819.87
P0147,302,Equipment,Loader,hour,1742,142.89,248918.18
P0147,303,Equipment,Compactor,hour,1384,88.2,122064.25
P0147,400,Fuel,Diesel,gallon,8825,4.15,36634.18
P0147,500,Subcontractor,Concrete Work,job,1,27292.57,27292.57
P0147,501,Subcontractor,Utility Work,job,1,23676.87,23676.87
P0148,100,Labor,General Labor,hour,6853,36.86,252572.3
P0148,101,Labor,Equipment Operators,hour,14396,40.92,589131.09
P0148,102,Labor,Supervisors,hour,4441,54.96,244057.08
P0148,103,Labor,Skilled Labor,hour,12589,51.29,645663.93
P0148,200,Materials,Gravel,ton,3945,32.29,127386.12
P0148,201,Materials,Concrete,cubic_yard,726,156.84,113866.9
P0148,202,Materials,Asphalt,ton,7638,97.47,744473.75
P0148,203,Materials,Topsoil,cubic_yard,8833,39.1,345411.0
P0148,300,Equipment,Excavator,hour,6877,132.28,909682.47
P0148,301,Equipment,Bulldozer,hour,7898,162.1,1280277.06
P0148,302,Equipment,Loader,hour,5289,118.25,625425.35
P0148,303,Equipment,Compactor,hour,3887,93.62,363883.09
P0148,400,Fuel,Diesel,gallon,43971,3.65,160463.32
P0148,500,Subcontractor,Concrete Work,job,6,28663.02,171978.1
P0148,501,Subcontractor,Utility Work,job,5,22418.45,112092.25
P0149,100,Labor,General Labor,hour,5556,32.59,181096.11
P0149,101,Labor,Equipment Operators,hour,979,42.57,41677.2
P0149,102,Labor,Supervisors,hour,5239,53.02,277783.97
P0149,103,Labor,Skilled Labor,hour,5263,49.79,262056.64
P0149,200,Materials,Gravel,ton,1508,36.94,55698.63
P0149,201,Materials,Concrete,cubic_yard,4097,147.15,602893.03
P0149,202,Materials,Asphalt,ton,6428,92.9,597158.13
P0149,203,Materials,Topsoil,cubic_yard,1371,41.25,56557.26
P0149,300,Equipment,Excavator,hour,3155,130.28,411034.42
P0149,301,Equipment,Bulldozer,hour,1211,179.12,216913.31
P0149,302,Equipment,Loader,hour,850,128.93,109586.41
P0149,303,Equipment,Compactor,hour,2807,94.9,266376.24
P0149,400,Fuel,Diesel,gallon,2638,4.12,10881.24
P0149,500,Subcontractor,Concrete Work,job,3,29327.67,87983.02
P0149,501,Subcontractor,Utility Work,job,1,22871.1,22871.1
P0150,100,Labor,General Labor,hour,3975,29.07,115566.46
P0150,101,Labor,Equipment Operators,hour,8391,43.58,365658.92
P0150,102,Labor,Supervisors,hour,1733,53.11,92035.23
P0150,103,Labor,Skilled Labor,hour,9103,54.93,500034.42
P0150,200,Materials,Gravel,ton,1199,35.92,43066.86
P0150,201,Materials,Concrete,cubic_yard,7691,156.01,1199908.39
P0150,202,Materials,Asphalt,ton,5499,98.51,541699.44
P0150,203,Materials,Topsoil,cubic_yard,5749,41.05,235969.21
P0150,300,Equipment,Excavator,hour,1911,131.03,250389.26
P0150,301,Equipment,Bulldozer,hour,2862,161.1,461077.66
P0150,302,Equipment,Loader,hour,3499,116.24,406707.86
P0150,303,Equipment,Compactor,hour,1285,87.85,112881.14
P0150,400,Fuel,Diesel,gallon,8577,4.29,36771.44
P0150,500,Subcontractor,Concrete Work,job,3,28818.67,86456.01
P0150,501,Subcontractor,Utility Work,job,2,23428.53,46857.07
P0151,100,Labor,General Labor,hour,204,32.16,6561.55
P0151,101,Labor,Equipment Operators,hour,1368,43.85,59980.86
P0151,102,Labor,Supervisors,hour,1753,56.96,99846.26
P0151,103,Labor,Skilled Labor,hour,1790,47.28,84632.3
P0151,200,Materials,Gravel,ton,1023,33.86,34637.61
P0151,201,Materials,Concrete,cubic_yard,906,164.49,149024.21
P0151,202,Materials,Asphalt,ton,74,87.39,6466.57
P0151,203,Materials,Topsoil,cubic_yard,1238,38.41,47550.83
P0151,300,Equipment,Excavator,hour,810,127.04,102900.17
P0151,301,Equipment,Bulldozer,hour,172,146.68,25228.84
P0151,302,Equipment,Loader,hour,239,123.14,29431.24
P0151,303,Equipment,Compactor,hour,331,102.11,33799.56
P0151,400,Fuel,Diesel,gallon,2624,3.95,10364.68
P0151,500,Subcontractor,Concrete Work,job,1,28754.71,28754.71
P0151,501,Subcontractor,Utility Work,job,1,22016.77,22016.77
P0152,100,Labor,General Labor,hour,902,36.08,32546.54
P0152,101,Labor,Equipment Operators,hour,1645,44.56,73299.09
P0152,102,Labor,Supervisors,hour,1036,62.64,64894.04
P0152,103,Labor,Skilled Labor,hour,451,50.69,22860.16
P0152,200,Materials,Gravel,ton,1520,39.73,60397.05
P0152,201,Materials,Concrete,cubic_yard,2219,148.47,329451.42
P0152,202,Materials,Asphalt,ton,438,99.05,43381.73
P0152,203,Materials,Topsoil,cubic_yard,1425,37.05,52800.47
P0152,300,Equipment,Excavator,hour,678,141.67,96050.35
P0152,301,Equipment,Bulldozer,hour,279,145.18,40504.04
P0152,302,Equipment,Loader,hour,776,117.67,91314.59
P0152,303,Equipment,Compactor,hour,187,102.24,19119.33
P0152,400,Fuel,Diesel,gallon,4012,4.19,16828.36
P0152,500,Subcontractor,Concrete Work,job,1,30783.28,30783.28
P0152,501,Subcontractor,Utility Work,job,1,22148.09,22148.09
P0153,100,Labor,General Labor,hour,11274,32.04,361229.74
P0153,101,Labor,Equipment Operators,hour,5118,45.5,232889.37
P0153,102,Labor,Supervisors,hour,9997,59.61,595901.15
P0153,103,Labor,Skilled Labor,hour,16307,48.66,793483.6
P0153,200,Materials,Gravel,ton,6077,36.81,223709.87
P0153,201,Materials,Concrete,cubic_yard,4199,128.47,539439.36
P0153,202,Materials,Asphalt,ton,889,95.38,84792.59
P0153,203,Materials,Topsoil,cubic_yard,12034,40.06,482031.02
P0153,300,Equipment,Excavator,hour,2748,160.21,440251.73
P0153,301,Equipment,Bulldozer,hour,6540,150.81,986316.13
P0153,302,Equipment,Loader,hour,2172,115.49,250846.55
P0153,303,Equipment,Compactor,hour,7029,86.25,606273.27
P0153,400,Fuel,Diesel,gallon,34588,4.1,141953.98
P0153,500,Subcontractor,Concrete Work,job,10,32395.36,323953.64
P0153,501,Subcontractor,Utility Work,job,7,20975.58,146829.07
P0154,100,Labor,General Labor,hour,1085,32.53,35295.72
P0154,101,Labor,Equipment Operators,hour,8030,46.49,373287.37
P0154,102,Labor,Supervisors,hour,5080,60.05,305073.14
P0154,103,Labor,Skilled Labor,hour,7145,51.29,366437.47
P0154,200,Materials,Gravel,ton,4365,38.6,168498.94
P0154,201,Materials,Concrete,cubic_yard,5021,158.13,793971.83
P0154,202,Materials,Asphalt,ton,6775,104.4,707328.06
P0154,203,Materials,Topsoil,cubic_yard,2301,41.05,94466.69
P0154,300,Equipment,Excavator,hour,2415,156.24,377328.78
P0154,301,Equipment,Bulldozer,hour,3296,153.11,504658.74
P0154,302,Equipment,Loader,hour,1440,100.8,145153.7
P0154,303,Equipment,Compactor,hour,867,95.04,82403.9
P0154,400,Fuel,Diesel,gallon,21449,4.05,86769.92
P0154,500,Subcontractor,Concrete Work,job,3,30021.88,90065.64
P0154,501,Subcontractor,Utility Work,job,1,23746.83,23746.83
P0155,100,Labor,General Labor,hour,2799,33.48,93705.47
P0155,101,Labor,Equipment Operators,hour,7446,40.03,298072.21
P0155,102,Labor,Supervisors,hour,6389,56.56,361391.31
P0155,103,Labor,Skilled Labor,hour,2114,48.18,101843.88
P0155,200,Materials,Gravel,ton,294,32.02,9413.97
P0155,201,Materials,Concrete,cubic_yard,3525,147.55,520098.46
P0155,202,Materials,Asphalt,ton,2070,91.21,188805.4
P0155,203,Materials,Topsoil,cubic_yard,8209,36.74,301601.45
P0155,300,Equipment,Excavator,hour,5001,143.59,718082.8
P0155,301,Equipment,Bulldozer,hour,3077,168.35,518014.3
P0155,302,Equipment,Loader,hour,2161,123.55,266999.44
P0155,303,Equipment,Compactor,hour,4509,108.71,490167.19
P0155,400,Fuel,Diesel,gallon,37303,3.65,136335.69
P0155,500,Subcontractor,Concrete Work,job,3,27425.04,82275.12
P0155,501,Subcontractor,Utility Work,job,5,22353.43,111767.15
P0156,100,Labor,General Labor,hour,19645,34.25,672911.0
P0156,101,Labor,Equipment Operators,hour,5616,39.58,222295.72
P0156,102,Labor,Supervisors,hour,8412,59.31,498951.42
P0156,103,Labor,Skilled Labor,hour,17847,50.35,898632.2
P0156,200,Materials,Gravel,ton,14797,36.26,536536.19
P0156,201,Materials,Concrete,cubic_yard,3883,140.18,544320.29
P0156,202,Materials,Asphalt,ton,3253,94.19,306393.75
P0156,203,Materials,Topsoil,cubic_yard,9111,41.94,382160.81
P0156,300,Equipment,Excavator,hour,7364,137.18,1010173.78
P0156,301,Equipment,Bulldozer,hour,8203,153.79,1261578.49
P0156,302,Equipment,Loader,hour,3603,121.49,437731.64
P0156,303,Equipment,Compactor,hour,9179,97.28,892970.48
P0156,400,Fuel,Diesel,gallon,17457,4.0,69848.51
P0156,500,Subcontractor,Concrete Work,job,10,29035.22,290352.19
P0156,501,Subcontractor,Utility Work,job,5,23538.33,117691.64
P0157,100,Labor,General Labor,hour,4877,32.06,156380.5
P0157,101,Labor,Equipment Operators,hour,6265,43.18,270516.13
P0157,102,Labor,Supervisors,hour,5554,56.22,312220.09
P0157,103,Labor,Skilled Labor,hour,2806,44.95,126127.61
P0157,200,Materials,Gravel,ton,15201,40.96,622706.34
P0157,201,Materials,Concrete,cubic_yard,2057,164.02,337390.18
P0157,202,Materials,Asphalt,ton,3034,86.62,262793.89
P0157,203,Materials,Topsoil,cubic_yard,429,37.54,16104.44
P0157,300,Equipment,Excavator,hour,6118,138.0,844263.04
P0157,301,Equipment,Bulldozer,hour,5602,140.92,789440.15
P0157,302,Equipment,Loader,hour,4282,114.64,490884.31
P0157,303,Equipment,Compactor,hour,5016,87.76,440190.63
P0157,400,Fuel,Diesel,gallon,31321,3.99,124874.11
P0157,500,Subcontractor,Concrete Work,job,6,26176.15,157056.89
P0157,501,Subcontractor,Utility Work,job,7,23944.62,167612.37
P0158,100,Labor,General Labor,hour,3259,30.59,99695.21
P0158,101,Labor,Equipment Operators,hour,7234,47.92,346662.61
P0158,102,Labor,Supervisors,hour,3199,55.0,175958.65
P0158,103,Labor,Skilled Labor,hour,1745,47.35,82628.7
P0158,200,Materials,Gravel,ton,6200,32.25,199932.76
P0158,201,Materials,Concrete,cubic_yard,5539,137.65,762420.76
P0158,202,Materials,Asphalt,ton,2226,94.34,210009.85
P0158,203,Materials,Topsoil,cubic_yard,4696,38.79,182167.1
P0158,300,Equipment,Excavator,hour,2826,138.86,392412.5
P0158,301,Equipment,Bulldozer,hour,623,176.51,109963.39
P0158,302,Equipment,Loader,hour,1270,116.45,147892.0
P0158,303,Equipment,Compactor,hour,1595,104.04,165940.72
P0158,400,Fuel,Diesel,gallon,14975,3.99,59740.89
P0158,500,Subcontractor,Concrete Work,job,4,28043.17,112172.7
P0158,501,Subcontractor,Utility Work,job,1,24124.25,24124.25
P0159,100,Labor,General Labor,hour,5464,30.87,168687.13
P0159,101,Labor,Equipment Operators,hour,3302,43.49,143607.38
P0159,102,Labor,Supervisors,hour,6861,62.57,429318.46
P0159,103,Labor,Skilled Labor,hour,4350,47.95,208600.98
P0159,200,Materials,Gravel,ton,1380,36.47,50325.41
P0159,201,Materials,Concrete,cubic_yard,6794,136.64,928313.72
P0159,202,Materials,Asphalt,ton,4594,94.3,433232.56
P0159,203,Materials,Topsoil,cubic_yard,5487,43.15,236773.1
P0159,300,Equipment,Excavator,hour,3662,149.23,546482.93
P0159,301,Equipment,Bulldozer,hour,2307,158.63,365948.73
P0159,302,Equipment,Loader,hour,1522,119.66,182114.95
P0159,303,Equipment,Compactor,hour,2855,91.88,262315.14
P0159,400,Fuel,Diesel,gallon,10528,3.94,41518.83
P0159,500,Subcontractor,Concrete Work,job,2,25551.14,51102.28
P0159,501,Subcontractor,Utility Work,job,4,22637.09,90548.36
P0160,100,Labor,General Labor,hour,3809,35.72,136071.25
P0160,101,Labor,Equipment Operators,hour,5041,45.93,231552.43
P0160,102,Labor,Supervisors,hour,2536,57.33,145388.96
P0160,103,Labor,Skilled Labor,hour,8060,45.6,367534.41
P0160,200,Materials,Gravel,ton,6540,36.97,241768.81
P0160,201,Materials,Concrete,cubic_yard,7642,143.3,1095109.8
P0160,202,Materials,Asphalt,ton,6304,94.41,595129.42
P0160,203,Materials,Topsoil,cubic_yard,801,39.63,31744.66
P0160,300,Equipment,Excavator,hour,2471,139.57,344885.86
P0160,301,Equipment,Bulldozer,hour,1058,150.61,159344.03
P0160,302,Equipment,Loader,hour,1248,126.79,158235.57
P0160,303,Equipment,Compactor,hour,281,95.46,26825.35
P0160,400,Fuel,Diesel,gallon,14187,3.77,53506.48
P0160,500,Subcontractor,Concrete Work,job,2,26598.82,53197.65
P0160,501,Subcontractor,Utility Work,job,4,20204.41,80817.63
P0161,100,Labor,General Labor,hour,4011,31.23,125258.93
P0161,101,Labor,Equipment Operators,hour,10911,43.15,470817.51
P0161,102,Labor,Supervisors,hour,9229,54.06,498888.74
P0161,103,Labor,Skilled Labor,hour,15205,45.56,692701.8
P0161,200,Materials,Gravel,ton,7839,37.91,297180.87
P0161,201,Materials,Concrete,cubic_yard,12384,152.74,1891583.87
P0161,202,Materials,Asphalt,ton,7732,99.84,771986.76
P0161,203,Materials,Topsoil,cubic_yard,6507,40.17,261397.41
P0161,300,Equipment,Excavator,hour,11910,146.04,1739282.67
P0161,301,Equipment,Bulldozer,hour,4916,153.61,755127.34
P0161,302,Equipment,Loader,hour,10316,114.4,1180121.16
P0161,303,Equipment,Compactor,hour,1014,95.07,96399.12
P0161,400,Fuel,Diesel,gallon,33978,3.81,129378.25
P0161,500,Subcontractor,Concrete Work,job,8,28493.37,227946.98
P0161,501,Subcontractor,Utility Work,job,7,24353.79,170476.51
P0162,100,Labor,General Labor,hour,25633,33.56,860162.25
P0162,101,Labor,Equipment Operators,hour,17900,43.67,781677.98
P0162,102,Labor,Supervisors,hour,14865,56.76,843738.44
P0162,103,Labor,Skilled Labor,hour,7716,50.27,387873.45
P0162,200,Materials,Gravel,ton,13356,34.96,466936.89
P0162,201,Materials,Concrete,cubic_yard,14643,135.36,1982139.92
P0162,202,Materials,Asphalt,ton,25805,87.94,2269407.99
P0162,203,Materials,Topsoil,cubic_yard,15010,37.14,557422.43
P0162,300,Equipment,Excavator,hour,1008,143.75,144895.59
P0162,301,Equipment,Bulldozer,hour,8579,157.52,1351357.04
P0162,302,Equipment,Loader,hour,4049,129.07,522595.38
P0162,303,Equipment,Compactor,hour,9289,101.58,943605.57
P0162,400,Fuel,Diesel,gallon,14842,3.51,52098.05
P0162,500,Subcontractor,Concrete Work,job,3,30140.11,90420.34
P0162,501,Subcontractor,Utility Work,job,13,23627.87,307162.3
P0163,100,Labor,General Labor,hour,2690,31.34,84298.53
P0163,101,Labor,Equipment Operators,hour,13872,42.42,588493.68
P0163,102,Labor,Supervisors,hour,10909,54.9,598936.87
P0163,103,Labor,Skilled Labor,hour,14456,46.73,675482.1
P0163,200,Materials,Gravel,ton,20416,33.11,675988.64
P0163,201,Materials,Concrete,cubic_yard,9675,158.97,1538005.29
P0163,202,Materials,Asphalt,ton,9375,94.12,882348.89
P0163,203,Materials,Topsoil,cubic_yard,16211,41.59,674184.92
P0163,300,Equipment,Excavator,hour,10606,149.84,1589183.16
P0163,301,Equipment,Bulldozer,hour,1958,166.49,325987.1
P0163,302,Equipment,Loader,hour,5264,119.8,630630.22
P0163,303,Equipment,Compactor,hour,5538,92.33,511344.58
P0163,400,Fuel,Diesel,gallon,14418,3.85,55460.06
P0163,500,Subcontractor,Concrete Work,job,6,28047.85,168287.09
P0163,501,Subcontractor,Utility Work,job,3,23196.3,69588.9
P0164,100,Labor,General Labor,hour,7201,34.05,245161.42
P0164,101,Labor,Equipment Operators,hour,2852,47.12,134382.73
P0164,102,Labor,Supervisors,hour,1050,50.64,53170.94
P0164,103,Labor,Skilled Labor,hour,4509,47.22,212936.49
P0164,200,Materials,Gravel,ton,3082,35.83,110416.72
P0164,201,Materials,Concrete,cubic_yard,6451,152.36,982866.19
P0164,202,Materials,Asphalt,ton,3333,99.07,330198.61
P0164,203,Materials,Topsoil,cubic_yard,6931,43.9,304252.51
P0164,300,Equipment,Excavator,hour,2488,144.7,360007.5
P0164,301,Equipment,Bulldozer,hour,1298,159.86,207502.6
P0164,302,Equipment,Loader,hour,2564,116.35,298323.51
P0164,303,Equipment,Compactor,hour,2899,104.63,303329.08
P0164,400,Fuel,Diesel,gallon,22344,3.92,87663.18
P0164,500,Subcontractor,Concrete Work,job,1,27126.57,27126.57
P0164,501,Subcontractor,Utility Work,job,4,21164.96,84659.82
P0165,100,Labor,General Labor,hour,6208,30.92,191959.34
P0165,101,Labor,Equipment Operators,hour,14330,42.13,603788.79
P0165,102,Labor,Supervisors,hour,7053,63.97,451154.23
P0165,103,Labor,Skilled Labor,hour,11678,51.15,597385.92
P0165,200,Materials,Gravel,ton,15614,36.79,574386.56
P0165,201,Materials,Concrete,cubic_yard,16345,153.03,2501331.21
P0165,202,Materials,Asphalt,ton,12232,91.6,1120496.2
P0165,203,Materials,Topsoil,cubic_yard,7745,39.69,307406.74
P0165,300,Equipment,Excavator,hour,6530,142.49,930481.39
P0165,301,Equipment,Bulldozer,hour,1028,154.54,158864.87
P0165,302,Equipment,Loader,hour,10188,137.13,1397037.18
P0165,303,Equipment,Compactor,hour,2110,99.25,209414.34
P0165,400,Fuel,Diesel,gallon,33982,3.8,129247.2
P0165,500,Subcontractor,Concrete Work,job,5,26984.59,134922.97
P0165,501,Subcontractor,Utility Work,job,5,22858.06,114290.3
P0166,100,Labor,General Labor,hour,697,36.33,25324.18
P0166,101,Labor,Equipment Operators,hour,3059,43.95,134453.11
P0166,102,Labor,Supervisors,hour,1928,51.13,98573.04
P0166,103,Labor,Skilled Labor,hour,1307,47.54,62129.21
P0166,200,Materials,Gravel,ton,248,33.78,8376.44
P0166,201,Materials,Concrete,cubic_yard,1523,144.39,219912.29
P0166,202,Materials,Asphalt,ton,1163,89.98,104650.33
P0166,203,Materials,Topsoil,cubic_yard,3204,34.05,109104.52
P0166,300,Equipment,Excavator,hour,882,137.25,121053.82
P0166,301,Equipment,Bulldozer,hour,132,162.13,21401.24
P0166,302,Equipment,Loader,hour,294,135.38,39801.11
P0166,303,Equipment,Compactor,hour,1467,96.75,141936.03
P0166,400,Fuel,Diesel,gallon,9608,3.89,37344.57
P0166,500,Subcontractor,Concrete Work,job,1,31701.17,31701.17
P0166,501,Subcontractor,Utility Work,job,1,21915.62,21915.62
P0167,100,Labor,General Labor,hour,4038,31.43,126920.06
P0167,101,Labor,Equipment Operators,hour,3226,44.81,144545.37
P0167,102,Labor,Supervisors,hour,481,55.49,26692.78
P0167,103,Labor,Skilled Labor,hour,940,46.66,43863.89
P0167,200,Materials,Gravel,ton,3329,33.21,110561.6
P0167,201,Materials,Concrete,cubic_yard,3589,150.33,539518.91
P0167,202,Materials,Asphalt,ton,800,94.48,75586.7
P0167,203,Materials,Topsoil,cubic_yard,618,39.41,24355.48
P0167,300,Equipment,Excavator,hour,752,143.45,107877.89
P0167,301,Equipment,Bulldozer,hour,1682,167.37,281515.11
P0167,302,Equipment,Loader,hour,920,107.67,99052.26
P0167,303,Equipment,Compactor,hour,1315,102.81,135196.35
P0167,400,Fuel,Diesel,gallon,10110,4.03,40699.5
P0167,500,Subcontractor,Concrete Work,job,2,34496.28,68992.57
P0167,501,Subcontractor,Utility Work,job,1,23113.39,23113.39
P0168,100,Labor,General Labor,hour,7252,32.15,233140.82
P0168,101,Labor,Equipment Operators,hour,11972,42.81,512549.09
P0168,102,Labor,Supervisors,hour,23545,57.31,1349405.89
P0168,103,Labor,Skilled Labor,hour,13546,43.6,590549.46
P0168,200,Materials,Gravel,ton,18837,34.87,656927.83
P0168,201,Materials,Concrete,cubic_yard,5374,125.52,674559.13
P0168,202,Materials,Asphalt,ton,25060,91.75,2299159.95
P0168,203,Materials,Topsoil,cubic_yard,16749,36.25,607127.12
P0168,300,Equipment,Excavator,hour,5730,142.13,814400.18
P0168,301,Equipment,Bulldozer,hour,11483,145.51,1670886.21
P0168,302,Equipment,Loader,hour,11002,136.09,1497252.72
P0168,303,Equipment,Compactor,hour,975,97.56,95118.15
P0168,400,Fuel,Diesel,gallon,32339,4.26,137771.12
P0168,500,Subcontractor,Concrete Work,job,11,29073.97,319813.62
P0168,501,Subcontractor,Utility Work,job,13,25060.06,325780.76
P0169,100,Labor,General Labor,hour,5256,33.36,175343.27
P0169,101,Labor,Equipment Operators,hour,16181,45.5,736272.31
P0169,102,Labor,Supervisors,hour,12286,56.71,696758.19
P0169,103,Labor,Skilled Labor,hour,5728,45.66,261553.41
P0169,200,Materials,Gravel,ton,7702,34.32,264306.96
P0169,201,Materials,Concrete,cubic_yard,5338,151.88,810761.78
P0169,202,Materials,Asphalt,ton,2422,92.26,223447.41
P0169,203,Materials,Topsoil,cubic_yard,1537,41.39,63610.33
P0169,300,Equipment,Excavator,hour,1382,144.74,200036.04
P0169,301,Equipment,Bulldozer,hour,6201,157.16,974579.08
P0169,302,Equipment,Loader,hour,925,110.11,101849.79
P0169,303,Equipment,Compactor,hour,352,95.95,33773.24
P0169,400,Fuel,Diesel,gallon,38768,4.05,156985.53
P0169,500,Subcontractor,Concrete Work,job,2,26890.88,53781.76
P0169,501,Subcontractor,Utility Work,job,6,23477.13,140862.79
P0170,100,Labor,General Labor,hour,10391,37.86,393368.48
P0170,101,Labor,Equipment Operators,hour,10251,42.06,431161.51
P0170,102,Labor,Supervisors,hour,9972,62.07,618922.98
P0170,103,Labor,Skilled Labor,hour,11848,48.83,578564.07
P0170,200,Materials,Gravel,ton,16514,31.8,525100.69
P0170,201,Materials,Concrete,cubic_yard,17177,132.63,2278179.29
P0170,202,Materials,Asphalt,ton,9869,98.08,967962.67
P0170,203,Materials,Topsoil,cubic_yard,7857,36.56,287248.92
P0170,300,Equipment,Excavator,hour,2205,133.33,293990.93
P0170,301,Equipment,Bulldozer,hour,4777,163.29,780032.49
P0170,302,Equipment,Loader,hour,9591,127.18,1219811.58
P0170,303,Equipment,Compactor,hour,9352,103.22,965316.13
P0170,400,Fuel,Diesel,gallon,32901,4.17,137064.47
P0170,500,Subcontractor,Concrete Work,job,1,26271.64,26271.64
P0170,501,Subcontractor,Utility Work,job,3,21900.19,65700.57
P0171,100,Labor,General Labor,hour,4613,35.35,163053.61
P0171,101,Labor,Equipment Operators,hour,3139,47.4,148774.61
P0171,102,Labor,Supervisors,hour,2107,59.89,126188.26
P0171,103,Labor,Skilled Labor,hour,3862,49.82,192410.46
P0171,200,Materials,Gravel,ton,754,37.44,28230.63
P0171,201,Materials,Concrete,cubic_yard,9294,142.24,1322007.96
P0171,202,Materials,Asphalt,ton,3464,95.55,330985.88
P0171,203,Materials,Topsoil,cubic_yard,2796,36.98,103401.3
P0171,300,Equipment,Excavator,hour,3560,129.73,461854.13
P0171,301,Equipment,Bulldozer,hour,1374,168.93,232110.64
P0171,302,Equipment,Loader,hour,1096,128.71,141070.7
P0171,303,Equipment,Compactor,hour,2844,98.28,279505.9
P0171,400,Fuel,Diesel,gallon,37210,3.99,148405.0
P0171,500,Subcontractor,Concrete Work,job,6,30147.21,180883.26
P0171,501,Subcontractor,Utility Work,job,1,26194.2,26194.2
P0172,100,Labor,General Labor,hour,4399,30.67,134933.06
P0172,101,Labor,Equipment Operators,hour,5531,42.53,235227.39
P0172,102,Labor,Supervisors,hour,7138,52.81,376960.55
P0172,103,Labor,Skilled Labor,hour,9251,50.14,463850.67
P0172,200,Materials,Gravel,ton,2276,36.44,82928.67
P0172,201,Materials,Concrete,cubic_yard,6956,145.43,1011581.03
P0172,202,Materials,Asphalt,ton,465,93.28,43377.35
P0172,203,Materials,Topsoil,cubic_yard,6325,40.66,257179.49
P0172,300,Equipment,Excavator,hour,3733,144.88,540842.98
P0172,301,Equipment,Bulldozer,hour,1253,157.65,197537.6
P0172,302,Equipment,Loader,hour,3136,126.58,396962.48
P0172,303,Equipment,Compactor,hour,2705,95.97,259597.59
P0172,400,Fuel,Diesel,gallon,17732,3.79,67187.61
P0172,500,Subcontractor,Concrete Work,job,2,29206.8,58413.61
P0172,501,Subcontractor,Utility Work,job,3,22156.6,66469.79
P0173,100,Labor,General Labor,hour,7003,33.15,232179.4
P0173,101,Labor,Equipment Operators,hour,5950,45.32,269656.64
P0173,102,Labor,Supervisors,hour,2482,53.26,132203.62
P0173,103,Labor,Skilled Labor,hour,1848,51.84,95796.57
P0173,200,Materials,Gravel,ton,10899,35.5,386938.63
P0173,201,Materials,Concrete,cubic_yard,8111,151.92,1232192.76
P0173,202,Materials,Asphalt,ton,3932,90.72,356704.85
P0173,203,Materials,Topsoil,cubic_yard,2461,41.58,102326.63
P0173,300,Equipment,Excavator,hour,5260,136.98,720530.78
P0173,301,Equipment,Bulldozer,hour,3071,140.47,431392.26
P0173,302,Equipment,Loader,hour,4458,121.59,542067.3
P0173,303,Equipment,Compactor,hour,1908,103.39,197276.22
P0173,400,Fuel,Diesel,gallon,41081,3.97,163143.86
P0173,500,Subcontractor,Concrete Work,job,6,31143.02,186858.14
P0173,501,Subcontractor,Utility Work,job,4,20130.33,80521.32
P0174,100,Labor,General Labor,hour,6741,31.09,209579.61
P0174,101,Labor,Equipment Operators,hour,16861,46.43,782850.78
P0174,102,Labor,Supervisors,hour,5782,52.64,304378.73
P0174,103,Labor,Skilled Labor,hour,9056,52.78,478018.5
P0174,200,Materials,Gravel,ton,26775,36.55,978595.39
P0174,201,Materials,Concrete,cubic_yard,6643,140.19,931283.89
P0174,202,Materials,Asphalt,ton,17554,89.56,1572119.69
P0174,203,Materials,Topsoil,cubic_yard,11924,41.05,489488.17
P0174,300,Equipment,Excavator,hour,9560,154.44,1476471.1
P0174,301,Equipment,Bulldozer,hour,5597,165.48,926174.67
P0174,302,Equipment,Loader,hour,1736,132.05,229244.18
P0174,303,Equipment,Compactor,hour,13415,107.75,1445450.71
P0174,400,Fuel,Diesel,gallon,34138,3.83,130760.42
P0174,500,Subcontractor,Concrete Work,job,14,26990.84,377871.76
P0174,501,Subcontractor,Utility Work,job,8,21581.39,172651.14
P0175,100,Labor,General Labor,hour,24493,30.61,749657.27
P0175,101,Labor,Equipment Operators,hour,19666,42.74,840474.32
P0175,102,Labor,Supervisors,hour,11521,67.15,773585.04
P0175,103,Labor,Skilled Labor,hour,21224,49.63,1053296.9
P0175,200,Materials,Gravel,ton,1517,31.83,48288.59
P0175,201,Materials,Concrete,cubic_yard,1749,137.05,239702.37
P0175,202,Materials,Asphalt,ton,31251,96.46,3014555.8
P0175,203,Materials,Topsoil,cubic_yard,12657,37.76,477886.41
P0175,300,Equipment,Excavator,hour,8600,153.08,1316519.9
P0175,301,Equipment,Bulldozer,hour,3589,152.41,546990.3
P0175,302,Equipment,Loader,hour,8281,128.9,1067436.69
P0175,303,Equipment,Compactor,hour,2350,87.22,204975.14
P0175,400,Fuel,Diesel,gallon,86601,4.03,349079.6
P0175,500,Subcontractor,Concrete Work,job,8,27227.26,217818.12
P0175,501,Subcontractor,Utility Work,job,4,22696.01,90784.05
P0176,100,Labor,General Labor,hour,4438,30.63,135926.22
P0176,101,Labor,Equipment Operators,hour,5210,44.54,232070.49
P0176,102,Labor,Supervisors,hour,4860,55.4,269247.78
P0176,103,Labor,Skilled Labor,hour,2181,47.97,104629.05
P0176,200,Materials,Gravel,ton,4574,35.89,164175.45
P0176,201,Materials,Concrete,cubic_yard,1190,154.09,183370.22
P0176,202,Materials,Asphalt,ton,865,92.38,79911.63
P0176,203,Materials,Topsoil,cubic_yard,6443,38.17,245898.12
P0176,300,Equipment,Excavator,hour,573,138.46,79340.19
P0176,301,Equipment,Bulldozer,hour,3321,151.86,504334.93
P0176,302,Equipment,Loader,hour,764,133.03,101633.82
P0176,303,Equipment,Compactor,hour,1994,103.48,206330.35
P0176,400,Fuel,Diesel,gallon,6474,3.93,25446.3
P0176,500,Subcontractor,Concrete Work,job,1,27966.94,27966.94
P0176,501,Subcontractor,Utility Work,job,3,22935.53,68806.59
P0177,100,Labor,General Labor,hour,969,35.37,34275.23
P0177,101,Labor,Equipment Operators,hour,1636,41.89,68526.25
P0177,102,Labor,Supervisors,hour,2766,61.16,169158.2
P0177,103,Labor,Skilled Labor,hour,4897,46.63,228329.65
P0177,200,Materials,Gravel,ton,2286,31.09,71064.43
P0177,201,Materials,Concrete,cubic_yard,2336,154.06,359877.74
P0177,202,Materials,Asphalt,ton,2178,104.43,227439.6
P0177,203,Materials,Topsoil,cubic_yard,1170,41.09,48079.1
P0177,300,Equipment,Excavator,hour,2387,129.95,310200.44
P0177,301,Equipment,Bulldozer,hour,973,163.86,159435.06
P0177,302,Equipment,Loader,hour,3708,124.25,460701.13
P0177,303,Equipment,Compactor,hour,3521,102.15,359674.47
P0177,400,Fuel,Diesel,gallon,25493,4.19,106764.32
P0177,500,Subcontractor,Concrete Work,job,2,28279.54,56559.08
P0177,501,Subcontractor,Utility Work,job,2,24537.19,49074.37
P0178,100,Labor,General Labor,hour,20898,33.27,695318.0
P0178,101,Labor,Equipment Operators,hour,15648,42.42,663784.25
P0178,102,Labor,Supervisors,hour,23506,59.28,1393406.59
P0178,103,Labor,Skilled Labor,hour,9708,54.39,527973.65
P0178,200,Materials,Gravel,ton,15061,36.83,554734.48
P0178,201,Materials,Concrete,cubic_yard,14448,153.5,2217837.79
P0178,202,Materials,Asphalt,ton,21191,96.64,2047901.79
P0178,203,Materials,Topsoil,cubic_yard,2721,38.86,105750.01
P0178,300,Equipment,Excavator,hour,10498,150.91,1584252.72
P0178,301,Equipment,Bulldozer,hour,3485,146.69,511219.78
P0178,302,Equipment,Loader,hour,12422,129.59,1609716.31
P0178,303,Equipment,Compactor,hour,4282,91.72,392731.22
P0178,400,Fuel,Diesel,gallon,32288,4.47,144394.7
P0178,500,Subcontractor,Concrete Work,job,15,31971.77,479576.54
P0178,501,Subcontractor,Utility Work,job,13,20736.49,269574.35
P0179,100,Labor,General Labor,hour,19046,33.52,638355.07
P0179,101,Labor,Equipment Operators,hour,11629,41.21,479207.46
P0179,102,Labor,Supervisors,hour,5945,55.99,332874.51
P0179,103,Labor,Skilled Labor,hour,20327,49.92,1014778.99
P0179,200,Materials,Gravel,ton,6970,31.51,219653.67
P0179,201,Materials,Concrete,cubic_yard,20076,142.77,2866167.97
P0179,202,Materials,Asphalt,ton,523,91.04,47611.81
P0179,203,Materials,Topsoil,cubic_yard,16467,41.03,675603.34
P0179,300,Equipment,Excavator,hour,5574,138.1,769770.2
P0179,301,Equipment,Bulldozer,hour,2945,155.97,459319.62
P0179,302,Equipment,Loader,hour,10383,131.15,1361695.14
P0179,303,Equipment,Compactor,hour,3852,99.72,384130.93
P0179,400,Fuel,Diesel,gallon,5440,3.99,21705.27
P0179,500,Subcontractor,Concrete Work,job,5,26819.43,134097.13
P0179,501,Subcontractor,Utility Work,job,6,22902.79,137416.73
P0180,100,Labor,General Labor,hour,16085,34.0,546871.72
P0180,101,Labor,Equipment Operators,hour,3382,44.23,149588.24
P0180,102,Labor,Supervisors,hour,16886,57.93,978283.51
P0180,103,Labor,Skilled Labor,hour,12763,49.58,632758.1
P0180,200,Materials,Gravel,ton,5716,37.5,214333.98
P0180,201,Materials,Concrete,cubic_yard,8188,145.43,1190795.72
P0180,202,Materials,Asphalt,ton,7132,108.17,771437.65
P0180,203,Materials,Topsoil,cubic_yard,13218,37.82,499963.34
P0180,300,Equipment,Excavator,hour,1404,136.66,191874.29
P0180,301,Equipment,Bulldozer,hour,3721,183.81,683942.64
P0180,302,Equipment,Loader,hour,8200,126.55,1037695.59
P0180,303,Equipment,Compactor,hour,2109,90.05,189921.82
P0180,400,Fuel,Diesel,gallon,38164,4.37,166812.04
P0180,500,Subcontractor,Concrete Work,job,1,26698.61,26698.61
P0180,501,Subcontractor,Utility Work,job,3,21127.68,63383.04
P0181,100,Labor,General Labor,hour,6022,35.74,215230.34
P0181,101,Labor,Equipment Operators,hour,5520,44.23,244170.55
P0181,102,Labor,Supervisors,hour,1620,61.53,99671.13
P0181,103,Labor,Skilled Labor,hour,1656,46.5,77011.87
P0181,200,Materials,Gravel,ton,4406,36.01,158676.68
P0181,201,Materials,Concrete,cubic_yard,5592,146.8,820905.95
P0181,202,Materials,Asphalt,ton,4473,101.1,452218.61
P0181,203,Materials,Topsoil,cubic_yard,10622,43.75,464709.4
P0181,300,Equipment,Excavator,hour,5700,149.97,854834.99
P0181,301,Equipment,Bulldozer,hour,2048,148.45,304017.31
P0181,302,Equipment,Loader,hour,5090,125.43,638425.16
P0181,303,Equipment,Compactor,hour,1934,102.56,198357.81
P0181,400,Fuel,Diesel,gallon,45673,4.19,191346.45
P0181,500,Subcontractor,Concrete Work,job,3,26978.07,80934.21
P0181,501,Subcontractor,Utility Work,job,5,26992.42,134962.09
P0182,100,Labor,General Labor,hour,1779,35.43,63033.14
P0182,101,Labor,Equipment Operators,hour,896,45.32,40602.27
P0182,102,Labor,Supervisors,hour,1745,52.11,90928.01
P0182,103,Labor,Skilled Labor,hour,1224,50.97,62391.12
P0182,200,Materials,Gravel,ton,2358,38.08,89784.16
P0182,201,Materials,Concrete,cubic_yard,842,158.64,133577.47
P0182,202,Materials,Asphalt,ton,127,87.97,11171.8
P0182,203,Materials,Topsoil,cubic_yard,1464,36.86,53966.7
P0182,300,Equipment,Excavator,hour,506,128.94,65241.31
P0182,301,Equipment,Bulldozer,hour,248,165.09,40942.46
P0182,302,Equipment,Loader,hour,934,123.13,115007.97
P0182,303,Equipment,Compactor,hour,186,92.2,17149.98
P0182,400,Fuel,Diesel,gallon,3042,4.11,12500.57
P0182,500,Subcontractor,Concrete Work,job,1,27685.39,27685.39
P0182,501,Subcontractor,Utility Work,job,1,22656.97,22656.97
P0183,100,Labor,General Labor,hour,15880,33.33,529340.29
P0183,101,Labor,Equipment Operators,hour,17348,45.77,794066.96
P0183,102,Labor,Supervisors,hour,4118,57.81,238081.78
P0183,103,Labor,Skilled Labor,hour,13317,54.94,731697.12
P0183,200,Materials,Gravel,ton,11703,33.63,393573.17
P0183,201,Materials,Concrete,cubic_yard,11382,153.02,1741670.99
P0183,202,Materials,Asphalt,ton,8687,99.21,861806.98
P0183,203,Materials,Topsoil,cubic_yard,9283,40.52,376133.76
P0183,300,Equipment,Excavator,hour,4878,138.13,673811.36
P0183,301,Equipment,Bulldozer,hour,4656,145.34,676684.94
P0183,302,Equipment,Loader,hour,1450,109.19,158321.85
P0183,303,Equipment,Compactor,hour,2049,91.63,187758.64
P0183,400,Fuel,Diesel,gallon,45276,3.85,174282.64
P0183,500,Subcontractor,Concrete Work,job,7,29684.68,207792.77
P0183,501,Subcontractor,Utility Work,job,5,21997.22,109986.09
P0184,100,Labor,General Labor,hour,15723,32.97,518348.56
P0184,101,Labor,Equipment Operators,hour,31909,43.38,1384133.05
P0184,102,Labor,Supervisors,hour,15064,54.39,819290.59
P0184,103,Labor,Skilled Labor,hour,10409,53.7,558981.98
P0184,200,Materials,Gravel,ton,836,37.83,31627.81
P0184,201,Materials,Concrete,cubic_yard,14094,149.97,2113745.72
P0184,202,Materials,Asphalt,ton,40159,88.09,3537605.19
P0184,203,Materials,Topsoil,cubic_yard,23943,40.09,959941.54
P0184,300,Equipment,Excavator,hour,13903,138.67,1927995.5
P0184,301,Equipment,Bulldozer,hour,13415,142.58,1912774.81
P0184,302,Equipment,Loader,hour,17200,123.09,2117188.01
P0184,303,Equipment,Compactor,hour,7384,89.16,658371.99
P0184,400,Fuel,Diesel,gallon,129312,3.81,493308.13
P0184,500,Subcontractor,Concrete Work,job,4,28776.89,115107.56
P0184,501,Subcontractor,Utility Work,job,8,21977.73,175821.86
P0185,100,Labor,General Labor,hour,2859,32.2,92046.91
P0185,101,Labor,Equipment Operators,hour,3462,47.08,162991.79
P0185,102,Labor,Supervisors,hour,3336,64.71,215874.34
P0185,103,Labor,Skilled Labor,hour,4725,50.85,240251.07
P0185,200,Materials,Gravel,ton,6169,37.89,233756.52
P0185,201,Materials,Concrete,cubic_yard,492,159.41,78429.44
P0185,202,Materials,Asphalt,ton,5240,86.51,453287.63
P0185,203,Materials,Topsoil,cubic_yard,299,42.8,12797.65
P0185,300,Equipment,Excavator,hour,2276,130.02,295927.39
P0185,301,Equipment,Bulldozer,hour,883,164.35,145122.35
P0185,302,Equipment,Loader,hour,2415,113.64,274442.0
P0185,303,Equipment,Compactor,hour,1220,101.78,124174.69
P0185,400,Fuel,Diesel,gallon,14887,4.21,62686.41
P0185,500,Subcontractor,Concrete Work,job,1,28976.81,28976.81
P0185,501,Subcontractor,Utility Work,job,2,21355.03,42710.05
P0186,100,Labor,General Labor,hour,16916,35.24,596193.19
P0186,101,Labor,Equipment Operators,hour,6360,44.19,281078.52
P0186,102,Labor,Supervisors,hour,15713,55.69,875000.83
P0186,103,Labor,Skilled Labor,hour,11057,50.38,557084.5
P0186,200,Materials,Gravel,ton,7248,35.04,253973.82
P0186,201,Materials,Concrete,cubic_yard,1771,152.02,269223.64
P0186,202,Materials,Asphalt,ton,1173,89.5,104983.04
P0186,203,Materials,Topsoil,cubic_yard,11914,40.47,482125.52
P0186,300,Equipment,Excavator,hour,4562,139.03,634246.87
P0186,301,Equipment,Bulldozer,hour,3279,159.51,523022.81
P0186,302,Equipment,Loader,hour,4039,115.65,467117.07
P0186,303,Equipment,Compactor,hour,1614,109.72,177085.34
P0186,400,Fuel,Diesel,gallon,63982,4.08,260912.89
P0186,500,Subcontractor,Concrete Work,job,8,29022.28,232178.27
P0186,501,Subcontractor,Utility Work,job,6,25111.75,150670.49
P0187,100,Labor,General Labor,hour,13441,31.03,417028.1
P0187,101,Labor,Equipment Operators,hour,6089,41.98,255641.33
P0187,102,Labor,Supervisors,hour,10099,51.82,523310.53
P0187,103,Labor,Skilled Labor,hour,7598,50.73,385421.42
P0187,200,Materials,Gravel,ton,12385,35.62,441209.41
P0187,201,Materials,Concrete,cubic_yard,12904,142.56,1839557.36
P0187,202,Materials,Asphalt,ton,8023,92.96,745816.69
P0187,203,Materials,Topsoil,cubic_yard,9141,38.58,352630.82
P0187,300,Equipment,Excavator,hour,7918,132.46,1048795.67
P0187,301,Equipment,Bulldozer,hour,9204,167.18,1538767.83
P0187,302,Equipment,Loader,hour,8181,133.42,1091534.75
P0187,303,Equipment,Compactor,hour,2507,100.23,251273.24
P0187,400,Fuel,Diesel,gallon,49300,3.85,189910.53
P0187,500,Subcontractor,Concrete Work,job,11,32328.34,355611.72
P0187,501,Subcontractor,Utility Work,job,8,23390.71,187125.69
P0188,100,Labor,General Labor,hour,18964,29.91,567290.69
P0188,101,Labor,Equipment Operators,hour,16873,45.17,762155.33
P0188,102,Labor,Supervisors,hour,16525,61.46,1015700.14
P0188,103,Labor,Skilled Labor,hour,3358,49.3,165558.6
P0188,200,Materials,Gravel,ton,25237,34.21,863378.69
P0188,201,Materials,Concrete,cubic_yard,8993,144.55,1299941.42
P0188,202,Materials,Asphalt,ton,2263,105.13,237910.76
P0188,203,Materials,Topsoil,cubic_yard,17074,36.54,623878.42
P0188,300,Equipment,Excavator,hour,4571,136.34,623229.1
P0188,301,Equipment,Bulldozer,hour,7032,163.15,1147298.19
P0188,302,Equipment,Loader,hour,3872,117.33,454291.28
P0188,303,Equipment,Compactor,hour,935,89.76,83928.09
P0188,400,Fuel,Diesel,gallon,38431,3.89,149403.94
P0188,500,Subcontractor,Concrete Work,job,6,26742.56,160455.35
P0188,501,Subcontractor,Utility Work,job,12,22231.26,266775.09
P0189,100,Labor,General Labor,hour,6888,32.77,225710.69
P0189,101,Labor,Equipment Operators,hour,7733,41.01,317141.3
P0189,102,Labor,Supervisors,hour,6815,51.86,353397.01
P0189,103,Labor,Skilled Labor,hour,4167,48.41,201730.77
P0189,200,Materials,Gravel,ton,5328,33.18,176763.46
P0189,201,Materials,Concrete,cubic_yard,2137,148.95,318303.14
P0189,202,Materials,Asphalt,ton,1037,99.58,103268.92
P0189,203,Materials,Topsoil,cubic_yard,9031,40.14,362510.47
P0189,300,Equipment,Excavator,hour,9197,138.27,1271686.56
P0189,301,Equipment,Bulldozer,hour,5282,162.51,858398.91
P0189,302,Equipment,Loader,hour,8158,123.89,1010719.04
P0189,303,Equipment,Compactor,hour,1962,93.14,182739.65
P0189,400,Fuel,Diesel,gallon,7088,3.66,25912.68
P0189,500,Subcontractor,Concrete Work,job,4,26698.94,106795.77
P0189,501,Subcontractor,Utility Work,job,3,23007.98,69023.94
P0190,100,Labor,General Labor,hour,10818,33.38,361051.19
P0190,101,Labor,Equipment Operators,hour,3704,41.16,152450.82
P0190,102,Labor,Supervisors,hour,5421,53.13,288040.31
P0190,103,Labor,Skilled Labor,hour,5581,53.82,300388.19
P0190,200,Materials,Gravel,ton,15582,35.16,547884.24
P0190,201,Materials,Concrete,cubic_yard,1995,144.21,287696.62
P0190,202,Materials,Asphalt,ton,9265,92.46,856683.03
P0190,203,Materials,Topsoil,cubic_yard,6881,43.28,297797.66
P0190,300,Equipment,Excavator,hour,7341,128.27,941597.63
P0190,301,Equipment,Bulldozer,hour,4568,155.96,712421.84
P0190,302,Equipment,Loader,hour,3853,121.99,470014.54
P0190,303,Equipment,Compactor,hour,5561,99.53,553473.85
P0190,400,Fuel,Diesel,gallon,67536,3.9,263625.75
P0190,500,Subcontractor,Concrete Work,job,4,27523.67,110094.69
P0190,501,Subcontractor,Utility Work,job,4,19630.63,78522.54
P0191,100,Labor,General Labor,hour,10003,33.06,330708.97
P0191,101,Labor,Equipment Operators,hour,10831,41.11,445307.07
P0191,102,Labor,Supervisors,hour,9470,59.29,561503.04
P0191,103,Labor,Skilled Labor,hour,8095,44.91,363543.61
P0191,200,Materials,Gravel,ton,8088,38.4,310550.9
P0191,201,Materials,Concrete,cubic_yard,12496,144.26,1802646.27
P0191,202,Materials,Asphalt,ton,3485,85.15,296737.67
P0191,203,Materials,Topsoil,cubic_yard,15998,41.08,657274.94
P0191,300,Equipment,Excavator,hour,5111,134.52,687524.27
P0191,301,Equipment,Bulldozer,hour,3359,164.63,553003.18
P0191,302,Equipment,Loader,hour,8034,119.66,961362.06
P0191,303,Equipment,Compactor,hour,6366,105.27,670140.95
P0191,400,Fuel,Diesel,gallon,49948,3.4,169609.54
P0191,500,Subcontractor,Concrete Work,job,7,31312.64,219188.48
P0191,501,Subcontractor,Utility Work,job,2,22934.18,45868.36
P0192,100,Labor,General Labor,hour,4221,32.0,135081.29
P0192,101,Labor,Equipment Operators,hour,7046,43.96,309772.47
P0192,102,Labor,Supervisors,hour,4761,51.07,243156.62
P0192,103,Labor,Skilled Labor,hour,3966,50.55,200500.28
P0192,200,Materials,Gravel,ton,20003,30.66,613313.73
P0192,201,Materials,Concrete,cubic_yard,1518,149.43,226828.64
P0192,202,Materials,Asphalt,ton,10835,88.22,955872.32
P0192,203,Materials,Topsoil,cubic_yard,10432,39.92,416407.67
P0192,300,Equipment,Excavator,hour,2188,159.52,349029.89
P0192,301,Equipment,Bulldozer,hour,4696,149.06,700005.87
P0192,302,Equipment,Loader,hour,5258,133.81,703558.46
P0192,303,Equipment,Compactor,hour,1223,94.58,115672.36
P0192,400,Fuel,Diesel,gallon,21652,4.39,95138.92
P0192,500,Subcontractor,Concrete Work,job,5,29487.59,147437.94
P0192,501,Subcontractor,Utility Work,job,11,23183.77,255021.42
P0193,100,Labor,General Labor,hour,21983,31.65,695868.39
P0193,101,Labor,Equipment Operators,hour,15053,43.96,661732.38
P0193,102,Labor,Supervisors,hour,21211,53.44,1133600.17
P0193,103,Labor,Skilled Labor,hour,14538,50.53,734616.39
P0193,200,Materials,Gravel,ton,9416,36.29,341692.01
P0193,201,Materials,Concrete,cubic_yard,23543,152.04,3579486.01
P0193,202,Materials,Asphalt,ton,15527,92.38,1434316.25
P0193,203,Materials,Topsoil,cubic_yard,11863,34.89,413912.36
P0193,300,Equipment,Excavator,hour,10745,126.3,1357110.81
P0193,301,Equipment,Bulldozer,hour,7471,162.15,1211428.83
P0193,302,Equipment,Loader,hour,11478,137.45,1577644.52
P0193,303,Equipment,Compactor,hour,7183,103.44,743000.97
P0193,400,Fuel,Diesel,gallon,58386,4.03,235298.16
P0193,500,Subcontractor,Concrete Work,job,8,28009.47,224075.75
P0193,501,Subcontractor,Utility Work,job,2,22317.28,44634.55
P0194,100,Labor,General Labor,hour,16138,36.29,585701.85
P0194,101,Labor,Equipment Operators,hour,6303,39.33,247868.57
P0194,102,Labor,Supervisors,hour,15332,56.75,870167.61
P0194,103,Labor,Skilled Labor,hour,4931,52.02,256512.5
P0194,200,Materials,Gravel,ton,1970,31.65,62346.8
P0194,201,Materials,Concrete,cubic_yard,12124,159.43,1932919.67
P0194,202,Materials,Asphalt,ton,13532,99.81,1350583.16
P0194,203,Materials,Topsoil,cubic_yard,18701,36.31,679032.55
P0194,300,Equipment,Excavator,hour,8732,127.27,1111327.73
P0194,301,Equipment,Bulldozer,hour,7824,166.89,1305715.69
P0194,302,Equipment,Loader,hour,8751,127.34,1114369.09
P0194,303,Equipment,Compactor,hour,9899,102.12,1010861.52
P0194,400,Fuel,Diesel,gallon,42584,3.94,167948.2
P0194,500,Subcontractor,Concrete Work,job,9,28997.18,260974.58
P0194,501,Subcontractor,Utility Work,job,3,25003.79,75011.37
P0195,100,Labor,General Labor,hour,3402,32.06,109057.99
P0195,101,Labor,Equipment Operators,hour,1686,40.53,68337.48
P0195,102,Labor,Supervisors,hour,956,57.01,54500.93
P0195,103,Labor,Skilled Labor,hour,3014,46.77,140975.1
P0195,200,Materials,Gravel,ton,2519,36.01,90709.49
P0195,201,Materials,Concrete,cubic_yard,1211,149.2,180678.13
P0195,202,Materials,Asphalt,ton,203,100.14,20328.71
P0195,203,Materials,Topsoil,cubic_yard,939,40.51,38036.53
P0195,300,Equipment,Excavator,hour,86,123.21,10595.87
P0195,301,Equipment,Bulldozer,hour,279,150.8,42073.36
P0195,302,Equipment,Loader,hour,421,132.2,55655.4
P0195,303,Equipment,Compactor,hour,1418,95.23,135029.82
P0195,400,Fuel,Diesel,gallon,9328,4.01,37368.23
P0195,500,Subcontractor,Concrete Work,job,1,27272.32,27272.32
P0195,501,Subcontractor,Utility Work,job,2,22068.62,44137.24
P0196,100,Labor,General Labor,hour,1915,35.05,67114.22
P0196,101,Labor,Equipment Operators,hour,594,44.15,26226.6
P0196,102,Labor,Supervisors,hour,1287,65.53,84340.89
P0196,103,Labor,Skilled Labor,hour,564,52.71,29728.98
P0196,200,Materials,Gravel,ton,713,33.29,23737.25
P0196,201,Materials,Concrete,cubic_yard,458,167.24,76595.02
P0196,202,Materials,Asphalt,ton,947,92.73,87816.23
P0196,203,Materials,Topsoil,cubic_yard,230,36.24,8335.86
P0196,300,Equipment,Excavator,hour,373,140.57,52431.6
P0196,301,Equipment,Bulldozer,hour,265,166.6,44149.65
P0196,302,Equipment,Loader,hour,432,124.06,53595.16
P0196,303,Equipment,Compactor,hour,736,105.16,77394.77
P0196,400,Fuel,Diesel,gallon,2590,4.08,10560.63
P0196,500,Subcontractor,Concrete Work,job,1,26880.44,26880.44
P0196,501,Subcontractor,Utility Work,job,1,23673.83,23673.83
P0197,100,Labor,General Labor,hour,14425,34.56,498554.82
P0197,101,Labor,Equipment Operators,hour,4693,39.9,187257.97
P0197,102,Labor,Supervisors,hour,20248,49.52,1002728.0
P0197,103,Labor,Skilled Labor,hour,18006,48.25,868845.43
P0197,200,Materials,Gravel,ton,18900,38.04,718922.78
P0197,201,Materials,Concrete,cubic_yard,20303,139.85,2839320.44
P0197,202,Materials,Asphalt,ton,4493,89.07,400191.82
P0197,203,Materials,Topsoil,cubic_yard,5095,41.61,211986.66
P0197,300,Equipment,Excavator,hour,8022,138.0,1107048.08
P0197,301,Equipment,Bulldozer,hour,9810,159.95,1569135.62
P0197,302,Equipment,Loader,hour,775,125.2,97031.97
P0197,303,Equipment,Compactor,hour,6704,96.85,649267.47
P0197,400,Fuel,Diesel,gallon,18913,3.94,74506.98
P0197,500,Subcontractor,Concrete Work,job,13,30392.05,395096.61
P0197,501,Subcontractor,Utility Work,job,4,21375.65,85502.61
P0198,100,Labor,General Labor,hour,6923,32.32,223758.61
P0198,101,Labor,Equipment Operators,hour,9981,42.69,426067.51
P0198,102,Labor,Supervisors,hour,11685,60.23,703757.74
P0198,103,Labor,Skilled Labor,hour,8796,46.43,408408.59
P0198,200,Materials,Gravel,ton,15342,34.15,523982.09
P0198,201,Materials,Concrete,cubic_yard,9519,131.87,1255247.27
P0198,202,Materials,Asphalt,ton,2140,92.86,198726.03
P0198,203,Materials,Topsoil,cubic_yard,644,37.58,24203.67
P0198,300,Equipment,Excavator,hour,7671,138.59,1063112.46
P0198,301,Equipment,Bulldozer,hour,6673,156.75,1045965.48
P0198,302,Equipment,Loader,hour,4135,134.71,557008.66
P0198,303,Equipment,Compactor,hour,5357,106.21,568958.75
P0198,400,Fuel,Diesel,gallon,56521,3.64,205713.64
P0198,500,Subcontractor,Concrete Work,job,9,27447.58,247028.2
P0198,501,Subcontractor,Utility Work,job,3,22201.17,66603.51
P0199,100,Labor,General Labor,hour,18662,37.15,693215.72
P0199,101,Labor,Equipment Operators,hour,26230,39.04,1023985.72
P0199,102,Labor,Supervisors,hour,5473,57.68,315665.92
P0199,103,Labor,Skilled Labor,hour,22434,50.01,1121873.65
P0199,200,Materials,Gravel,ton,24988,36.51,912268.65
P0199,201,Materials,Concrete,cubic_yard,3781,157.74,596412.58
P0199,202,Materials,Asphalt,ton,32932,89.73,2955098.11
P0199,203,Materials,Topsoil,cubic_yard,20989,38.85,815456.1
P0199,300,Equipment,Excavator,hour,2755,140.48,387030.82
P0199,301,Equipment,Bulldozer,hour,1344,156.0,209658.09
P0199,302,Equipment,Loader,hour,13966,121.19,1692558.09
P0199,303,Equipment,Compactor,hour,7033,93.61,658359.49
P0199,400,Fuel,Diesel,gallon,11480,3.5,40205.22
P0199,500,Subcontractor,Concrete Work,job,5,28086.54,140432.7
P0199,501,Subcontractor,Utility Work,job,9,23572.82,212155.41
P0200,100,Labor,General Labor,hour,4574,33.25,152095.15
P0200,101,Labor,Equipment Operators,hour,4821,48.1,231867.61
P0200,102,Labor,Supervisors,hour,2419,57.85,139931.58
P0200,103,Labor,Skilled Labor,hour,3261,50.04,163177.48
P0200,200,Materials,Gravel,ton,1706,33.22,56676.23
P0200,201,Materials,Concrete,cubic_yard,2012,139.43,280528.97
P0200,202,Materials,Asphalt,ton,5598,99.21,555387.65
P0200,203,Materials,Topsoil,cubic_yard,1713,37.38,64026.12
P0200,300,Equipment,Excavator,hour,2747,134.3,368931.45
P0200,301,Equipment,Bulldozer,hour,1209,168.6,203837.84
P0200,302,Equipment,Loader,hour,2350,130.2,305979.71
P0200,303,Equipment,Compactor,hour,3033,109.16,331095.16
P0200,400,Fuel,Diesel,gallon,16601,3.61,59881.11
P0200,500,Subcontractor,Concrete Work,job,3,30902.85,92708.55
P0200,501,Subcontractor,Utility Work,job,3,23561.18,70683.55
P0201,100,Labor,General Labor,hour,2005,30.35,60845.94
P0201,101,Labor,Equipment Operators,hour,890,40.95,36444.29
P0201,102,Labor,Supervisors,hour,2518,53.78,135422.26
P0201,103,Labor,Skilled Labor,hour,2419,42.87,103699.41
P0201,200,Materials,Gravel,ton,839,32.45,27221.75
P0201,201,Materials,Concrete,cubic_yard,1397,144.77,202249.36
P0201,202,Materials,Asphalt,ton,2494,93.06,232095.24
P0201,203,Materials,Topsoil,cubic_yard,2205,43.19,95238.38
P0201,300,Equipment,Excavator,hour,1368,158.2,216421.17
P0201,301,Equipment,Bulldozer,hour,48,170.77,8197.03
P0201,302,Equipment,Loader,hour,831,132.81,110364.99
P0201,303,Equipment,Compactor,hour,363,96.38,34985.67
P0201,400,Fuel,Diesel,gallon,10527,4.27,44944.17
P0201,500,Subcontractor,Concrete Work,job,1,28927.67,28927.67
P0201,501,Subcontractor,Utility Work,job,1,23641.57,23641.57
P0202,100,Labor,General Labor,hour,9560,31.89,304891.27
P0202,101,Labor,Equipment Operators,hour,12046,44.17,532069.05
P0202,102,Labor,Supervisors,hour,18188,56.1,1020414.54
P0202,103,Labor,Skilled Labor,hour,5888,48.77,287166.32
P0202,200,Materials,Gravel,ton,10800,36.71,396418.33
P0202,201,Materials,Concrete,cubic_yard,24115,177.76,4286682.03
P0202,202,Materials,Asphalt,ton,16898,97.28,1643875.2
P0202,203,Materials,Topsoil,cubic_yard,4090,41.48,169660.58
P0202,300,Equipment,Excavator,hour,6865,137.72,945439.54
P0202,301,Equipment,Bulldozer,hour,4431,147.27,652560.48
P0202,302,Equipment,Loader,hour,5182,119.56,619550.92
P0202,303,Equipment,Compactor,hour,3783,94.65,358059.38
P0202,400,Fuel,Diesel,gallon,36028,3.67,132281.71
P0202,500,Subcontractor,Concrete Work,job,6,26827.05,160962.28
P0202,501,Subcontractor,Utility Work,job,6,22196.99,133181.95
P0203,100,Labor,General Labor,hour,2839,29.82,84645.66
P0203,101,Labor,Equipment Operators,hour,14674,47.92,703181.22
P0203,102,Labor,Supervisors,hour,2949,55.09,162451.11
P0203,103,Labor,Skilled Labor,hour,15150,50.71,768264.41
P0203,200,Materials,Gravel,ton,10888,35.5,386517.73
P0203,201,Materials,Concrete,cubic_yard,5561,159.42,886541.33
P0203,202,Materials,Asphalt,ton,3186,91.32,290954.67
P0203,203,Materials,Topsoil,cubic_yard,1611,37.71,60752.55
P0203,300,Equipment,Excavator,hour,9078,125.6,1140231.41
P0203,301,Equipment,Bulldozer,hour,8009,156.59,1254150.69
P0203,302,Equipment,Loader,hour,1693,129.14,218636.63
P0203,303,Equipment,Compactor,hour,7774,96.76,752249.15
P0203,400,Fuel,Diesel,gallon,40776,4.34,177062.9
P0203,500,Subcontractor,Concrete Work,job,6,29422.47,176534.79
P0203,501,Subcontractor,Utility Work,job,5,22420.16,112100.8
P0204,100,Labor,General Labor,hour,3755,30.37,114028.54
P0204,101,Labor,Equipment Operators,hour,8749,43.11,377159.46
P0204,102,Labor,Supervisors,hour,3804,56.15,213589.14
P0204,103,Labor,Skilled Labor,hour,7156,50.15,358842.55
P0204,200,Materials,Gravel,ton,1269,33.4,42388.87
P0204,201,Materials,Concrete,cubic_yard,4771,152.72,728638.99
P0204,202,Materials,Asphalt,ton,6088,93.36,568393.82
P0204,203,Materials,Topsoil,cubic_yard,4448,41.02,182456.74
P0204,300,Equipment,Excavator,hour,333,131.6,43822.95
P0204,301,Equipment,Bulldozer,hour,429,153.09,65673.76
P0204,302,Equipment,Loader,hour,1502,139.76,209924.19
P0204,303,Equipment,Compactor,hour,257,101.47,26078.62
P0204,400,Fuel,Diesel,gallon,2140,3.48,7444.35
P0204,500,Subcontractor,Concrete Work,job,2,30778.83,61557.65
P0204,501,Subcontractor,Utility Work,job,1,23095.49,23095.49
P0205,100,Labor,General Labor,hour,6204,35.69,221398.04
P0205,101,Labor,Equipment Operators,hour,7762,43.49,337579.69
P0205,102,Labor,Supervisors,hour,13211,58.91,778296.29
P0205,103,Labor,Skilled Labor,hour,12202,47.4,578414.07
P0205,200,Materials,Gravel,ton,10054,36.5,366978.1
P0205,201,Materials,Concrete,cubic_yard,12267,154.67,1897282.45
P0205,202,Materials,Asphalt,ton,5189,102.18,530233.14
P0205,203,Materials,Topsoil,cubic_yard,1742,40.42,70409.62
P0205,300,Equipment,Excavator,hour,2065,144.94,299299.29
P0205,301,Equipment,Bulldozer,hour,2431,166.19,404018.1
P0205,302,Equipment,Loader,hour,489,116.55,56992.14
P0205,303,Equipment,Compactor,hour,769,105.4,81051.28
P0205,400,Fuel,Diesel,gallon,39000,4.11,160480.23
P0205,500,Subcontractor,Concrete Work,job,8,29589.31,236714.48
P0205,501,Subcontractor,Utility Work,job,6,21626.13,129756.79
P0206,100,Labor,General Labor,hour,15091,33.65,507848.41
P0206,101,Labor,Equipment Operators,hour,6107,39.16,239137.81
P0206,102,Labor,Supervisors,hour,17350,52.31,907639.26
P0206,103,Labor,Skilled Labor,hour,15007,47.38,711023.39
P0206,200,Materials,Gravel,ton,7095,32.91,233516.42
P0206,201,Materials,Concrete,cubic_yard,8190,147.6,1208843.58
P0206,202,Materials,Asphalt,ton,12889,97.03,1250578.2
P0206,203,Materials,Topsoil,cubic_yard,23886,41.41,989087.39
P0206,300,Equipment,Excavator,hour,12096,135.25,1635926.24
P0206,301,Equipment,Bulldozer,hour,13238,143.65,1901692.83
P0206,302,Equipment,Loader,hour,12767,121.49,1551084.35
P0206,303,Equipment,Compactor,hour,16274,104.26,1696646.0
P0206,400,Fuel,Diesel,gallon,37056,4.36,161675.54
P0206,500,Subcontractor,Concrete Work,job,10,27250.29,272502.87
P0206,501,Subcontractor,Utility Work,job,13,23329.54,303283.98
P0207,100,Labor,General Labor,hour,5568,33.16,184631.53
P0207,101,Labor,Equipment Operators,hour,6617,43.82,289927.88
P0207,102,Labor,Supervisors,hour,4223,59.85,252755.36
P0207,103,Labor,Skilled Labor,hour,4216,42.89,180806.24
P0207,200,Materials,Gravel,ton,2440,34.36,83835.09
P0207,201,Materials,Concrete,cubic_yard,2112,143.12,302259.34
P0207,202,Materials,Asphalt,ton,998,96.79,96595.07
P0207,203,Materials,Topsoil,cubic_yard,3985,41.83,166684.2
P0207,300,Equipment,Excavator,hour,1804,138.34,249560.01
P0207,301,Equipment,Bulldozer,hour,1820,170.98,311182.42
P0207,302,Equipment,Loader,hour,1329,135.91,180625.52
P0207,303,Equipment,Compactor,hour,622,98.09,61014.6
P0207,400,Fuel,Diesel,gallon,3366,4.04,13601.28
P0207,500,Subcontractor,Concrete Work,job,1,29969.89,29969.89
P0207,501,Subcontractor,Utility Work,job,2,22882.7,45765.39
P0208,100,Labor,General Labor,hour,13701,29.53,404569.89
P0208,101,Labor,Equipment Operators,hour,11777,41.72,491358.43
P0208,102,Labor,Supervisors,hour,8479,59.73,506455.77
P0208,103,Labor,Skilled Labor,hour,7617,53.66,408755.55
P0208,200,Materials,Gravel,ton,8841,31.17,275603.77
P0208,201,Materials,Concrete,cubic_yard,4766,159.43,759858.51
P0208,202,Materials,Asphalt,ton,12097,99.42,1202695.44
P0208,203,Materials,Topsoil,cubic_yard,14101,40.68,573615.45
P0208,300,Equipment,Excavator,hour,497,129.45,64337.79
P0208,301,Equipment,Bulldozer,hour,2748,140.71,386680.73
P0208,302,Equipment,Loader,hour,2954,128.09,378391.77
P0208,303,Equipment,Compactor,hour,5717,92.8,530536.9
P0208,400,Fuel,Diesel,gallon,61687,3.84,236796.57
P0208,500,Subcontractor,Concrete Work,job,6,30012.61,180075.67
P0208,501,Subcontractor,Utility Work,job,7,21757.12,152299.81
P0209,100,Labor,General Labor,hour,2133,34.23,73002.66
P0209,101,Labor,Equipment Operators,hour,9479,50.8,481558.33
P0209,102,Labor,Supervisors,hour,9380,60.89,571117.25
P0209,103,Labor,Skilled Labor,hour,11203,56.19,629547.01
P0209,200,Materials,Gravel,ton,2497,32.53,81239.73
P0209,201,Materials,Concrete,cubic_yard,17738,151.83,2693187.83
P0209,202,Materials,Asphalt,ton,927,87.19,80829.23
P0209,203,Materials,Topsoil,cubic_yard,14937,42.56,635735.18
P0209,300,Equipment,Excavator,hour,8014,123.87,992714.9
P0209,301,Equipment,Bulldozer,hour,661,152.28,100654.89
P0209,302,Equipment,Loader,hour,2386,115.99,276749.75
P0209,303,Equipment,Compactor,hour,5006,92.94,465247.03
P0209,400,Fuel,Diesel,gallon,27022,4.21,113784.23
P0209,500,Subcontractor,Concrete Work,job,9,28506.97,256562.73
P0209,501,Subcontractor,Utility Work,job,2,20869.06,41738.12
P0210,100,Labor,General Labor,hour,1141,31.79,36272.86
P0210,101,Labor,Equipment Operators,hour,1346,42.64,57392.77
P0210,102,Labor,Supervisors,hour,966,58.38,56399.88
P0210,103,Labor,Skilled Labor,hour,2212,49.07,108532.85
P0210,200,Materials,Gravel,ton,4522,34.22,154728.86
P0210,201,Materials,Concrete,cubic_yard,5412,143.11,774528.56
P0210,202,Materials,Asphalt,ton,1427,95.43,136183.08
P0210,203,Materials,Topsoil,cubic_yard,2457,38.83,95406.03
P0210,300,Equipment,Excavator,hour,1950,131.22,255871.99
P0210,301,Equipment,Bulldozer,hour,601,161.81,97245.76
P0210,302,Equipment,Loader,hour,1834,118.89,218046.56
P0210,303,Equipment,Compactor,hour,2494,96.59,240886.64
P0210,400,Fuel,Diesel,gallon,6372,3.66,23297.55
P0210,500,Subcontractor,Concrete Work,job,3,27370.28,82110.83
P0210,501,Subcontractor,Utility Work,job,1,25269.59,25269.59
P0211,100,Labor,General Labor,hour,23738,35.04,831691.88
P0211,101,Labor,Equipment Operators,hour,8961,43.51,389882.99
P0211,102,Labor,Supervisors,hour,7600,61.63,468370.98
P0211,103,Labor,Skilled Labor,hour,5864,51.88,304224.44
P0211,200,Materials,Gravel,ton,16458,34.22,563267.35
P0211,201,Materials,Concrete,cubic_yard,20854,139.4,2907098.9
P0211,202,Materials,Asphalt,ton,14869,93.03,1383296.04
P0211,203,Materials,Topsoil,cubic_yard,22178,40.93,907753.25
P0211,300,Equipment,Excavator,hour,3099,137.35,425636.15
P0211,301,Equipment,Bulldozer,hour,7730,137.39,1062055.79
P0211,302,Equipment,Loader,hour,3032,130.48,395609.79
P0211,303,Equipment,Compactor,hour,11143,97.17,1082803.68
P0211,400,Fuel,Diesel,gallon,47639,3.64,173605.61
P0211,500,Subcontractor,Concrete Work,job,10,27304.51,273045.14
P0211,501,Subcontractor,Utility Work,job,7,23347.35,163431.42
P0212,100,Labor,General Labor,hour,7535,32.14,242138.98
P0212,101,Labor,Equipment Operators,hour,21046,40.91,861048.64
P0212,102,Labor,Supervisors,hour,18134,52.6,953758.73
P0212,103,Labor,Skilled Labor,hour,15517,43.55,675728.84
P0212,200,Materials,Gravel,ton,2153,38.68,83280.24
P0212,201,Materials,Concrete,cubic_yard,7656,171.57,1313573.65
P0212,202,Materials,Asphalt,ton,5417,87.58,474394.87
P0212,203,Materials,Topsoil,cubic_yard,10879,38.26,416200.11
P0212,300,Equipment,Excavator,hour,7311,137.49,1005211.07
P0212,301,Equipment,Bulldozer,hour,10281,161.74,1662801.17
P0212,302,Equipment,Loader,hour,6834,126.45,864185.26
P0212,303,Equipment,Compactor,hour,9659,92.77,896030.15
P0212,400,Fuel,Diesel,gallon,24635,3.8,93500.05
P0212,500,Subcontractor,Concrete Work,job,2,30851.16,61702.33
P0212,501,Subcontractor,Utility Work,job,8,22189.7,177517.58
P0213,100,Labor,General Labor,hour,4070,33.31,135557.19
P0213,101,Labor,Equipment Operators,hour,3856,45.5,175447.01
P0213,102,Labor,Supervisors,hour,2122,60.98,129402.49
P0213,103,Labor,Skilled Labor,hour,1811,48.65,88096.96
P0213,200,Materials,Gravel,ton,1460,33.65,49135.98
P0213,201,Materials,Concrete,cubic_yard,1595,145.03,231316.23
P0213,202,Materials,Asphalt,ton,2087,90.09,188025.53
P0213,203,Materials,Topsoil,cubic_yard,925,41.28,38183.53
P0213,300,Equipment,Excavator,hour,1258,142.51,179276.62
P0213,301,Equipment,Bulldozer,hour,191,152.97,29217.68
P0213,302,Equipment,Loader,hour,1844,121.44,223937.66
P0213,303,Equipment,Compactor,hour,1070,96.73,103504.74
P0213,400,Fuel,Diesel,gallon,15319,4.04,61872.06
P0213,500,Subcontractor,Concrete Work,job,1,30135.08,30135.08
P0213,501,Subcontractor,Utility Work,job,1,24835.29,24835.29
P0214,100,Labor,General Labor,hour,4916,36.25,178216.28
P0214,101,Labor,Equipment Operators,hour,5126,45.39,232650.49
P0214,102,Labor,Supervisors,hour,1793,60.61,108668.57
P0214,103,Labor,Skilled Labor,hour,2884,48.04,138544.17
P0214,200,Materials,Gravel,ton,6694,33.29,222831.37
P0214,201,Materials,Concrete,cubic_yard,5339,164.15,876394.01
P0214,202,Materials,Asphalt,ton,2403,87.18,209481.76
P0214,203,Materials,Topsoil,cubic_yard,4981,36.1,179836.13
P0214,300,Equipment,Excavator,hour,2284,153.77,351216.44
P0214,301,Equipment,Bulldozer,hour,1707,140.95,240594.46
P0214,302,Equipment,Loader,hour,2962,116.97,346470.14
P0214,303,Equipment,Compactor,hour,284,107.03,30395.8
P0214,400,Fuel,Diesel,gallon,5022,4.27,21420.34
P0214,500,Subcontractor,Concrete Work,job,2,26575.73,53151.45
P0214,501,Subcontractor,Utility Work,job,1,22562.72,22562.72
P0215,100,Labor,General Labor,hour,5281,31.74,167609.03
P0215,101,Labor,Equipment Operators,hour,7520,47.11,354238.76
P0215,102,Labor,Supervisors,hour,9130,55.5,506675.67
P0215,103,Labor,Skilled Labor,hour,1284,55.97,71867.1
P0215,200,Materials,Gravel,ton,7223,34.3,247727.93
P0215,201,Materials,Concrete,cubic_yard,1590,157.14,249849.1
P0215,202,Materials,Asphalt,ton,706,98.16,69304.23
P0215,203,Materials,Topsoil,cubic_yard,6598,41.96,276822.81
P0215,300,Equipment,Excavator,hour,723,129.32,93496.83
P0215,301,Equipment,Bulldozer,hour,2044,150.93,308491.79
P0215,302,Equipment,Loader,hour,1748,135.7,237210.98
P0215,303,Equipment,Compactor,hour,1917,96.13,184279.04
P0215,400,Fuel,Diesel,gallon,11268,4.02,45246.86
P0215,500,Subcontractor,Concrete Work,job,4,27331.3,109325.19
P0215,501,Subcontractor,Utility Work,job,4,20833.99,83335.95
P0216,100,Labor,General Labor,hour,2940,33.98,99907.44
P0216,101,Labor,Equipment Operators,hour,5121,46.23,236763.15
P0216,102,Labor,Supervisors,hour,7567,57.72,436769.67
P0216,103,Labor,Skilled Labor,hour,1678,49.14,82450.3
P0216,200,Materials,Gravel,ton,5981,33.57,200773.37
P0216,201,Materials,Concrete,cubic_yard,5115,153.59,785605.16
P0216,202,Materials,Asphalt,ton,2906,82.72,240375.17
P0216,203,Materials,Topsoil,cubic_yard,7343,39.05,286735.57
P0216,300,Equipment,Excavator,hour,834,141.93,118371.14
P0216,301,Equipment,Bulldozer,hour,2793,141.34,394755.6
P0216,302,Equipment,Loader,hour,3164,117.38,371395.55
P0216,303,Equipment,Compactor,hour,966,93.26,90090.76
P0216,400,Fuel,Diesel,gallon,14315,3.92,56156.08
P0216,500,Subcontractor,Concrete Work,job,3,30165.17,90495.5
P0216,501,Subcontractor,Utility Work,job,1,23813.97,23813.97
P0217,100,Labor,General Labor,hour,8478,36.09,306004.69
P0217,101,Labor,Equipment Operators,hour,3781,44.53,168371.78
P0217,102,Labor,Supervisors,hour,5215,58.21,303589.79
P0217,103,Labor,Skilled Labor,hour,8261,47.45,391955.91
P0217,200,Materials,Gravel,ton,1455,33.08,48125.83
P0217,201,Materials,Concrete,cubic_yard,5416,148.5,804298.21
P0217,202,Materials,Asphalt,ton,6036,91.44,551917.22
P0217,203,Materials,Topsoil,cubic_yard,8594,40.54,348357.96
P0217,300,Equipment,Excavator,hour,1860,149.92,278853.57
P0217,301,Equipment,Bulldozer,hour,3823,155.49,594423.59
P0217,302,Equipment,Loader,hour,975,127.78,124588.58
P0217,303,Equipment,Compactor,hour,4317,109.17,471298.63
P0217,400,Fuel,Diesel,gallon,21177,4.2,88882.82
P0217,500,Subcontractor,Concrete Work,job,2,29403.8,58807.6
P0217,501,Subcontractor,Utility Work,job,3,22423.13,67269.4
P0218,100,Labor,General Labor,hour,8355,34.61,289203.62
P0218,101,Labor,Equipment Operators,hour,5581,46.12,257400.77
P0218,102,Labor,Supervisors,hour,4719,56.87,268371.03
P0218,103,Labor,Skilled Labor,hour,1911,52.79,100878.13
P0218,200,Materials,Gravel,ton,2892,35.47,102588.37
P0218,201,Materials,Concrete,cubic_yard,2827,160.25,453034.89
P0218,202,Materials,Asphalt,ton,4082,90.46,369237.44
P0218,203,Materials,Topsoil,cubic_yard,5532,38.89,215143.32
P0218,300,Equipment,Excavator,hour,1265,143.25,181206.88
P0218,301,Equipment,Bulldozer,hour,736,173.53,127719.36
P0218,302,Equipment,Loader,hour,340,128.29,43618.9
P0218,303,Equipment,Compactor,hour,4503,98.37,442968.47
P0218,400,Fuel,Diesel,gallon,23983,3.94,94381.65
P0218,500,Subcontractor,Concrete Work,job,1,28150.88,28150.88
P0218,501,Subcontractor,Utility Work,job,1,21818.58,21818.58
P0219,100,Labor,General Labor,hour,17749,33.72,598509.87
P0219,101,Labor,Equipment Operators,hour,17720,43.51,770970.99
P0219,102,Labor,Supervisors,hour,20260,58.12,1177439.8
P0219,103,Labor,Skilled Labor,hour,12335,51.51,635329.91
P0219,200,Materials,Gravel,ton,15703,34.68,544620.48
P0219,201,Materials,Concrete,cubic_yard,7548,143.28,1081469.4
P0219,202,Materials,Asphalt,ton,2341,87.92,205812.34
P0219,203,Materials,Topsoil,cubic_yard,15955,38.89,620433.7
P0219,300,Equipment,Excavator,hour,10960,136.25,1493320.21
P0219,301,Equipment,Bulldozer,hour,7490,148.38,1111396.94
P0219,302,Equipment,Loader,hour,11505,119.88,1379212.77
P0219,303,Equipment,Compactor,hour,12255,98.57,1207974.31
P0219,400,Fuel,Diesel,gallon,54540,3.89,212129.71
P0219,500,Subcontractor,Concrete Work,job,11,26826.02,295086.22
P0219,501,Subcontractor,Utility Work,job,10,23553.46,235534.61
P0220,100,Labor,General Labor,hour,6306,36.71,231471.84
P0220,101,Labor,Equipment Operators,hour,20285,40.25,816468.41
P0220,102,Labor,Supervisors,hour,7169,57.85,414694.3
P0220,103,Labor,Skilled Labor,hour,4491,52.24,234624.71
P0220,200,Materials,Gravel,ton,8947,38.88,347865.31
P0220,201,Materials,Concrete,cubic_yard,8231,154.88,1274833.4
P0220,202,Materials,Asphalt,ton,1267,101.14,128145.28
P0220,203,Materials,Topsoil,cubic_yard,8633,41.99,362501.01
P0220,300,Equipment,Excavator,hour,3557,146.14,519807.28
P0220,301,Equipment,Bulldozer,hour,7332,147.44,1081041.25
P0220,302,Equipment,Loader,hour,3193,121.06,386529.52
P0220,303,Equipment,Compactor,hour,6661,114.61,763413.95
P0220,400,Fuel,Diesel,gallon,56637,4.32,244558.65
P0220,500,Subcontractor,Concrete Work,job,11,26036.86,286405.48
P0220,501,Subcontractor,Utility Work,job,6,22466.8,134800.81
P0221,100,Labor,General Labor,hour,8189,35.09,287343.87
P0221,101,Labor,Equipment Operators,hour,14570,38.29,557860.79
P0221,102,Labor,Supervisors,hour,14554,60.28,877269.44
P0221,103,Labor,Skilled Labor,hour,13132,48.57,637768.34
P0221,200,Materials,Gravel,ton,24576,37.59,923754.27
P0221,201,Materials,Concrete,cubic_yard,7998,149.28,1193959.41
P0221,202,Materials,Asphalt,ton,5661,98.4,557020.84
P0221,203,Materials,Topsoil,cubic_yard,4420,36.59,161720.95
P0221,300,Equipment,Excavator,hour,14088,130.18,1834042.65
P0221,301,Equipment,Bulldozer,hour,7807,151.36,1181650.09
P0221,302,Equipment,Loader,hour,5999,113.06,678265.74
P0221,303,Equipment,Compactor,hour,6390,91.34,583684.64
P0221,400,Fuel,Diesel,gallon,58883,4.21,247956.24
P0221,500,Subcontractor,Concrete Work,job,9,31955.31,287597.75
P0221,501,Subcontractor,Utility Work,job,9,20262.38,182361.42
P0222,100,Labor,General Labor,hour,10709,35.39,378963.32
P0222,101,Labor,Equipment Operators,hour,4218,44.23,186569.41
P0222,102,Labor,Supervisors,hour,5954,60.97,362988.18
P0222,103,Labor,Skilled Labor,hour,5138,51.81,266215.95
P0222,200,Materials,Gravel,ton,1011,40.07,40513.72
P0222,201,Materials,Concrete,cubic_yard,4908,155.06,761058.45
P0222,202,Materials,Asphalt,ton,7419,107.05,794217.55
P0222,203,Materials,Topsoil,cubic_yard,10127,38.35,388331.98
P0222,300,Equipment,Excavator,hour,6962,141.83,987442.7
P0222,301,Equipment,Bulldozer,hour,3361,147.69,496397.91
P0222,302,Equipment,Loader,hour,5906,126.21,745378.38
P0222,303,Equipment,Compactor,hour,7445,95.11,708099.62
P0222,400,Fuel,Diesel,gallon,9230,3.91,36092.5
P0222,500,Subcontractor,Concrete Work,job,7,29891.79,209242.5
P0222,501,Subcontractor,Utility Work,job,8,24244.92,193959.39
P0223,100,Labor,General Labor,hour,1657,34.2,56665.63
P0223,101,Labor,Equipment Operators,hour,6016,40.61,244306.92
P0223,102,Labor,Supervisors,hour,7233,56.35,407571.98
P0223,103,Labor,Skilled Labor,hour,2915,50.95,148521.5
P0223,200,Materials,Gravel,ton,748,39.51,29553.97
P0223,201,Materials,Concrete,cubic_yard,8723,143.46,1251439.23
P0223,202,Materials,Asphalt,ton,6108,99.98,610648.97
P0223,203,Materials,Topsoil,cubic_yard,8223,37.39,307479.25
P0223,300,Equipment,Excavator,hour,1659,149.32,247714.47
P0223,301,Equipment,Bulldozer,hour,1232,146.41,180376.7
P0223,302,Equipment,Loader,hour,999,116.7,116582.34
P0223,303,Equipment,Compactor,hour,4105,93.09,382134.82
P0223,400,Fuel,Diesel,gallon,35348,4.22,149319.34
P0223,500,Subcontractor,Concrete Work,job,2,30559.9,61119.8
P0223,501,Subcontractor,Utility Work,job,2,23468.86,46937.72
P0224,100,Labor,General Labor,hour,11400,35.81,408216.01
P0224,101,Labor,Equipment Operators,hour,12671,43.32,548871.46
P0224,102,Labor,Supervisors,hour,2566,54.94,140969.65
P0224,103,Labor,Skilled Labor,hour,4719,51.37,242402.02
P0224,200,Materials,Gravel,ton,12475,32.49,405324.07
P0224,201,Materials,Concrete,cubic_yard,3733,144.02,537615.4
P0224,202,Materials,Asphalt,ton,12368,93.89,1161189.26
P0224,203,Materials,Topsoil,cubic_yard,14200,41.32,586790.42
P0224,300,Equipment,Excavator,hour,847,151.73,128517.37
P0224,301,Equipment,Bulldozer,hour,1567,167.34,262216.8
P0224,302,Equipment,Loader,hour,7568,116.28,880016.21
P0224,303,Equipment,Compactor,hour,2283,99.04,226117.37
P0224,400,Fuel,Diesel,gallon,5914,4.16,24575.09
P0224,500,Subcontractor,Concrete Work,job,7,27775.89,194431.23
P0224,501,Subcontractor,Utility Work,job,6,21291.82,127750.91
P0225,100,Labor,General Labor,hour,3913,31.17,121952.87
P0225,101,Labor,Equipment Operators,hour,2141,49.35,105648.67
P0225,102,Labor,Supervisors,hour,2168,51.15,110883.51
P0225,103,Labor,Skilled Labor,hour,4367,53.42,233303.35
P0225,200,Materials,Gravel,ton,4760,37.79,179874.55
P0225,201,Materials,Concrete,cubic_yard,4239,132.69,562453.87
P0225,202,Materials,Asphalt,ton,3348,89.11,298345.26
P0225,203,Materials,Topsoil,cubic_yard,509,35.86,18252.14
P0225,300,Equipment,Excavator,hour,835,145.87,121801.97
P0225,301,Equipment,Bulldozer,hour,1611,160.41,258415.93
P0225,302,Equipment,Loader,hour,1621,127.7,207006.09
P0225,303,Equipment,Compactor,hour,256,105.92,27115.64
P0225,400,Fuel,Diesel,gallon,1803,4.09,7367.09
P0225,500,Subcontractor,Concrete Work,job,2,30659.39,61318.78
P0225,501,Subcontractor,Utility Work,job,3,23389.84,70169.52
P0226,100,Labor,General Labor,hour,3135,36.24,113598.46
P0226,101,Labor,Equipment Operators,hour,7002,38.79,271581.69
P0226,102,Labor,Supervisors,hour,6648,54.79,364247.48
P0226,103,Labor,Skilled Labor,hour,6806,52.65,358341.55
P0226,200,Materials,Gravel,ton,11076,37.46,414931.07
P0226,201,Materials,Concrete,cubic_yard,1541,148.62,229019.23
P0226,202,Materials,Asphalt,ton,15356,105.78,1624431.88
P0226,203,Materials,Topsoil,cubic_yard,8214,41.03,337050.73
P0226,300,Equipment,Excavator,hour,3437,141.32,485731.13
P0226,301,Equipment,Bulldozer,hour,2829,159.72,451856.74
P0226,302,Equipment,Loader,hour,5682,114.11,648397.71
P0226,303,Equipment,Compactor,hour,1348,97.12,130919.24
P0226,400,Fuel,Diesel,gallon,43521,3.55,154655.32
P0226,500,Subcontractor,Concrete Work,job,2,30079.03,60158.06
P0226,501,Subcontractor,Utility Work,job,3,21902.97,65708.9
P0227,100,Labor,General Labor,hour,8440,38.17,322156.93
P0227,101,Labor,Equipment Operators,hour,20303,45.1,915673.46
P0227,102,Labor,Supervisors,hour,20524,55.11,1131075.31
P0227,103,Labor,Skilled Labor,hour,10773,47.19,508412.55
P0227,200,Materials,Gravel,ton,14655,37.86,554840.24
P0227,201,Materials,Concrete,cubic_yard,2151,160.54,345332.24
P0227,202,Materials,Asphalt,ton,20088,87.34,1754492.31
P0227,203,Materials,Topsoil,cubic_yard,20667,38.42,794067.47
P0227,300,Equipment,Excavator,hour,7342,145.12,1065466.95
P0227,301,Equipment,Bulldozer,hour,8696,162.24,1410864.63
P0227,302,Equipment,Loader,hour,1723,109.53,188714.87
P0227,303,Equipment,Compactor,hour,8615,100.73,867749.74
P0227,400,Fuel,Diesel,gallon,52353,4.1,214611.96
P0227,500,Subcontractor,Concrete Work,job,10,30164.01,301640.12
P0227,501,Subcontractor,Utility Work,job,7,21921.86,153453.05
P0228,100,Labor,General Labor,hour,8012,32.59,261135.06
P0228,101,Labor,Equipment Operators,hour,18559,40.9,759052.39
P0228,102,Labor,Supervisors,hour,22340,59.43,1327668.48
P0228,103,Labor,Skilled Labor,hour,5603,55.06,308495.44
P0228,200,Materials,Gravel,ton,10571,34.24,361931.42
P0228,201,Materials,Concrete,cubic_yard,10942,160.47,1755852.58
P0228,202,Materials,Asphalt,ton,23350,99.77,2329571.94
P0228,203,Materials,Topsoil,cubic_yard,12888,37.97,489340.92
P0228,300,Equipment,Excavator,hour,5839,132.02,770883.64
P0228,301,Equipment,Bulldozer,hour,4325,138.55,599244.16
P0228,302,Equipment,Loader,hour,8675,123.26,1069290.76
P0228,303,Equipment,Compactor,hour,4565,96.24,439357.8
P0228,400,Fuel,Diesel,gallon,91757,4.34,397817.1
P0228,500,Subcontractor,Concrete Work,job,7,28047.63,196333.44
P0228,501,Subcontractor,Utility Work,job,3,22801.19,68403.57
P0229,100,Labor,General Labor,hour,18210,36.15,658375.21
P0229,101,Labor,Equipment Operators,hour,5831,46.83,273086.99
P0229,102,Labor,Supervisors,hour,4090,56.4,230680.81
P0229,103,Labor,Skilled Labor,hour,12713,51.64,656468.25
P0229,200,Materials,Gravel,ton,6248,33.47,209107.32
P0229,201,Materials,Concrete,cubic_yard,10180,136.08,1385282.38
P0229,202,Materials,Asphalt,ton,1052,96.32,101325.91
P0229,203,Materials,Topsoil,cubic_yard,4844,39.0,188934.81
P0229,300,Equipment,Excavator,hour,1998,145.42,290547.52
P0229,301,Equipment,Bulldozer,hour,5790,161.4,934523.12
P0229,302,Equipment,Loader,hour,4117,120.21,494905.28
P0229,303,Equipment,Compactor,hour,5543,90.84,503544.42
P0229,400,Fuel,Diesel,gallon,10025,3.55,35633.18
P0229,500,Subcontractor,Concrete Work,job,4,32635.06,130540.23
P0229,501,Subcontractor,Utility Work,job,4,22828.11,91312.45
P0230,100,Labor,General Labor,hour,2618,30.89,80863.29
P0230,101,Labor,Equipment Operators,hour,7094,45.98,326190.7
P0230,102,Labor,Supervisors,hour,4997,54.77,273662.51
P0230,103,Labor,Skilled Labor,hour,4519,46.6,210607.92
P0230,200,Materials,Gravel,ton,11993,35.74,428664.08
P0230,201,Materials,Concrete,cubic_yard,9442,147.86,1396106.63
P0230,202,Materials,Asphalt,ton,795,98.89,78616.96
P0230,203,Materials,Topsoil,cubic_yard,7503,42.54,319141.93
P0230,300,Equipment,Excavator,hour,5780,139.12,804134.41
P0230,301,Equipment,Bulldozer,hour,918,149.77,137490.19
P0230,302,Equipment,Loader,hour,718,123.8,88891.35
P0230,303,Equipment,Compactor,hour,3107,100.19,311285.01
P0230,400,Fuel,Diesel,gallon,35416,4.09,144731.55
P0230,500,Subcontractor,Concrete Work,job,4,28135.23,112540.92
P0230,501,Subcontractor,Utility Work,job,2,23484.06,46968.12
P0231,100,Labor,General Labor,hour,7947,31.62,251264.17
P0231,101,Labor,Equipment Operators,hour,7004,41.86,293212.66
P0231,102,Labor,Supervisors,hour,3489,59.74,208447.81
P0231,103,Labor,Skilled Labor,hour,3911,51.17,200112.03
P0231,200,Materials,Gravel,ton,5195,37.65,195586.98
P0231,201,Materials,Concrete,cubic_yard,412,145.09,59775.92
P0231,202,Materials,Asphalt,ton,4980,98.35,489783.52
P0231,203,Materials,Topsoil,cubic_yard,5385,39.94,215066.5
P0231,300,Equipment,Excavator,hour,708,144.57,102353.86
P0231,301,Equipment,Bulldozer,hour,1391,161.05,224014.5
P0231,302,Equipment,Loader,hour,2387,123.47,294718.17
P0231,303,Equipment,Compactor,hour,1780,102.2,181914.14
P0231,400,Fuel,Diesel,gallon,18915,4.11,77824.61
P0231,500,Subcontractor,Concrete Work,job,2,30238.74,60477.48
P0231,501,Subcontractor,Utility Work,job,3,23006.34,69019.01
P0232,100,Labor,General Labor,hour,1193,37.06,44212.41
P0232,101,Labor,Equipment Operators,hour,2634,42.01,110641.61
P0232,102,Labor,Supervisors,hour,823,60.0,49379.77
P0232,103,Labor,Skilled Labor,hour,2269,48.31,109622.6
P0232,200,Materials,Gravel,ton,380,32.51,12354.37
P0232,201,Materials,Concrete,cubic_yard,3127,139.03,434734.8
P0232,202,Materials,Asphalt,ton,1672,93.61,156508.48
P0232,203,Materials,Topsoil,cubic_yard,1921,39.72,76298.64
P0232,300,Equipment,Excavator,hour,1588,141.45,224627.14
P0232,301,Equipment,Bulldozer,hour,970,160.14,155332.01
P0232,302,Equipment,Loader,hour,936,119.66,112004.96
P0232,303,Equipment,Compactor,hour,1795,93.43,167709.41
P0232,400,Fuel,Diesel,gallon,8501,4.27,36296.47
P0232,500,Subcontractor,Concrete Work,job,1,28715.29,28715.29
P0232,501,Subcontractor,Utility Work,job,1,20383.67,20383.67
P0233,100,Labor,General Labor,hour,3381,33.17,112149.87
P0233,101,Labor,Equipment Operators,hour,6776,44.12,298961.58
P0233,102,Labor,Supervisors,hour,4177,58.48,244276.16
P0233,103,Labor,Skilled Labor,hour,3508,46.77,164055.21
P0233,200,Materials,Gravel,ton,4632,36.57,169381.78
P0233,201,Materials,Concrete,cubic_yard,6065,144.51,876463.7
P0233,202,Materials,Asphalt,ton,3149,101.47,319528.87
P0233,203,Materials,Topsoil,cubic_yard,6374,40.73,259630.68
P0233,300,Equipment,Excavator,hour,1979,157.18,311052.61
P0233,301,Equipment,Bulldozer,hour,2977,160.62,478157.42
P0233,302,Equipment,Loader,hour,4688,132.16,619579.75
P0233,303,Equipment,Compactor,hour,300,93.43,28030.0
P0233,400,Fuel,Diesel,gallon,17945,4.06,72860.74
P0233,500,Subcontractor,Concrete Work,job,5,27570.28,137851.4
P0233,501,Subcontractor,Utility Work,job,6,23293.02,139758.15
P0234,100,Labor,General Labor,hour,3287,30.31,99622.72
P0234,101,Labor,Equipment Operators,hour,1758,44.86,78859.45
P0234,102,Labor,Supervisors,hour,2434,55.63,135398.3
P0234,103,Labor,Skilled Labor,hour,6449,44.89,289521.79
P0234,200,Materials,Gravel,ton,4766,32.84,156535.63
P0234,201,Materials,Concrete,cubic_yard,7308,150.03,1096396.41
P0234,202,Materials,Asphalt,ton,6693,102.3,684673.19
P0234,203,Materials,Topsoil,cubic_yard,3318,40.56,134576.36
P0234,300,Equipment,Excavator,hour,1654,134.09,221791.43
P0234,301,Equipment,Bulldozer,hour,3318,158.88,527155.01
P0234,302,Equipment,Loader,hour,2156,128.14,276263.02
P0234,303,Equipment,Compactor,hour,596,85.52,50971.47
P0234,400,Fuel,Diesel,gallon,24361,3.82,93123.55
P0234,500,Subcontractor,Concrete Work,job,3,28794.28,86382.83
P0234,501,Subcontractor,Utility Work,job,4,25330.66,101322.64
P0235,100,Labor,General Labor,hour,9783,34.47,337198.93
P0235,101,Labor,Equipment Operators,hour,11322,42.17,477422.05
P0235,102,Labor,Supervisors,hour,4720,61.0,287941.49
P0235,103,Labor,Skilled Labor,hour,2185,47.47,103719.18
P0235,200,Materials,Gravel,ton,6968,32.89,229155.09
P0235,201,Materials,Concrete,cubic_yard,10564,146.82,1550973.19
P0235,202,Materials,Asphalt,ton,4841,89.39,432755.08
P0235,203,Materials,Topsoil,cubic_yard,377,40.86,15402.93
P0235,300,Equipment,Excavator,hour,4380,142.08,622302.29
P0235,301,Equipment,Bulldozer,hour,4729,160.65,759714.12
P0235,302,Equipment,Loader,hour,1176,129.38,152152.79
P0235,303,Equipment,Compactor,hour,1854,95.01,176147.09
P0235,400,Fuel,Diesel,gallon,25422,4.29,109145.53
P0235,500,Subcontractor,Concrete Work,job,3,29938.39,89815.17
P0235,501,Subcontractor,Utility Work,job,5,23663.98,118319.92
P0236,100,Labor,General Labor,hour,16794,36.0,604591.18
P0236,101,Labor,Equipment Operators,hour,20827,41.68,868161.21
P0236,102,Labor,Supervisors,hour,7549,57.98,437662.3
P0236,103,Labor,Skilled Labor,hour,7663,45.34,347457.78
P0236,200,Materials,Gravel,ton,19426,37.58,729937.49
P0236,201,Materials,Concrete,cubic_yard,3072,171.76,527662.03
P0236,202,Materials,Asphalt,ton,9808,90.25,885211.75
P0236,203,Materials,Topsoil,cubic_yard,9270,38.08,353033.85
P0236,300,Equipment,Excavator,hour,3155,153.26,483521.6
P0236,301,Equipment,Bulldozer,hour,4324,138.45,598650.41
P0236,302,Equipment,Loader,hour,8608,122.75,1056646.74
P0236,303,Equipment,Compactor,hour,9087,86.8,788777.46
P0236,400,Fuel,Diesel,gallon,53971,4.34,234381.47
P0236,500,Subcontractor,Concrete Work,job,3,27676.71,83030.13
P0236,501,Subcontractor,Utility Work,job,10,22492.82,224928.17
P0237,100,Labor,General Labor,hour,5383,31.5,169571.48
P0237,101,Labor,Equipment Operators,hour,2878,45.6,131243.59
P0237,102,Labor,Supervisors,hour,5427,63.32,343638.17
P0237,103,Labor,Skilled Labor,hour,2515,44.51,111953.89
P0237,200,Materials,Gravel,ton,3916,36.65,143518.41
P0237,201,Materials,Concrete,cubic_yard,1719,150.17,258138.21
P0237,202,Materials,Asphalt,ton,204,102.38,20886.3
P0237,203,Materials,Topsoil,cubic_yard,218,43.65,9516.12
P0237,300,Equipment,Excavator,hour,2043,122.17,249595.99
P0237,301,Equipment,Bulldozer,hour,2557,165.85,424090.61
P0237,302,Equipment,Loader,hour,574,113.61,65209.98
P0237,303,Equipment,Compactor,hour,2092,101.03,211354.16
P0237,400,Fuel,Diesel,gallon,18078,4.23,76499.35
P0237,500,Subcontractor,Concrete Work,job,2,30508.18,61016.36
P0237,501,Subcontractor,Utility Work,job,2,21878.4,43756.8
P0238,100,Labor,General Labor,hour,13077,33.84,442471.63
P0238,101,Labor,Equipment Operators,hour,3577,42.81,153129.34
P0238,102,Labor,Supervisors,hour,4758,49.0,233165.31
P0238,103,Labor,Skilled Labor,hour,4209,44.24,186188.26
P0238,200,Materials,Gravel,ton,6355,36.81,233956.97
P0238,201,Materials,Concrete,cubic_yard,13620,147.21,2005008.56
P0238,202,Materials,Asphalt,ton,6792,90.69,616000.34
P0238,203,Materials,Topsoil,cubic_yard,5142,42.39,217979.35
P0238,300,Equipment,Excavator,hour,6238,148.78,928058.95
P0238,301,Equipment,Bulldozer,hour,3146,148.89,468418.13
P0238,302,Equipment,Loader,hour,2805,113.6,318643.38
P0238,303,Equipment,Compactor,hour,5620,95.08,534323.27
P0238,400,Fuel,Diesel,gallon,51978,3.8,197747.51
P0238,500,Subcontractor,Concrete Work,job,5,30297.83,151489.13
P0238,501,Subcontractor,Utility Work,job,6,23744.79,142468.74
P0239,100,Labor,General Labor,hour,29302,32.45,950841.96
P0239,101,Labor,Equipment Operators,hour,4422,42.31,187074.61
P0239,102,Labor,Supervisors,hour,18627,58.66,1092705.13
P0239,103,Labor,Skilled Labor,hour,25168,43.3,1089738.31
P0239,200,Materials,Gravel,ton,31461,31.99,1006326.89
P0239,201,Materials,Concrete,cubic_yard,12904,143.63,1853443.89
P0239,202,Materials,Asphalt,ton,5396,96.09,518506.29
P0239,203,Materials,Topsoil,cubic_yard,25796,37.64,970987.14
P0239,300,Equipment,Excavator,hour,4191,133.89,561114.51
P0239,301,Equipment,Bulldozer,hour,6721,162.75,1093871.11
P0239,302,Equipment,Loader,hour,7572,107.77,816012.49
P0239,303,Equipment,Compactor,hour,10477,98.45,1031432.39
P0239,400,Fuel,Diesel,gallon,104301,4.27,445083.89
P0239,500,Subcontractor,Concrete Work,job,10,28525.77,285257.72
P0239,501,Subcontractor,Utility Work,job,10,22574.21,225742.05
P0240,100,Labor,General Labor,hour,481,35.64,17142.87
P0240,101,Labor,Equipment Operators,hour,238,42.04,10005.87
P0240,102,Labor,Supervisors,hour,1620,55.71,90243.19
P0240,103,Labor,Skilled Labor,hour,476,48.1,22894.14
P0240,200,Materials,Gravel,ton,1521,34.49,52453.92
P0240,201,Materials,Concrete,cubic_yard,367,160.0,58718.69
P0240,202,Materials,Asphalt,ton,1793,89.98,161328.12
P0240,203,Materials,Topsoil,cubic_yard,1679,41.05,68922.72
P0240,300,Equipment,Excavator,hour,565,150.28,84907.28
P0240,301,Equipment,Bulldozer,hour,511,161.51,82530.15
P0240,302,Equipment,Loader,hour,753,127.56,96053.56
P0240,303,Equipment,Compactor,hour,961,86.64,83258.75
P0240,400,Fuel,Diesel,gallon,2753,3.56,9797.7
P0240,500,Subcontractor,Concrete Work,job,1,30596.41,30596.41
P0240,501,Subcontractor,Utility Work,job,1,23231.02,23231.02
P0241,100,Labor,General Labor,hour,4458,30.79,137241.94
P0241,101,Labor,Equipment Operators,hour,10472,40.54,424584.66
P0241,102,Labor,Supervisors,hour,8979,61.33,550696.49
P0241,103,Labor,Skilled Labor,hour,14819,47.52,704185.8
P0241,200,Materials,Gravel,ton,13923,36.48,507939.13
P0241,201,Materials,Concrete,cubic_yard,10974,131.98,1448311.72
P0241,202,Materials,Asphalt,ton,2218,104.64,232088.82
P0241,203,Materials,Topsoil,cubic_yard,8547,41.26,352620.97
P0241,300,Equipment,Excavator,hour,5379,143.44,771585.74
P0241,301,Equipment,Bulldozer,hour,2716,165.69,450005.43
P0241,302,Equipment,Loader,hour,3652,117.37,428633.53
P0241,303,Equipment,Compactor,hour,2819,99.95,281763.23
P0241,400,Fuel,Diesel,gallon,77044,3.78,291101.73
P0241,500,Subcontractor,Concrete Work,job,10,29749.86,297498.59
P0241,501,Subcontractor,Utility Work,job,5,22799.08,113995.41
P0242,100,Labor,General Labor,hour,25458,32.45,826123.62
P0242,101,Labor,Equipment Operators,hour,14914,41.28,615578.82
P0242,102,Labor,Supervisors,hour,8951,51.47,460736.94
P0242,103,Labor,Skilled Labor,hour,16839,44.97,757176.15
P0242,200,Materials,Gravel,ton,15075,36.2,545694.9
P0242,201,Materials,Concrete,cubic_yard,6810,155.08,1056086.41
P0242,202,Materials,Asphalt,ton,28778,89.71,2581546.72
P0242,203,Materials,Topsoil,cubic_yard,6415,44.01,282296.63
P0242,300,Equipment,Excavator,hour,14157,145.88,2065161.28
P0242,301,Equipment,Bulldozer,hour,11623,157.09,1825873.08
P0242,302,Equipment,Loader,hour,3829,119.57,457845.55
P0242,303,Equipment,Compactor,hour,4147,93.45,387556.17
P0242,400,Fuel,Diesel,gallon,68915,4.02,276937.95
P0242,500,Subcontractor,Concrete Work,job,12,27447.82,329373.79
P0242,501,Subcontractor,Utility Work,job,15,20861.76,312926.38
P0243,100,Labor,General Labor,hour,12391,31.71,392912.25
P0243,101,Labor,Equipment Operators,hour,18784,44.19,830002.48
P0243,102,Labor,Supervisors,hour,8218,56.52,464486.33
P0243,103,Labor,Skilled Labor,hour,6002,50.43,302686.85
P0243,200,Materials,Gravel,ton,16631,34.9,580361.14
P0243,201,Materials,Concrete,cubic_yard,7653,154.3,1180838.37
P0243,202,Materials,Asphalt,ton,2232,96.53,215445.43
P0243,203,Materials,Topsoil,cubic_yard,5789,40.89,236735.86
P0243,300,Equipment,Excavator,hour,6021,133.73,805205.8
P0243,301,Equipment,Bulldozer,hour,5009,166.31,833029.9
P0243,302,Equipment,Loader,hour,8168,127.02,1037473.15
P0243,303,Equipment,Compactor,hour,2520,106.14,267483.78
P0243,400,Fuel,Diesel,gallon,10323,4.33,44669.62
P0243,500,Subcontractor,Concrete Work,job,10,29119.62,291196.24
P0243,501,Subcontractor,Utility Work,job,7,22026.34,154184.41
P0244,100,Labor,General Labor,hour,18668,32.16,600276.96
P0244,101,Labor,Equipment Operators,hour,2458,43.03,105774.82
P0244,102,Labor,Supervisors,hour,5188,57.61,298888.15
P0244,103,Labor,Skilled Labor,hour,24135,55.8,1346806.17
P0244,200,Materials,Gravel,ton,14847,36.01,534596.4
P0244,201,Materials,Concrete,cubic_yard,21315,137.07,2921648.58
P0244,202,Materials,Asphalt,ton,17735,102.59,1819474.77
P0244,203,Materials,Topsoil,cubic_yard,8504,39.62,336948.34
P0244,300,Equipment,Excavator,hour,5947,138.83,825616.66
P0244,301,Equipment,Bulldozer,hour,7639,151.68,1158665.3
P0244,302,Equipment,Loader,hour,8851,117.92,1043698.33
P0244,303,Equipment,Compactor,hour,6481,101.08,655107.48
P0244,400,Fuel,Diesel,gallon,30033,3.92,117652.73
P0244,500,Subcontractor,Concrete Work,job,9,27357.1,246213.93
P0244,501,Subcontractor,Utility Work,job,7,20776.46,145435.22
P0245,100,Labor,General Labor,hour,7374,32.67,240872.28
P0245,101,Labor,Equipment Operators,hour,9767,43.02,420190.55
P0245,102,Labor,Supervisors,hour,7678,62.94,483248.46
P0245,103,Labor,Skilled Labor,hour,8464,51.79,438367.34
P0245,200,Materials,Gravel,ton,1617,32.35,52308.54
P0245,201,Materials,Concrete,cubic_yard,31280,133.93,4189295.84
P0245,202,Materials,Asphalt,ton,17624,104.01,1833104.41
P0245,203,Materials,Topsoil,cubic_yard,14148,39.22,554845.68
P0245,300,Equipment,Excavator,hour,1228,145.63,178836.52
P0245,301,Equipment,Bulldozer,hour,12771,173.86,2220387.72
P0245,302,Equipment,Loader,hour,16154,132.93,2147354.63
P0245,303,Equipment,Compactor,hour,4295,100.15,430151.77
P0245,400,Fuel,Diesel,gallon,77071,3.74,288188.09
P0245,500,Subcontractor,Concrete Work,job,6,30959.92,185759.5
P0245,501,Subcontractor,Utility Work,job,9,21607.59,194468.34
P0246,100,Labor,General Labor,hour,5338,36.76,196239.9
P0246,101,Labor,Equipment Operators,hour,10686,42.62,455420.82
P0246,102,Labor,Supervisors,hour,4649,59.92,278559.26
P0246,103,Labor,Skilled Labor,hour,13618,46.55,633985.3
P0246,200,Materials,Gravel,ton,6420,36.32,233154.1
P0246,201,Materials,Concrete,cubic_yard,9382,147.75,1386228.06
P0246,202,Materials,Asphalt,ton,12513,88.16,1103131.87
P0246,203,Materials,Topsoil,cubic_yard,5939,35.48,210721.98
P0246,300,Equipment,Excavator,hour,6315,150.11,947922.25
P0246,301,Equipment,Bulldozer,hour,5870,164.21,963905.37
P0246,302,Equipment,Loader,hour,7839,119.41,936075.34
P0246,303,Equipment,Compactor,hour,652,94.48,61597.87
P0246,400,Fuel,Diesel,gallon,39716,3.85,153036.66
P0246,500,Subcontractor,Concrete Work,job,6,29716.78,178300.68
P0246,501,Subcontractor,Utility Work,job,3,21551.32,64653.96
P0247,100,Labor,General Labor,hour,6183,35.71,220769.96
P0247,101,Labor,Equipment Operators,hour,12339,41.66,514087.81
P0247,102,Labor,Supervisors,hour,3395,57.42,194947.78
P0247,103,Labor,Skilled Labor,hour,8455,48.08,406495.17
P0247,200,Materials,Gravel,ton,6129,36.91,226237.01
P0247,201,Materials,Concrete,cubic_yard,17247,150.82,2601221.68
P0247,202,Materials,Asphalt,ton,9297,88.85,825994.2
P0247,203,Materials,Topsoil,cubic_yard,4334,42.25,183103.67
P0247,300,Equipment,Excavator,hour,3814,154.24,588261.44
P0247,301,Equipment,Bulldozer,hour,325,165.24,53703.96
P0247,302,Equipment,Loader,hour,3947,127.69,503989.98
P0247,303,Equipment,Compactor,hour,4846,97.24,471202.39
P0247,400,Fuel,Diesel,gallon,31311,3.67,114795.03
P0247,500,Subcontractor,Concrete Work,job,11,32494.06,357434.69
P0247,501,Subcontractor,Utility Work,job,8,21319.3,170554.41
P0248,100,Labor,General Labor,hour,1638,31.86,52190.9
P0248,101,Labor,Equipment Operators,hour,2269,43.48,98646.18
P0248,102,Labor,Supervisors,hour,2384,56.64,135033.04
P0248,103,Labor,Skilled Labor,hour,1052,47.35,49816.21
P0248,200,Materials,Gravel,ton,446,35.12,15663.81
P0248,201,Materials,Concrete,cubic_yard,4623,157.47,727988.79
P0248,202,Materials,Asphalt,ton,4022,101.97,410106.22
P0248,203,Materials,Topsoil,cubic_yard,5307,40.14,212996.84
P0248,300,Equipment,Excavator,hour,562,135.14,75951.36
P0248,301,Equipment,Bulldozer,hour,914,161.47,147582.7
P0248,302,Equipment,Loader,hour,1804,125.36,226153.26
P0248,303,Equipment,Compactor,hour,1038,99.68,103471.33
P0248,400,Fuel,Diesel,gallon,7923,3.59,28425.59
P0248,500,Subcontractor,Concrete Work,job,2,28934.68,57869.37
P0248,501,Subcontractor,Utility Work,job,3,22751.07,68253.2
P0249,100,Labor,General Labor,hour,12155,34.74,422243.17
P0249,101,Labor,Equipment Operators,hour,15616,37.58,586858.5
P0249,102,Labor,Supervisors,hour,19276,55.53,1070397.58
P0249,103,Labor,Skilled Labor,hour,7975,46.16,368089.98
P0249,200,Materials,Gravel,ton,17625,32.92,580232.1
P0249,201,Materials,Concrete,cubic_yard,17730,164.69,2919982.11
P0249,202,Materials,Asphalt,ton,1693,97.24,164624.88
P0249,203,Materials,Topsoil,cubic_yard,7210,38.55,277945.68
P0249,300,Equipment,Excavator,hour,2596,143.48,372461.68
P0249,301,Equipment,Bulldozer,hour,4840,166.61,806386.89
P0249,302,Equipment,Loader,hour,4080,119.21,486380.09
P0249,303,Equipment,Compactor,hour,6557,92.08,603775.96
P0249,400,Fuel,Diesel,gallon,43086,4.11,176871.34
P0249,500,Subcontractor,Concrete Work,job,2,30001.14,60002.28
P0249,501,Subcontractor,Utility Work,job,4,21529.29,86117.17
P0250,100,Labor,General Labor,hour,10284,32.73,336554.98
P0250,101,Labor,Equipment Operators,hour,17326,46.04,797743.89
P0250,102,Labor,Supervisors,hour,11850,53.19,630296.42
P0250,103,Labor,Skilled Labor,hour,19533,52.04,1016567.38
P0250,200,Materials,Gravel,ton,13062,37.22,486130.82
P0250,201,Materials,Concrete,cubic_yard,21086,154.57,3259321.01
P0250,202,Materials,Asphalt,ton,15761,91.8,1446830.81
P0250,203,Materials,Topsoil,cubic_yard,3236,36.19,117117.69
P0250,300,Equipment,Excavator,hour,1841,151.03,278046.56
P0250,301,Equipment,Bulldozer,hour,9334,164.65,1536827.17
P0250,302,Equipment,Loader,hour,8032,126.38,1015070.14
P0250,303,Equipment,Compactor,hour,7558,85.18,643755.03
P0250,400,Fuel,Diesel,gallon,48375,4.23,204658.81
P0250,500,Subcontractor,Concrete Work,job,4,26927.0,107708.0
P0250,501,Subcontractor,Utility Work,job,2,20440.99,40881.98
P0251,100,Labor,General Labor,hour,18494,31.16,576307.17
P0251,101,Labor,Equipment Operators,hour,16974,43.84,744123.98
P0251,102,Labor,Supervisors,hour,16719,61.45,1027383.56
P0251,103,Labor,Skilled Labor,hour,16985,46.54,790545.65
P0251,200,Materials,Gravel,ton,1882,33.16,62408.71
P0251,201,Materials,Concrete,cubic_yard,8411,151.36,1273122.32
P0251,202,Materials,Asphalt,ton,799,91.77,73326.83
P0251,203,Materials,Topsoil,cubic_yard,8830,43.3,382307.32
P0251,300,Equipment,Excavator,hour,8286,133.59,1106945.82
P0251,301,Equipment,Bulldozer,hour,834,153.27,127829.69
P0251,302,Equipment,Loader,hour,3154,123.96,390955.46
P0251,303,Equipment,Compactor,hour,2525,98.94,249819.02
P0251,400,Fuel,Diesel,gallon,17680,3.64,64429.57
P0251,500,Subcontractor,Concrete Work,job,6,29477.28,176863.67
P0251,501,Subcontractor,Utility Work,job,7,23495.34,164467.36
P0252,100,Labor,General Labor,hour,992,31.9,31641.35
P0252,101,Labor,Equipment Operators,hour,1340,35.98,48212.8
P0252,102,Labor,Supervisors,hour,2357,64.3,151557.69
P0252,103,Labor,Skilled Labor,hour,630,53.29,33573.7
P0252,200,Materials,Gravel,ton,2146,36.0,77251.99
P0252,201,Materials,Concrete,cubic_yard,700,151.54,106076.03
P0252,202,Materials,Asphalt,ton,704,104.49,73564.22
P0252,203,Materials,Topsoil,cubic_yard,1670,41.94,70036.25
P0252,300,Equipment,Excavator,hour,759,136.41,103536.55
P0252,301,Equipment,Bulldozer,hour,1005,152.96,153722.95
P0252,302,Equipment,Loader,hour,657,106.86,70204.58
P0252,303,Equipment,Compactor,hour,720,102.42,73745.04
P0252,400,Fuel,Diesel,gallon,464,4.02,1864.31
P0252,500,Subcontractor,Concrete Work,job,1,28049.73,28049.73
P0252,501,Subcontractor,Utility Work,job,1,21484.2,21484.2
P0253,100,Labor,General Labor,hour,1574,32.85,51703.52
P0253,101,Labor,Equipment Operators,hour,4689,42.25,198130.38
P0253,102,Labor,Supervisors,hour,5620,59.95,336902.45
P0253,103,Labor,Skilled Labor,hour,10672,44.94,479632.64
P0253,200,Materials,Gravel,ton,13470,37.52,505345.5
P0253,201,Materials,Concrete,cubic_yard,9835,131.83,1296574.48
P0253,202,Materials,Asphalt,ton,7263,91.93,667658.23
P0253,203,Materials,Topsoil,cubic_yard,8849,35.89,317580.35
P0253,300,Equipment,Excavator,hour,6275,130.73,820321.5
P0253,301,Equipment,Bulldozer,hour,2626,166.09,436142.02
P0253,302,Equipment,Loader,hour,679,146.27,99317.89
P0253,303,Equipment,Compactor,hour,6914,97.56,674536.39
P0253,400,Fuel,Diesel,gallon,10359,4.11,42571.58
P0253,500,Subcontractor,Concrete Work,job,2,28579.15,57158.31
P0253,501,Subcontractor,Utility Work,job,2,22335.05,44670.09
P0254,100,Labor,General Labor,hour,688,31.22,21477.0
P0254,101,Labor,Equipment Operators,hour,364,46.09,16776.8
P0254,102,Labor,Supervisors,hour,1546,56.87,87918.56
P0254,103,Labor,Skilled Labor,hour,1563,47.02,73496.16
P0254,200,Materials,Gravel,ton,2252,36.3,81755.36
P0254,201,Materials,Concrete,cubic_yard,1438,136.99,196996.98
P0254,202,Materials,Asphalt,ton,2225,96.82,215429.39
P0254,203,Materials,Topsoil,cubic_yard,1939,39.02,75664.67
P0254,300,Equipment,Excavator,hour,215,142.14,30559.44
P0254,301,Equipment,Bulldozer,hour,1219,156.82,191165.84
P0254,302,Equipment,Loader,hour,697,127.7,89004.91
P0254,303,Equipment,Compactor,hour,856,95.26,81540.19
P0254,400,Fuel,Diesel,gallon,1191,4.0,4769.46
P0254,500,Subcontractor,Concrete Work,job,2,30814.54,61629.08
P0254,501,Subcontractor,Utility Work,job,1,20305.05,20305.05
P0255,100,Labor,General Labor,hour,16479,36.36,599241.84
P0255,101,Labor,Equipment Operators,hour,9045,47.11,426079.02
P0255,102,Labor,Supervisors,hour,16688,63.21,1054868.26
P0255,103,Labor,Skilled Labor,hour,5388,54.16,291798.34
P0255,200,Materials,Gravel,ton,17261,35.24,608202.1
P0255,201,Materials,Concrete,cubic_yard,3236,150.88,488233.43
P0255,202,Materials,Asphalt,ton,6863,99.11,680217.11
P0255,203,Materials,Topsoil,cubic_yard,16945,38.9,659212.58
P0255,300,Equipment,Excavator,hour,1642,145.32,238617.59
P0255,301,Equipment,Bulldozer,hour,6622,170.68,1130233.08
P0255,302,Equipment,Loader,hour,7728,123.89,957417.89
P0255,303,Equipment,Compactor,hour,9734,104.6,1018172.87
P0255,400,Fuel,Diesel,gallon,17075,4.27,72870.44
P0255,500,Subcontractor,Concrete Work,job,11,30698.4,337682.35
P0255,501,Subcontractor,Utility Work,job,8,23778.01,190224.04
P0256,100,Labor,General Labor,hour,2689,36.15,97202.06
P0256,101,Labor,Equipment Operators,hour,3891,41.63,161991.86
P0256,102,Labor,Supervisors,hour,2213,57.42,127060.03
P0256,103,Labor,Skilled Labor,hour,4063,53.07,215605.98
P0256,200,Materials,Gravel,ton,6748,34.4,232154.11
P0256,201,Materials,Concrete,cubic_yard,5241,134.92,707120.31
P0256,202,Materials,Asphalt,ton,3668,89.51,328321.14
P0256,203,Materials,Topsoil,cubic_yard,3568,40.84,145706.04
P0256,300,Equipment,Excavator,hour,1995,150.89,301030.03
P0256,301,Equipment,Bulldozer,hour,3754,163.12,612346.31
P0256,302,Equipment,Loader,hour,1905,113.66,216524.27
P0256,303,Equipment,Compactor,hour,2472,88.19,217998.15
P0256,400,Fuel,Diesel,gallon,21537,4.64,99860.08
P0256,500,Subcontractor,Concrete Work,job,1,31932.04,31932.04
P0256,501,Subcontractor,Utility Work,job,2,23853.39,47706.78
P0257,100,Labor,General Labor,hour,2932,33.41,97959.35
P0257,101,Labor,Equipment Operators,hour,1858,46.89,87127.68
P0257,102,Labor,Supervisors,hour,1672,52.22,87303.62
P0257,103,Labor,Skilled Labor,hour,5301,54.13,286948.92
P0257,200,Materials,Gravel,ton,134,35.99,4822.79
P0257,201,Materials,Concrete,cubic_yard,3016,162.39,489779.8
P0257,202,Materials,Asphalt,ton,3290,94.26,310122.89
P0257,203,Materials,Topsoil,cubic_yard,2043,39.83,81368.35
P0257,300,Equipment,Excavator,hour,1555,141.97,220756.1
P0257,301,Equipment,Bulldozer,hour,1442,175.6,253209.73
P0257,302,Equipment,Loader,hour,514,111.32,57220.07
P0257,303,Equipment,Compactor,hour,1653,96.85,160100.87
P0257,400,Fuel,Diesel,gallon,17313,3.94,68224.12
P0257,500,Subcontractor,Concrete Work,job,2,25007.74,50015.47
P0257,501,Subcontractor,Utility Work,job,1,23129.1,23129.1
P0258,100,Labor,General Labor,hour,2515,34.27,86179.78
P0258,101,Labor,Equipment Operators,hour,18696,44.67,835062.88
P0258,102,Labor,Supervisors,hour,12493,56.21,702252.88
P0258,103,Labor,Skilled Labor,hour,8892,44.39,394696.08
P0258,200,Materials,Gravel,ton,20296,35.59,722420.32
P0258,201,Materials,Concrete,cubic_yard,15045,135.16,2033516.06
P0258,202,Materials,Asphalt,ton,2262,103.63,234414.96
P0258,203,Materials,Topsoil,cubic_yard,15845,38.97,617481.4
P0258,300,Equipment,Excavator,hour,11674,142.69,1665820.69
P0258,301,Equipment,Bulldozer,hour,3504,161.55,566063.59
P0258,302,Equipment,Loader,hour,9840,112.96,1111544.01
P0258,303,Equipment,Compactor,hour,7420,98.32,729537.61
P0258,400,Fuel,Diesel,gallon,21009,3.96,83104.32
P0258,500,Subcontractor,Concrete Work,job,8,30817.01,246536.09
P0258,501,Subcontractor,Utility Work,job,10,22767.84,227678.39
P0259,100,Labor,General Labor,hour,1554,31.57,49064.18
P0259,101,Labor,Equipment Operators,hour,3279,41.61,136441.98
P0259,102,Labor,Supervisors,hour,2157,48.08,103707.6
P0259,103,Labor,Skilled Labor,hour,2357,55.01,129667.08
P0259,200,Materials,Gravel,ton,292,35.21,10282.34
P0259,201,Materials,Concrete,cubic_yard,639,139.75,89300.61
P0259,202,Materials,Asphalt,ton,3238,94.94,307429.48
P0259,203,Materials,Topsoil,cubic_yard,2308,38.79,89535.9
P0259,300,Equipment,Excavator,hour,1643,136.23,223827.77
P0259,301,Equipment,Bulldozer,hour,223,146.83,32743.22
P0259,302,Equipment,Loader,hour,126,132.03,16635.58
P0259,303,Equipment,Compactor,hour,1348,103.22,139137.97
P0259,400,Fuel,Diesel,gallon,4352,3.82,16628.26
P0259,500,Subcontractor,Concrete Work,job,2,29389.53,58779.06
P0259,501,Subcontractor,Utility Work,job,1,21720.35,21720.35
P0260,100,Labor,General Labor,hour,15038,32.02,481476.44
P0260,101,Labor,Equipment Operators,hour,15620,45.59,712106.95
P0260,102,Labor,Supervisors,hour,14440,56.33,813404.87
P0260,103,Labor,Skilled Labor,hour,15020,47.88,719201.49
P0260,200,Materials,Gravel,ton,5794,32.89,190588.66
P0260,201,Materials,Concrete,cubic_yard,10630,159.84,1699071.99
P0260,202,Materials,Asphalt,ton,4982,90.86,452646.66
P0260,203,Materials,Topsoil,cubic_yard,12964,39.4,510764.55
P0260,300,Equipment,Excavator,hour,6254,130.29,814823.0
P0260,301,Equipment,Bulldozer,hour,3409,156.64,533970.32
P0260,302,Equipment,Loader,hour,2889,112.73,325676.38
P0260,303,Equipment,Compactor,hour,7680,105.45,809866.2
P0260,400,Fuel,Diesel,gallon,8391,4.09,34281.89
P0260,500,Subcontractor,Concrete Work,job,3,29129.19,87387.57
P0260,501,Subcontractor,Utility Work,job,3,23572.23,70716.68
P0261,100,Labor,General Labor,hour,11403,33.02,376501.0
P0261,101,Labor,Equipment Operators,hour,3649,42.84,156315.53
P0261,102,Labor,Supervisors,hour,6646,65.77,437125.23
P0261,103,Labor,Skilled Labor,hour,2051,49.16,100830.46
P0261,200,Materials,Gravel,ton,2814,36.54,102812.32
P0261,201,Materials,Concrete,cubic_yard,7736,149.31,1155068.7
P0261,202,Materials,Asphalt,ton,12381,100.18,1240337.2
P0261,203,Materials,Topsoil,cubic_yard,3048,37.58,114555.25
P0261,300,Equipment,Excavator,hour,5455,124.58,679573.07
P0261,301,Equipment,Bulldozer,hour,1441,153.68,221447.0
P0261,302,Equipment,Loader,hour,6526,129.74,846682.88
P0261,303,Equipment,Compactor,hour,4306,85.26,367144.84
P0261,400,Fuel,Diesel,gallon,17676,4.15,73438.05
P0261,500,Subcontractor,Concrete Work,job,1,30405.47,30405.47
P0261,501,Subcontractor,Utility Work,job,6,20478.03,122868.18
P0262,100,Labor,General Labor,hour,12756,35.52,453060.48
P0262,101,Labor,Equipment Operators,hour,17101,41.15,703630.51
P0262,102,Labor,Supervisors,hour,6527,64.3,419712.92
P0262,103,Labor,Skilled Labor,hour,5351,47.91,256356.71
P0262,200,Materials,Gravel,ton,27991,38.75,1084616.34
P0262,201,Materials,Concrete,cubic_yard,10312,141.48,1458893.73
P0262,202,Materials,Asphalt,ton,20056,109.44,2194885.93
P0262,203,Materials,Topsoil,cubic_yard,1530,40.16,61442.54
P0262,300,Equipment,Excavator,hour,6741,135.89,916018.61
P0262,301,Equipment,Bulldozer,hour,11608,157.7,1830547.27
P0262,302,Equipment,Loader,hour,6195,118.45,733802.57
P0262,303,Equipment,Compactor,hour,3294,108.73,358156.75
P0262,400,Fuel,Diesel,gallon,37166,4.06,150900.83
P0262,500,Subcontractor,Concrete Work,job,10,25159.28,251592.81
P0262,501,Subcontractor,Utility Work,job,2,23484.08,46968.17
P0263,100,Labor,General Labor,hour,6619,34.05,225404.81
P0263,101,Labor,Equipment Operators,hour,10514,40.42,425024.64
P0263,102,Labor,Supervisors,hour,7878,54.78,431561.75
P0263,103,Labor,Skilled Labor,hour,16499,50.82,838551.33
P0263,200,Materials,Gravel,ton,19667,31.25,614542.09
P0263,201,Materials,Concrete,cubic_yard,2926,155.49,454953.09
P0263,202,Materials,Asphalt,ton,6454,104.43,673982.63
P0263,203,Materials,Topsoil,cubic_yard,12324,39.57,487665.6
P0263,300,Equipment,Excavator,hour,9862,148.8,1467490.81
P0263,301,Equipment,Bulldozer,hour,5726,165.2,945917.05
P0263,302,Equipment,Loader,hour,2229,132.81,296029.28
P0263,303,Equipment,Compactor,hour,1553,85.94,133466.08
P0263,400,Fuel,Diesel,gallon,76440,3.74,285638.45
P0263,500,Subcontractor,Concrete Work,job,8,26343.4,210747.18
P0263,501,Subcontractor,Utility Work,job,9,20930.1,188370.91
P0264,100,Labor,General Labor,hour,2718,30.35,82490.08
P0264,101,Labor,Equipment Operators,hour,2221,45.58,101224.16
P0264,102,Labor,Supervisors,hour,7603,64.17,487875.78
P0264,103,Labor,Skilled Labor,hour,1352,51.54,69676.55
P0264,200,Materials,Gravel,ton,5303,34.03,180477.62
P0264,201,Materials,Concrete,cubic_yard,1665,152.88,254539.41
P0264,202,Materials,Asphalt,ton,8321,96.11,799734.23
P0264,203,Materials,Topsoil,cubic_yard,8854,36.98,327409.09
P0264,300,Equipment,Excavator,hour,2594,142.55,369764.64
P0264,301,Equipment,Bulldozer,hour,1171,153.72,180007.89
P0264,302,Equipment,Loader,hour,2590,126.74,328258.63
P0264,303,Equipment,Compactor,hour,4630,97.9,453267.81
P0264,400,Fuel,Diesel,gallon,30879,4.2,129580.65
P0264,500,Subcontractor,Concrete Work,job,2,29271.09,58542.18
P0264,501,Subcontractor,Utility Work,job,4,21999.97,87999.86
P0265,100,Labor,General Labor,hour,10460,31.26,326974.28
P0265,101,Labor,Equipment Operators,hour,11699,42.96,502567.89
P0265,102,Labor,Supervisors,hour,9068,52.63,477225.83
P0265,103,Labor,Skilled Labor,hour,13989,55.03,769817.83
P0265,200,Materials,Gravel,ton,2145,34.24,73453.46
P0265,201,Materials,Concrete,cubic_yard,1596,153.22,244537.52
P0265,202,Materials,Asphalt,ton,8048,99.38,799841.17
P0265,203,Materials,Topsoil,cubic_yard,6139,36.46,223837.4
P0265,300,Equipment,Excavator,hour,1637,142.84,233834.56
P0265,301,Equipment,Bulldozer,hour,3113,157.2,489376.38
P0265,302,Equipment,Loader,hour,5745,118.62,681475.57
P0265,303,Equipment,Compactor,hour,2254,91.27,205723.82
P0265,400,Fuel,Diesel,gallon,26471,3.87,102509.28
P0265,500,Subcontractor,Concrete Work,job,3,29589.33,88767.98
P0265,501,Subcontractor,Utility Work,job,7,24013.09,168091.66
P0266,100,Labor,General Labor,hour,24590,36.48,897064.04
P0266,101,Labor,Equipment Operators,hour,6379,41.03,261734.86
P0266,102,Labor,Supervisors,hour,16487,65.05,1072544.19
P0266,103,Labor,Skilled Labor,hour,22010,50.55,1112712.53
P0266,200,Materials,Gravel,ton,19129,35.49,678818.27
P0266,201,Materials,Concrete,cubic_yard,1682,148.61,249968.21
P0266,202,Materials,Asphalt,ton,6446,95.57,616046.7
P0266,203,Materials,Topsoil,cubic_yard,25696,38.34,985307.54
P0266,300,Equipment,Excavator,hour,9765,144.48,1410838.66
P0266,301,Equipment,Bulldozer,hour,5176,155.56,805168.51
P0266,302,Equipment,Loader,hour,1632,110.2,179845.42
P0266,303,Equipment,Compactor,hour,3092,97.76,302277.77
P0266,400,Fuel,Diesel,gallon,66549,3.64,242212.41
P0266,500,Subcontractor,Concrete Work,job,9,32749.99,294749.89
P0266,501,Subcontractor,Utility Work,job,7,22039.51,154276.56
P0267,100,Labor,General Labor,hour,23986,31.42,753594.05
P0267,101,Labor,Equipment Operators,hour,8891,45.38,403484.31
P0267,102,Labor,Supervisors,hour,5458,57.74,315160.13
P0267,103,Labor,Skilled Labor,hour,16027,44.45,712400.3
P0267,200,Materials,Gravel,ton,1777,35.51,63095.66
P0267,201,Materials,Concrete,cubic_yard,17608,164.79,2901590.08
P0267,202,Materials,Asphalt,ton,2043,98.7,201648.14
P0267,203,Materials,Topsoil,cubic_yard,19152,36.22,693626.01
P0267,300,Equipment,Excavator,hour,7617,140.98,1073841.96
P0267,301,Equipment,Bulldozer,hour,10738,169.39,1818921.57
P0267,302,Equipment,Loader,hour,1432,126.65,181369.44
P0267,303,Equipment,Compactor,hour,9593,91.86,881194.19
P0267,400,Fuel,Diesel,gallon,35950,4.08,146582.78
P0267,500,Subcontractor,Concrete Work,job,7,27291.6,191041.22
P0267,501,Subcontractor,Utility Work,job,4,21344.18,85376.73
P0268,100,Labor,General Labor,hour,6813,32.69,222698.15
P0268,101,Labor,Equipment Operators,hour,9712,38.79,376760.88
P0268,102,Labor,Supervisors,hour,15174,55.09,835901.24
P0268,103,Labor,Skilled Labor,hour,5043,45.87,231340.34
P0268,200,Materials,Gravel,ton,15754,39.04,615078.99
P0268,201,Materials,Concrete,cubic_yard,10271,155.32,1595241.78
P0268,202,Materials,Asphalt,ton,6765,86.36,584242.57
P0268,203,Materials,Topsoil,cubic_yard,8135,36.69,298473.93
P0268,300,Equipment,Excavator,hour,7463,152.74,1139930.47
P0268,301,Equipment,Bulldozer,hour,3091,150.12,464034.61
P0268,302,Equipment,Loader,hour,5801,117.79,683276.47
P0268,303,Equipment,Compactor,hour,1783,105.5,188101.91
P0268,400,Fuel,Diesel,gallon,12401,4.23,52503.69
P0268,500,Subcontractor,Concrete Work,job,1,29716.81,29716.81
P0268,501,Subcontractor,Utility Work,job,1,21182.21,21182.21
P0269,100,Labor,General Labor,hour,17589,31.95,562022.45
P0269,101,Labor,Equipment Operators,hour,20754,39.64,822746.08
P0269,102,Labor,Supervisors,hour,14772,59.86,884289.32
P0269,103,Labor,Skilled Labor,hour,17447,48.01,837650.06
P0269,200,Materials,Gravel,ton,15073,32.45,489161.57
P0269,201,Materials,Concrete,cubic_yard,5832,135.97,792974.42
P0269,202,Materials,Asphalt,ton,16851,100.31,1690388.42
P0269,203,Materials,Topsoil,cubic_yard,12164,42.04,511389.92
P0269,300,Equipment,Excavator,hour,8173,134.2,1096844.15
P0269,301,Equipment,Bulldozer,hour,6191,157.36,974222.58
P0269,302,Equipment,Loader,hour,1815,126.74,230024.23
P0269,303,Equipment,Compactor,hour,6881,103.81,714299.42
P0269,400,Fuel,Diesel,gallon,62380,4.03,251196.03
P0269,500,Subcontractor,Concrete Work,job,12,28937.95,347255.44
P0269,501,Subcontractor,Utility Work,job,6,20823.7,124942.18
P0270,100,Labor,General Labor,hour,1700,33.89,57608.88
P0270,101,Labor,Equipment Operators,hour,2533,45.05,114103.5
P0270,102,Labor,Supervisors,hour,4036,56.97,229933.05
P0270,103,Labor,Skilled Labor,hour,3223,44.22,142505.34
P0270,200,Materials,Gravel,ton,3382,36.12,122165.38
P0270,201,Materials,Concrete,cubic_yard,349,168.13,58678.85
P0270,202,Materials,Asphalt,ton,2010,92.51,185951.51
P0270,203,Materials,Topsoil,cubic_yard,3858,38.21,147425.39
P0270,300,Equipment,Excavator,hour,1785,138.8,247761.19
P0270,301,Equipment,Bulldozer,hour,834,154.13,128547.95
P0270,302,Equipment,Loader,hour,1592,121.37,193224.45
P0270,303,Equipment,Compactor,hour,1222,106.89,130623.16
P0270,400,Fuel,Diesel,gallon,2991,3.47,10380.39
P0270,500,Subcontractor,Concrete Work,job,2,27718.19,55436.39
P0270,501,Subcontractor,Utility Work,job,1,23675.38,23675.38
P0271,100,Labor,General Labor,hour,3989,30.88,123198.44
P0271,101,Labor,Equipment Operators,hour,4843,47.0,227624.21
P0271,102,Labor,Supervisors,hour,1457,58.59,85359.26
P0271,103,Labor,Skilled Labor,hour,3975,44.3,176095.51
P0271,200,Materials,Gravel,ton,5450,33.92,184883.57
P0271,201,Materials,Concrete,cubic_yard,1737,147.99,257062.63
P0271,202,Materials,Asphalt,ton,7469,97.77,730242.48
P0271,203,Materials,Topsoil,cubic_yard,1358,39.0,52962.49
P0271,300,Equipment,Excavator,hour,1561,132.16,206302.94
P0271,301,Equipment,Bulldozer,hour,392,163.66,64154.6
P0271,302,Equipment,Loader,hour,2863,121.51,347895.4
P0271,303,Equipment,Compactor,hour,1296,93.77,121521.63
P0271,400,Fuel,Diesel,gallon,8075,3.56,28761.04
P0271,500,Subcontractor,Concrete Work,job,2,29212.55,58425.1
P0271,501,Subcontractor,Utility Work,job,2,20322.14,40644.29
P0272,100,Labor,General Labor,hour,3833,33.17,127138.11
P0272,101,Labor,Equipment Operators,hour,5257,46.36,243695.6
P0272,102,Labor,Supervisors,hour,4894,57.48,281284.14
P0272,103,Labor,Skilled Labor,hour,1484,46.77,69406.88
P0272,200,Materials,Gravel,ton,956,31.26,29883.0
P0272,201,Materials,Concrete,cubic_yard,330,155.24,51227.92
P0272,202,Materials,Asphalt,ton,324,85.11,27576.99
P0272,203,Materials,Topsoil,cubic_yard,3571,41.08,146679.57
P0272,300,Equipment,Excavator,hour,274,130.97,35886.97
P0272,301,Equipment,Bulldozer,hour,1805,156.33,282171.23
P0272,302,Equipment,Loader,hour,851,117.01,99571.62
P0272,303,Equipment,Compactor,hour,1855,99.07,183776.07
P0272,400,Fuel,Diesel,gallon,15178,3.87,58813.4
P0272,500,Subcontractor,Concrete Work,job,1,30478.11,30478.11
P0272,501,Subcontractor,Utility Work,job,1,22063.66,22063.66
P0273,100,Labor,General Labor,hour,20789,31.69,658898.39
P0273,101,Labor,Equipment Operators,hour,13451,41.98,564680.7
P0273,102,Labor,Supervisors,hour,9653,55.6,536664.48
P0273,103,Labor,Skilled Labor,hour,5280,44.33,234088.29
P0273,200,Materials,Gravel,ton,15462,36.39,562625.8
P0273,201,Materials,Concrete,cubic_yard,13096,145.5,1905474.12
P0273,202,Materials,Asphalt,ton,19370,90.52,1753330.26
P0273,203,Materials,Topsoil,cubic_yard,22565,40.54,914847.91
P0273,300,Equipment,Excavator,hour,7110,138.46,984421.23
P0273,301,Equipment,Bulldozer,hour,632,158.97,100469.63
P0273,302,Equipment,Loader,hour,1335,113.42,151410.44
P0273,303,Equipment,Compactor,hour,7963,98.8,786778.9
P0273,400,Fuel,Diesel,gallon,69875,3.96,276664.55
P0273,500,Subcontractor,Concrete Work,job,10,27185.81,271858.15
P0273,501,Subcontractor,Utility Work,job,4,23221.03,92884.13
P0274,100,Labor,General Labor,hour,12491,34.24,427629.42
P0274,101,Labor,Equipment Operators,hour,13962,41.32,576960.37
P0274,102,Labor,Supervisors,hour,15888,55.56,882803.27
P0274,103,Labor,Skilled Labor,hour,8225,50.51,415458.25
P0274,200,Materials,Gravel,ton,516,31.74,16379.34
P0274,201,Materials,Concrete,cubic_yard,11005,150.86,1660227.41
P0274,202,Materials,Asphalt,ton,11939,101.93,1216948.64
P0274,203,Materials,Topsoil,cubic_yard,2362,38.98,92073.39
P0274,300,Equipment,Excavator,hour,5862,133.02,779778.48
P0274,301,Equipment,Bulldozer,hour,4847,175.65,851352.49
P0274,302,Equipment,Loader,hour,3102,128.3,397975.54
P0274,303,Equipment,Compactor,hour,1704,98.52,167877.58
P0274,400,Fuel,Diesel,gallon,44630,3.74,167057.02
P0274,500,Subcontractor,Concrete Work,job,4,33719.35,134877.4
P0274,501,Subcontractor,Utility Work,job,3,21160.37,63481.1
P0275,100,Labor,General Labor,hour,16142,30.68,495264.45
P0275,101,Labor,Equipment Operators,hour,26349,43.86,1155784.06
P0275,102,Labor,Supervisors,hour,15555,61.04,949411.75
P0275,103,Labor,Skilled Labor,hour,6670,48.94,326450.99
P0275,200,Materials,Gravel,ton,16575,36.11,598508.16
P0275,201,Materials,Concrete,cubic_yard,6039,155.92,941580.99
P0275,202,Materials,Asphalt,ton,27424,88.6,2429631.04
P0275,203,Materials,Topsoil,cubic_yard,13834,40.83,564832.56
P0275,300,Equipment,Excavator,hour,3088,129.83,400926.07
P0275,301,Equipment,Bulldozer,hour,2140,159.32,340938.64
P0275,302,Equipment,Loader,hour,2585,125.36,324064.9
P0275,303,Equipment,Compactor,hour,13240,102.09,1351648.64
P0275,400,Fuel,Diesel,gallon,98162,4.16,408366.47
P0275,500,Subcontractor,Concrete Work,job,6,26368.67,158211.99
P0275,501,Subcontractor,Utility Work,job,10,20393.77,203937.67
P0276,100,Labor,General Labor,hour,3711,31.67,117533.85
P0276,101,Labor,Equipment Operators,hour,2817,42.39,119400.8
P0276,102,Labor,Supervisors,hour,3833,59.05,226339.43
P0276,103,Labor,Skilled Labor,hour,3197,45.85,146567.91
P0276,200,Materials,Gravel,ton,1621,35.09,56888.76
P0276,201,Materials,Concrete,cubic_yard,1387,142.41,197519.28
P0276,202,Materials,Asphalt,ton,4043,104.63,423009.32
P0276,203,Materials,Topsoil,cubic_yard,1858,37.86,70346.39
P0276,300,Equipment,Excavator,hour,977,145.14,141802.46
P0276,301,Equipment,Bulldozer,hour,461,178.55,82310.4
P0276,302,Equipment,Loader,hour,2573,128.58,330834.14
P0276,303,Equipment,Compactor,hour,1262,106.59,134522.8
P0276,400,Fuel,Diesel,gallon,6772,3.78,25600.32
P0276,500,Subcontractor,Concrete Work,job,2,24737.32,49474.65
P0276,501,Subcontractor,Utility Work,job,1,22036.07,22036.07
P0277,100,Labor,General Labor,hour,4068,35.97,146336.09
P0277,101,Labor,Equipment Operators,hour,17351,41.82,725616.5
P0277,102,Labor,Supervisors,hour,15630,55.53,867988.48
P0277,103,Labor,Skilled Labor,hour,15132,46.23,699493.88
P0277,200,Materials,Gravel,ton,18339,37.86,694293.6
P0277,201,Materials,Concrete,cubic_yard,6654,155.22,1032857.47
P0277,202,Materials,Asphalt,ton,5469,91.29,499275.53
P0277,203,Materials,Topsoil,cubic_yard,15583,39.43,614428.95
P0277,300,Equipment,Excavator,hour,6173,124.6,769171.99
P0277,301,Equipment,Bulldozer,hour,6786,141.5,960195.57
P0277,302,Equipment,Loader,hour,7967,121.45,967620.81
P0277,303,Equipment,Compactor,hour,3244,95.95,311270.01
P0277,400,Fuel,Diesel,gallon,21328,3.7,78808.86
P0277,500,Subcontractor,Concrete Work,job,4,27398.86,109595.42
P0277,501,Subcontractor,Utility Work,job,1,23641.6,23641.6
P0278,100,Labor,General Labor,hour,35058,35.91,1258991.85
P0278,101,Labor,Equipment Operators,hour,17243,42.82,738332.0
P0278,102,Labor,Supervisors,hour,21766,61.9,1347223.13
P0278,103,Labor,Skilled Labor,hour,30035,44.38,1333066.96
P0278,200,Materials,Gravel,ton,5055,34.26,173192.08
P0278,201,Materials,Concrete,cubic_yard,31231,151.09,4718819.31
P0278,202,Materials,Asphalt,ton,18295,93.95,1718855.42
P0278,203,Materials,Topsoil,cubic_yard,25868,36.86,953539.03
P0278,300,Equipment,Excavator,hour,7776,147.41,1146222.87
P0278,301,Equipment,Bulldozer,hour,9794,183.62,1798379.87
P0278,302,Equipment,Loader,hour,17266,121.76,2102234.8
P0278,303,Equipment,Compactor,hour,4697,92.04,432304.32
P0278,400,Fuel,Diesel,gallon,59951,4.5,269492.91
P0278,500,Subcontractor,Concrete Work,job,11,32250.63,354756.92
P0278,501,Subcontractor,Utility Work,job,11,23894.53,262839.84
P0279,100,Labor,General Labor,hour,22424,31.76,712113.15
P0279,101,Labor,Equipment Operators,hour,5890,42.27,248987.64
P0279,102,Labor,Supervisors,hour,31256,58.98,1843352.26
P0279,103,Labor,Skilled Labor,hour,26149,52.07,1361519.38
P0279,200,Materials,Gravel,ton,26068,33.1,862841.99
P0279,201,Materials,Concrete,cubic_yard,34615,135.91,4704477.1
P0279,202,Materials,Asphalt,ton,23711,92.62,2196147.17
P0279,203,Materials,Topsoil,cubic_yard,24701,41.1,1015243.19
P0279,300,Equipment,Excavator,hour,6819,137.56,938015.3
P0279,301,Equipment,Bulldozer,hour,12880,165.57,2132518.19
P0279,302,Equipment,Loader,hour,15912,118.5,1885592.78
P0279,303,Equipment,Compactor,hour,15091,102.79,1551276.43
P0279,400,Fuel,Diesel,gallon,130978,3.92,513434.08
P0279,500,Subcontractor,Concrete Work,job,18,30097.56,541756.04
P0279,501,Subcontractor,Utility Work,job,3,23953.44,71860.31
P0280,100,Labor,General Labor,hour,12225,32.57,398189.94
P0280,101,Labor,Equipment Operators,hour,21427,44.09,944753.06
P0280,102,Labor,Supervisors,hour,10178,57.87,588999.22
P0280,103,Labor,Skilled Labor,hour,17245,49.43,852404.29
P0280,200,Materials,Gravel,ton,9439,30.68,289598.46
P0280,201,Materials,Concrete,cubic_yard,10148,149.96,1521770.61
P0280,202,Materials,Asphalt,ton,7440,88.92,661575.55
P0280,203,Materials,Topsoil,cubic_yard,4850,42.68,207010.37
P0280,300,Equipment,Excavator,hour,8878,132.33,1174827.64
P0280,301,Equipment,Bulldozer,hour,4245,169.31,718713.08
P0280,302,Equipment,Loader,hour,8663,121.38,1051539.32
P0280,303,Equipment,Compactor,hour,1097,93.6,102683.79
P0280,400,Fuel,Diesel,gallon,66331,3.73,247391.22
P0280,500,Subcontractor,Concrete Work,job,8,29361.97,234895.79
P0280,501,Subcontractor,Utility Work,job,7,24690.55,172833.83
P0281,100,Labor,General Labor,hour,28389,34.04,966502.16
P0281,101,Labor,Equipment Operators,hour,16548,47.32,782992.02
P0281,102,Labor,Supervisors,hour,16246,61.55,999900.58
P0281,103,Labor,Skilled Labor,hour,29061,50.67,1472516.68
P0281,200,Materials,Gravel,ton,16364,34.04,556957.54
P0281,201,Materials,Concrete,cubic_yard,26427,165.17,4365057.27
P0281,202,Materials,Asphalt,ton,32782,96.76,3172075.32
P0281,203,Materials,Topsoil,cubic_yard,11006,44.14,485754.6
P0281,300,Equipment,Excavator,hour,10370,149.0,1545166.55
P0281,301,Equipment,Bulldozer,hour,8908,157.63,1404156.25
P0281,302,Equipment,Loader,hour,13844,110.88,1534973.59
P0281,303,Equipment,Compactor,hour,1564,110.51,172844.51
P0281,400,Fuel,Diesel,gallon,77118,4.03,310556.35
P0281,500,Subcontractor,Concrete Work,job,8,25862.53,206900.24
P0281,501,Subcontractor,Utility Work,job,9,20844.02,187596.22
P0282,100,Labor,General Labor,hour,5434,29.54,160500.65
P0282,101,Labor,Equipment Operators,hour,2495,42.95,107153.23
P0282,102,Labor,Supervisors,hour,6087,63.24,384937.25
P0282,103,Labor,Skilled Labor,hour,7044,47.89,337349.58
P0282,200,Materials,Gravel,ton,6020,32.83,197651.85
P0282,201,Materials,Concrete,cubic_yard,5703,152.25,868266.17
P0282,202,Materials,Asphalt,ton,6073,100.51,610410.38
P0282,203,Materials,Topsoil,cubic_yard,5842,40.88,238832.66
P0282,300,Equipment,Excavator,hour,252,132.98,33511.65
P0282,301,Equipment,Bulldozer,hour,2660,137.57,365928.43
P0282,302,Equipment,Loader,hour,1145,136.73,156558.55
P0282,303,Equipment,Compactor,hour,3118,96.14,299773.65
P0282,400,Fuel,Diesel,gallon,14083,3.84,54121.7
P0282,500,Subcontractor,Concrete Work,job,2,27711.59,55423.18
P0282,501,Subcontractor,Utility Work,job,3,23238.34,69715.03
P0283,100,Labor,General Labor,hour,1625,29.47,47893.73
P0283,101,Labor,Equipment Operators,hour,1713,39.74,68079.84
P0283,102,Labor,Supervisors,hour,918,60.96,55961.31
P0283,103,Labor,Skilled Labor,hour,791,40.2,31802.1
P0283,200,Materials,Gravel,ton,777,34.7,26962.77
P0283,201,Materials,Concrete,cubic_yard,1475,163.23,240771.01
P0283,202,Materials,Asphalt,ton,2605,110.32,287377.11
P0283,203,Materials,Topsoil,cubic_yard,1319,42.48,56027.76
P0283,300,Equipment,Excavator,hour,485,153.62,74503.51
P0283,301,Equipment,Bulldozer,hour,955,165.92,158452.35
P0283,302,Equipment,Loader,hour,50,121.29,6064.58
P0283,303,Equipment,Compactor,hour,219,91.59,20058.02
P0283,400,Fuel,Diesel,gallon,921,4.36,4014.58
P0283,500,Subcontractor,Concrete Work,job,1,26329.38,26329.38
P0283,501,Subcontractor,Utility Work,job,1,21887.47,21887.47
P0284,100,Labor,General Labor,hour,18181,35.73,649677.49
P0284,101,Labor,Equipment Operators,hour,10041,45.44,456286.4
P0284,102,Labor,Supervisors,hour,19065,53.46,1019295.6
P0284,103,Labor,Skilled Labor,hour,11810,44.44,524781.02
P0284,200,Materials,Gravel,ton,4734,31.65,149849.79
P0284,201,Materials,Concrete,cubic_yard,21698,162.39,3523572.81
P0284,202,Materials,Asphalt,ton,3214,107.72,346212.03
P0284,203,Materials,Topsoil,cubic_yard,9869,43.88,433067.94
P0284,300,Equipment,Excavator,hour,3258,153.63,500519.64
P0284,301,Equipment,Bulldozer,hour,2062,156.61,322928.56
P0284,302,Equipment,Loader,hour,9378,138.71,1300843.27
P0284,303,Equipment,Compactor,hour,8504,103.42,879476.28
P0284,400,Fuel,Diesel,gallon,76800,3.98,305488.69
P0284,500,Subcontractor,Concrete Work,job,3,28670.22,86010.66
P0284,501,Subcontractor,Utility Work,job,7,21961.97,153733.78
P0285,100,Labor,General Labor,hour,7639,38.15,291456.04
P0285,101,Labor,Equipment Operators,hour,7334,43.51,319134.08
P0285,102,Labor,Supervisors,hour,18932,59.99,1135684.97
P0285,103,Labor,Skilled Labor,hour,13842,45.49,629631.16
P0285,200,Materials,Gravel,ton,4867,33.45,162788.25
P0285,201,Materials,Concrete,cubic_yard,18817,164.48,3095104.09
P0285,202,Materials,Asphalt,ton,20317,95.56,1941482.49
P0285,203,Materials,Topsoil,cubic_yard,18107,40.9,740523.87
P0285,300,Equipment,Excavator,hour,6299,151.55,954589.27
P0285,301,Equipment,Bulldozer,hour,8717,164.57,1434559.99
P0285,302,Equipment,Loader,hour,3309,117.63,389225.22
P0285,303,Equipment,Compactor,hour,5905,103.06,608563.01
P0285,400,Fuel,Diesel,gallon,16689,3.96,66061.27
P0285,500,Subcontractor,Concrete Work,job,10,27325.54,273255.37
P0285,501,Subcontractor,Utility Work,job,7,22593.18,158152.25
P0286,100,Labor,General Labor,hour,6333,32.66,206841.77
P0286,101,Labor,Equipment Operators,hour,4481,39.22,175760.1
P0286,102,Labor,Supervisors,hour,7286,49.52,360824.75
P0286,103,Labor,Skilled Labor,hour,1022,48.61,49680.1
P0286,200,Materials,Gravel,ton,2456,41.32,101483.76
P0286,201,Materials,Concrete,cubic_yard,2320,158.48,367670.83
P0286,202,Materials,Asphalt,ton,9622,100.1,963185.64
P0286,203,Materials,Topsoil,cubic_yard,1651,41.66,68774.72
P0286,300,Equipment,Excavator,hour,3973,141.69,562917.34
P0286,301,Equipment,Bulldozer,hour,2054,157.99,324510.77
P0286,302,Equipment,Loader,hour,1085,120.68,130937.33
P0286,303,Equipment,Compactor,hour,2651,93.54,247971.15
P0286,400,Fuel,Diesel,gallon,4286,4.22,18100.78
P0286,500,Subcontractor,Concrete Work,job,3,27187.21,81561.63
P0286,501,Subcontractor,Utility Work,job,4,20142.35,80569.39
P0287,100,Labor,General Labor,hour,2051,31.03,63646.78
P0287,101,Labor,Equipment Operators,hour,2730,42.73,116651.71
P0287,102,Labor,Supervisors,hour,2474,53.11,131398.61
P0287,103,Labor,Skilled Labor,hour,1958,47.26,92538.6
P0287,200,Materials,Gravel,ton,252,36.69,9244.81
P0287,201,Materials,Concrete,cubic_yard,154,158.39,24391.73
P0287,202,Materials,Asphalt,ton,1745,90.41,157766.92
P0287,203,Materials,Topsoil,cubic_yard,1089,43.44,47306.19
P0287,300,Equipment,Excavator,hour,1326,141.84,188077.74
P0287,301,Equipment,Bulldozer,hour,730,138.34,100987.61
P0287,302,Equipment,Loader,hour,1273,115.26,146722.17
P0287,303,Equipment,Compactor,hour,741,106.15,78658.9
P0287,400,Fuel,Diesel,gallon,827,3.59,2968.6
P0287,500,Subcontractor,Concrete Work,job,1,26323.25,26323.25
P0287,501,Subcontractor,Utility Work,job,1,22951.28,22951.28
P0288,100,Labor,General Labor,hour,5006,31.8,159172.66
P0288,101,Labor,Equipment Operators,hour,2908,38.81,112854.42
P0288,102,Labor,Supervisors,hour,2404,56.69,136284.69
P0288,103,Labor,Skilled Labor,hour,4694,49.3,231407.45
P0288,200,Materials,Gravel,ton,786,37.58,29535.05
P0288,201,Materials,Concrete,cubic_yard,2980,139.12,414572.17
P0288,202,Materials,Asphalt,ton,2227,102.8,228940.79
P0288,203,Materials,Topsoil,cubic_yard,4833,38.47,185939.75
P0288,300,Equipment,Excavator,hour,1346,131.49,176981.83
P0288,301,Equipment,Bulldozer,hour,3442,164.03,564577.8
P0288,302,Equipment,Loader,hour,3155,123.14,388501.39
P0288,303,Equipment,Compactor,hour,763,102.8,78439.22
P0288,400,Fuel,Diesel,gallon,7978,3.68,29393.79
P0288,500,Subcontractor,Concrete Work,job,1,27514.56,27514.56
P0288,501,Subcontractor,Utility Work,job,3,23785.2,71355.61
P0289,100,Labor,General Labor,hour,4318,31.65,136682.1
P0289,101,Labor,Equipment Operators,hour,4432,45.09,199819.8
P0289,102,Labor,Supervisors,hour,7804,59.12,461362.37
P0289,103,Labor,Skilled Labor,hour,4208,44.83,188625.38
P0289,200,Materials,Gravel,ton,891,31.3,27886.14
P0289,201,Materials,Concrete,cubic_yard,12071,158.19,1909549.74
P0289,202,Materials,Asphalt,ton,8211,104.56,858566.82
P0289,203,Materials,Topsoil,cubic_yard,11958,42.2,504583.5
P0289,300,Equipment,Excavator,hour,1676,134.44,225328.49
P0289,301,Equipment,Bulldozer,hour,3441,154.68,532257.18
P0289,302,Equipment,Loader,hour,5588,123.51,690187.73
P0289,303,Equipment,Compactor,hour,2264,105.76,239435.15
P0289,400,Fuel,Diesel,gallon,15740,4.23,66640.34
P0289,500,Subcontractor,Concrete Work,job,8,30082.66,240661.32
P0289,501,Subcontractor,Utility Work,job,6,19527.37,117164.21
P0290,100,Labor,General Labor,hour,9199,31.64,291029.03
P0290,101,Labor,Equipment Operators,hour,18158,46.67,847363.76
P0290,102,Labor,Supervisors,hour,8808,59.6,524975.33
P0290,103,Labor,Skilled Labor,hour,18207,44.27,806010.33
P0290,200,Materials,Gravel,ton,10918,31.87,348005.41
P0290,201,Materials,Concrete,cubic_yard,8008,156.32,1251807.0
P0290,202,Materials,Asphalt,ton,4950,104.01,514825.39
P0290,203,Materials,Topsoil,cubic_yard,13465,41.23,555130.61
P0290,300,Equipment,Excavator,hour,10244,143.45,1469524.51
P0290,301,Equipment,Bulldozer,hour,7400,172.16,1273981.08
P0290,302,Equipment,Loader,hour,9310,113.56,1057213.2
P0290,303,Equipment,Compactor,hour,4246,86.07,365436.59
P0290,400,Fuel,Diesel,gallon,57752,4.14,239028.18
P0290,500,Subcontractor,Concrete Work,job,2,29822.14,59644.29
P0290,501,Subcontractor,Utility Work,job,7,23734.4,166140.79
P0291,100,Labor,General Labor,hour,6207,34.66,215106.59
P0291,101,Labor,Equipment Operators,hour,2755,44.39,122306.04
P0291,102,Labor,Supervisors,hour,7187,55.31,397489.09
P0291,103,Labor,Skilled Labor,hour,4070,44.0,179064.63
P0291,200,Materials,Gravel,ton,9550,31.49,300769.88
P0291,201,Materials,Concrete,cubic_yard,4046,158.42,640974.15
P0291,202,Materials,Asphalt,ton,2231,86.72,193473.27
P0291,203,Materials,Topsoil,cubic_yard,8857,34.59,306344.6
P0291,300,Equipment,Excavator,hour,448,144.24,64617.52
P0291,301,Equipment,Bulldozer,hour,3013,168.18,506734.41
P0291,302,Equipment,Loader,hour,2201,123.55,271937.78
P0291,303,Equipment,Compactor,hour,1964,100.15,196689.29
P0291,400,Fuel,Diesel,gallon,35576,4.54,161407.37
P0291,500,Subcontractor,Concrete Work,job,2,25151.29,50302.59
P0291,501,Subcontractor,Utility Work,job,2,20501.36,41002.72
P0292,100,Labor,General Labor,hour,4846,29.98,145261.27
P0292,101,Labor,Equipment Operators,hour,2425,39.52,95824.48
P0292,102,Labor,Supervisors,hour,3026,56.32,170421.78
P0292,103,Labor,Skilled Labor,hour,5628,56.4,317424.0
P0292,200,Materials,Gravel,ton,3922,35.01,137326.44
P0292,201,Materials,Concrete,cubic_yard,2435,167.42,407662.79
P0292,202,Materials,Asphalt,ton,5008,100.21,501866.17
P0292,203,Materials,Topsoil,cubic_yard,2047,36.91,75564.65
P0292,300,Equipment,Excavator,hour,644,136.22,87725.4
P0292,301,Equipment,Bulldozer,hour,2360,160.62,379059.52
P0292,302,Equipment,Loader,hour,315,121.06,38133.72
P0292,303,Equipment,Compactor,hour,352,96.42,33940.3
P0292,400,Fuel,Diesel,gallon,2048,4.33,8876.31
P0292,500,Subcontractor,Concrete Work,job,2,26960.52,53921.03
P0292,501,Subcontractor,Utility Work,job,2,23141.3,46282.61
P0293,100,Labor,General Labor,hour,6046,32.75,198006.39
P0293,101,Labor,Equipment Operators,hour,2952,45.4,134013.62
P0293,102,Labor,Supervisors,hour,3370,58.31,196493.68
P0293,103,Labor,Skilled Labor,hour,3039,45.47,138197.73
P0293,200,Materials,Gravel,ton,5555,34.75,193024.87
P0293,201,Materials,Concrete,cubic_yard,2766,153.9,425676.69
P0293,202,Materials,Asphalt,ton,4351,80.25,349176.7
P0293,203,Materials,Topsoil,cubic_yard,6403,40.64,260228.96
P0293,300,Equipment,Excavator,hour,3285,147.55,484715.3
P0293,301,Equipment,Bulldozer,hour,3195,158.36,505953.55
P0293,302,Equipment,Loader,hour,3904,113.84,444420.86
P0293,303,Equipment,Compactor,hour,498,102.86,51225.74
P0293,400,Fuel,Diesel,gallon,18511,4.48,82874.69
P0293,500,Subcontractor,Concrete Work,job,4,32343.41,129373.63
P0293,501,Subcontractor,Utility Work,job,1,24108.38,24108.38
P0294,100,Labor,General Labor,hour,19148,35.64,682404.46
P0294,101,Labor,Equipment Operators,hour,14757,42.79,631460.94
P0294,102,Labor,Supervisors,hour,2356,57.63,135773.95
P0294,103,Labor,Skilled Labor,hour,9446,50.86,480400.65
P0294,200,Materials,Gravel,ton,527,34.31,18082.07
P0294,201,Materials,Concrete,cubic_yard,1157,151.46,175239.63
P0294,202,Materials,Asphalt,ton,15995,93.0,1487577.26
P0294,203,Materials,Topsoil,cubic_yard,4761,37.9,180439.69
P0294,300,Equipment,Excavator,hour,4138,140.8,582634.33
P0294,301,Equipment,Bulldozer,hour,6643,187.68,1246780.1
P0294,302,Equipment,Loader,hour,3871,119.68,463287.29
P0294,303,Equipment,Compactor,hour,5269,108.39,571111.14
P0294,400,Fuel,Diesel,gallon,45142,4.12,185815.75
P0294,500,Subcontractor,Concrete Work,job,8,26734.3,213874.39
P0294,501,Subcontractor,Utility Work,job,2,21455.3,42910.6
P0295,100,Labor,General Labor,hour,4396,34.84,153169.71
P0295,101,Labor,Equipment Operators,hour,3327,41.6,138394.7
P0295,102,Labor,Supervisors,hour,7168,56.1,402119.26
P0295,103,Labor,Skilled Labor,hour,5273,55.77,294080.21
P0295,200,Materials,Gravel,ton,8332,31.39,261514.79
P0295,201,Materials,Concrete,cubic_yard,197,151.35,29816.54
P0295,202,Materials,Asphalt,ton,6424,105.68,678896.33
P0295,203,Materials,Topsoil,cubic_yard,8093,37.21,301109.52
P0295,300,Equipment,Excavator,hour,2207,143.65,317025.35
P0295,301,Equipment,Bulldozer,hour,3763,150.33,565694.54
P0295,302,Equipment,Loader,hour,754,120.99,91223.63
P0295,303,Equipment,Compactor,hour,3384,115.96,392399.01
P0295,400,Fuel,Diesel,gallon,15332,3.93,60321.18
P0295,500,Subcontractor,Concrete Work,job,3,25861.3,77583.9
P0295,501,Subcontractor,Utility Work,job,1,24522.31,24522.31
P0296,100,Labor,General Labor,hour,20376,28.13,573234.3
P0296,101,Labor,Equipment Operators,hour,12549,43.15,541500.84
P0296,102,Labor,Supervisors,hour,17390,60.13,1045709.2
P0296,103,Labor,Skilled Labor,hour,6172,48.64,300208.19
P0296,200,Materials,Gravel,ton,19862,35.28,700659.99
P0296,201,Materials,Concrete,cubic_yard,28682,154.4,4428409.54
P0296,202,Materials,Asphalt,ton,22576,100.24,2262969.22
P0296,203,Materials,Topsoil,cubic_yard,16751,36.18,606112.57
P0296,300,Equipment,Excavator,hour,15137,131.85,1995831.54
P0296,301,Equipment,Bulldozer,hour,7533,146.59,1104242.51
P0296,302,Equipment,Loader,hour,5689,133.92,761892.63
P0296,303,Equipment,Compactor,hour,18892,107.7,2034753.06
P0296,400,Fuel,Diesel,gallon,27580,4.15,114346.2
P0296,500,Subcontractor,Concrete Work,job,7,27631.56,193420.94
P0296,501,Subcontractor,Utility Work,job,6,22009.31,132055.88
P0297,100,Labor,General Labor,hour,13469,39.0,525265.94
P0297,101,Labor,Equipment Operators,hour,21625,45.05,974105.53
P0297,102,Labor,Supervisors,hour,3383,54.69,184999.77
P0297,103,Labor,Skilled Labor,hour,14726,48.17,709301.59
P0297,200,Materials,Gravel,ton,20720,35.11,727436.66
P0297,201,Materials,Concrete,cubic_yard,10756,146.3,1573599.54
P0297,202,Materials,Asphalt,ton,19568,94.46,1848311.25
P0297,203,Materials,Topsoil,cubic_yard,1756,36.88,64763.33
P0297,300,Equipment,Excavator,hour,5371,150.16,806507.04
P0297,301,Equipment,Bulldozer,hour,10973,178.71,1960935.77
P0297,302,Equipment,Loader,hour,4055,114.53,464425.03
P0297,303,Equipment,Compactor,hour,11944,101.02,1206549.46
P0297,400,Fuel,Diesel,gallon,71962,3.94,283244.75
P0297,500,Subcontractor,Concrete Work,job,8,33546.52,268372.12
P0297,501,Subcontractor,Utility Work,job,6,25425.06,152550.37
P0298,100,Labor,General Labor,hour,21184,31.58,669011.47
P0298,101,Labor,Equipment Operators,hour,14633,43.54,637124.62
P0298,102,Labor,Supervisors,hour,6311,63.18,398755.38
P0298,103,Labor,Skilled Labor,hour,10471,48.38,506584.27
P0298,200,Materials,Gravel,ton,8809,33.8,297706.27
P0298,201,Materials,Concrete,cubic_yard,18745,147.05,2756529.75
P0298,202,Materials,Asphalt,ton,24257,101.71,2467155.03
P0298,203,Materials,Topsoil,cubic_yard,3979,36.47,145115.07
P0298,300,Equipment,Excavator,hour,1824,130.98,238901.33
P0298,301,Equipment,Bulldozer,hour,5378,170.25,915589.52
P0298,302,Equipment,Loader,hour,9260,135.86,1258099.16
P0298,303,Equipment,Compactor,hour,7054,105.01,740706.4
P0298,400,Fuel,Diesel,gallon,90040,3.96,356393.08
P0298,500,Subcontractor,Concrete Work,job,12,30523.96,366287.54
P0298,501,Subcontractor,Utility Work,job,2,22616.52,45233.04
P0299,100,Labor,General Labor,hour,4836,31.09,150331.06
P0299,101,Labor,Equipment Operators,hour,11832,44.36,524877.76
P0299,102,Labor,Supervisors,hour,6476,55.71,360789.54
P0299,103,Labor,Skilled Labor,hour,9259,47.69,441537.2
P0299,200,Materials,Gravel,ton,9024,36.43,328709.31
P0299,201,Materials,Concrete,cubic_yard,1828,146.33,267489.14
P0299,202,Materials,Asphalt,ton,3159,99.9,315581.1
P0299,203,Materials,Topsoil,cubic_yard,10158,42.87,435452.1
P0299,300,Equipment,Excavator,hour,3101,132.56,411078.7
P0299,301,Equipment,Bulldozer,hour,8506,167.53,1424971.83
P0299,302,Equipment,Loader,hour,8577,132.1,1132993.29
P0299,303,Equipment,Compactor,hour,3708,91.34,338678.81
P0299,400,Fuel,Diesel,gallon,86120,4.51,388330.89
P0299,500,Subcontractor,Concrete Work,job,9,30912.12,278209.04
P0299,501,Subcontractor,Utility Work,job,2,21808.29,43616.57
P0300,100,Labor,General Labor,hour,3434,33.53,115156.09
P0300,101,Labor,Equipment Operators,hour,5432,46.12,250521.4
P0300,102,Labor,Supervisors,hour,4146,55.86,231579.31
P0300,103,Labor,Skilled Labor,hour,2928,50.36,147441.93
P0300,200,Materials,Gravel,ton,805,36.28,29208.56
P0300,201,Materials,Concrete,cubic_yard,3563,143.9,512724.06
P0300,202,Materials,Asphalt,ton,3242,86.19,279424.13
P0300,203,Materials,Topsoil,cubic_yard,3334,37.01,123391.37
P0300,300,Equipment,Excavator,hour,2396,135.99,325829.52
P0300,301,Equipment,Bulldozer,hour,1477,160.75,237425.25
P0300,302,Equipment,Loader,hour,2512,128.03,321600.04
P0300,303,Equipment,Compactor,hour,2315,103.77,240217.2
P0300,400,Fuel,Diesel,gallon,6005,3.96,23771.19
P0300,500,Subcontractor,Concrete Work,job,3,28181.26,84543.77
P0300,501,Subcontractor,Utility Work,job,2,21580.39,43160.77
