project_id,cost_code,category,subcategory,unit,estimated_quantity,estimated_unit_cost,estimated_cost
P0001,100,Labor,General Labor,hour,3256,31.08,101192.27
P0001,101,Labor,Equipment Operators,hour,16559,39.37,651851.36
P0001,102,Labor,Supervisors,hour,8950,54.24,485430.68
P0001,103,Labor,Skilled Labor,hour,4283,45.32,194122.92
P0001,200,Materials,Gravel,ton,9761,32.16,313865.09
P0001,201,Materials,Concrete,cubic_yard,19381,139.85,2710381.08
P0001,202,Materials,Asphalt,ton,7120,95.57,680439.63
P0001,203,Materials,Topsoil,cubic_yard,8503,38.24,325114.5
P0001,300,Equipment,Excavator,hour,9203,124.44,1145205.52
P0001,301,Equipment,Bulldozer,hour,8399,163.48,1373075.79
P0001,302,Equipment,Loader,hour,4495,122.75,551772.99
P0001,303,Equipment,Compactor,hour,7418,87.43,648545.16
P0001,400,Fuel,Diesel,gallon,19495,3.78,73706.83
P0001,500,Subcontractor,Concrete Work,job,9,26226.54,236038.82
P0001,501,Subcontractor,Utility Work,job,6,22349.78,134098.67
P0002,100,Labor,General Labor,hour,8977,33.26,298567.27
P0002,101,Labor,Equipment Operators,hour,7028,41.15,289199.87
P0002,102,Labor,Supervisors,hour,5371,51.15,274728.65
P0002,103,Labor,Skilled Labor,hour,4570,45.49,207899.93
P0002,200,Materials,Gravel,ton,8560,36.67,313909.99
P0002,201,Materials,Concrete,cubic_yard,12120,137.23,1663286.06
P0002,202,Materials,Asphalt,ton,8703,98.32,855713.43
P0002,203,Materials,Topsoil,cubic_yard,5843,37.88,221355.68
P0002,300,Equipment,Excavator,hour,3994,125.28,500354.69
P0002,301,Equipment,Bulldozer,hour,289,144.02,41621.94
P0002,302,Equipment,Loader,hour,5724,119.46,683809.42
P0002,303,Equipment,Compactor,hour,463,91.59,42406.61
P0002,400,Fuel,Diesel,gallon,42174,3.71,156346.34
P0002,500,Subcontractor,Concrete Work,job,4,28277.73,113110.91
P0002,501,Subcontractor,Utility Work,job,1,21073.48,21073.48
P0003,100,Labor,General Labor,hour,2794,31.45,87883.74
P0003,101,Labor,Equipment Operators,hour,1703,45.22,77014.06
P0003,102,Labor,Supervisors,hour,1264,53.32,67392.12
P0003,103,Labor,Skilled Labor,hour,2236,48.35,108102.57
P0003,200,Materials,Gravel,ton,1724,35.59,61351.73
P0003,201,Materials,Concrete,cubic_yard,2656,143.34,380722.27
P0003,202,Materials,Asphalt,ton,361,97.33,35135.57
P0003,203,Materials,Topsoil,cubic_yard,2473,35.64,88139.13
P0003,300,Equipment,Excavator,hour,1371,135.97,186413.1
P0003,301,Equipment,Bulldozer,hour,305,148.94,45425.55
P0003,302,Equipment,Loader,hour,899,121.01,108786.43
P0003,303,Equipment,Compactor,hour,649,99.53,64598.11
P0003,400,Fuel,Diesel,gallon,1734,3.81,6612.96
P0003,500,Subcontractor,Concrete Work,job,1,27159.32,27159.32
P0003,501,Subcontractor,Utility Work,job,1,20824.44,20824.44
P0004,100,Labor,General Labor,hour,851,32.04,27262.72
P0004,101,Labor,Equipment Operators,hour,2564,44.15,113208.13
P0004,102,Labor,Supervisors,hour,3341,54.87,183324.54
P0004,103,Labor,Skilled Labor,hour,3368,51.68,174074.17
P0004,200,Materials,Gravel,ton,375,31.44,11789.9
P0004,201,Materials,Concrete,cubic_yard,3289,141.21,464455.15
P0004,202,Materials,Asphalt,ton,1107,88.38,97840.67
P0004,203,Materials,Topsoil,cubic_yard,876,35.65,31226.5
P0004,300,Equipment,Excavator,hour,1535,140.18,215171.54
P0004,301,Equipment,Bulldozer,hour,1003,160.9,161386.83
P0004,302,Equipment,Loader,hour,118,124.59,14702.15
P0004,303,Equipment,Compactor,hour,1172,89.94,105410.16
P0004,400,Fuel,Diesel,gallon,11791,3.67,43329.17
P0004,500,Subcontractor,Concrete Work,job,2,26802.78,53605.56
P0004,501,Subcontractor,Utility Work,job,1,20835.17,20835.17
P0005,100,Labor,General Labor,hour,5168,30.1,155555.28
P0005,101,Labor,Equipment Operators,hour,1354,41.47,56153.23
P0005,102,Labor,Supervisors,hour,8588,59.16,508069.79
P0005,103,Labor,Skilled Labor,hour,11463,48.93,560906.66
P0005,200,Materials,Gravel,ton,7486,33.73,252481.38
P0005,201,Materials,Concrete,cubic_yard,9650,135.12,1303931.05
P0005,202,Materials,Asphalt,ton,970,97.55,94626.38
P0005,203,Materials,Topsoil,cubic_yard,11529,38.77,446946.49
P0005,300,Equipment,Excavator,hour,2634,129.98,342377.79
P0005,301,Equipment,Bulldozer,hour,1644,148.06,243413.25
P0005,302,Equipment,Loader,hour,416,127.08,52863.69
P0005,303,Equipment,Compactor,hour,4118,88.65,365058.84
P0005,400,Fuel,Diesel,gallon,17424,3.64,63484.9
P0005,500,Subcontractor,Concrete Work,job,5,28625.43,143127.16
P0005,501,Subcontractor,Utility Work,job,5,23657.1,118285.49
P0006,100,Labor,General Labor,hour,21616,30.82,666141.78
P0006,101,Labor,Equipment Operators,hour,20106,40.25,809168.32
P0006,102,Labor,Supervisors,hour,14483,54.73,792708.83
P0006,103,Labor,Skilled Labor,hour,12795,50.72,648959.39
P0006,200,Materials,Gravel,ton,6563,33.8,221815.71
P0006,201,Materials,Concrete,cubic_yard,1393,139.85,194804.74
P0006,202,Materials,Asphalt,ton,11866,97.59,1158021.67
P0006,203,Materials,Topsoil,cubic_yard,20418,35.96,734321.93
P0006,300,Equipment,Excavator,hour,7503,129.78,973713.4
P0006,301,Equipment,Bulldozer,hour,10483,160.49,1682422.52
P0006,302,Equipment,Loader,hour,7443,125.77,936082.39
P0006,303,Equipment,Compactor,hour,6225,101.08,629253.4
P0006,400,Fuel,Diesel,gallon,38784,3.94,152808.78
P0006,500,Subcontractor,Concrete Work,job,7,26382.14,184675.0
P0006,501,Subcontractor,Utility Work,job,8,22848.25,182786.03
P0007,100,Labor,General Labor,hour,11107,31.74,352515.38
P0007,101,Labor,Equipment Operators,hour,15862,40.09,635937.17
P0007,102,Labor,Supervisors,hour,8888,51.28,455803.38
P0007,103,Labor,Skilled Labor,hour,5823,47.11,274327.12
P0007,200,Materials,Gravel,ton,2241,36.12,80944.26
P0007,201,Materials,Concrete,cubic_yard,7768,145.6,1131011.88
P0007,202,Materials,Asphalt,ton,1225,95.86,117422.7
P0007,203,Materials,Topsoil,cubic_yard,7504,35.0,262646.0
P0007,300,Equipment,Excavator,hour,1315,142.5,187385.15
P0007,301,Equipment,Bulldozer,hour,5535,145.21,803739.72
P0007,302,Equipment,Loader,hour,9380,120.61,1131347.35
P0007,303,Equipment,Compactor,hour,8903,93.7,834167.33
P0007,400,Fuel,Diesel,gallon,39382,3.62,142645.91
P0007,500,Subcontractor,Concrete Work,job,6,27749.69,166498.15
P0007,501,Subcontractor,Utility Work,job,7,20773.58,145415.04
P0008,100,Labor,General Labor,hour,8110,31.89,258601.44
P0008,101,Labor,Equipment Operators,hour,7058,41.03,289614.92
P0008,102,Labor,Supervisors,hour,4597,56.56,260010.96
P0008,103,Labor,Skilled Labor,hour,2054,48.64,99901.06
P0008,200,Materials,Gravel,ton,1843,35.54,65493.2
P0008,201,Materials,Concrete,cubic_yard,6579,144.11,948070.32
P0008,202,Materials,Asphalt,ton,5918,97.99,579905.99
P0008,203,Materials,Topsoil,cubic_yard,3026,37.75,114223.86
P0008,300,Equipment,Excavator,hour,394,138.9,54728.3
P0008,301,Equipment,Bulldozer,hour,536,161.31,86464.63
P0008,302,Equipment,Loader,hour,2236,121.2,271012.29
P0008,303,Equipment,Compactor,hour,1601,98.43,157587.86
P0008,400,Fuel,Diesel,gallon,20546,3.91,80258.97
P0008,500,Subcontractor,Concrete Work,job,1,25774.19,25774.19
P0008,501,Subcontractor,Utility Work,job,2,21141.29,42282.57
P0009,100,Labor,General Labor,hour,7131,33.34,237779.58
P0009,101,Labor,Equipment Operators,hour,6375,44.15,281450.14
P0009,102,Labor,Supervisors,hour,7632,59.32,452705.86
P0009,103,Labor,Skilled Labor,hour,1520,44.2,67189.34
P0009,200,Materials,Gravel,ton,8313,35.09,291688.09
P0009,201,Materials,Concrete,cubic_yard,2763,149.35,412648.05
P0009,202,Materials,Asphalt,ton,5995,93.13,558338.56
P0009,203,Materials,Topsoil,cubic_yard,1225,40.08,49097.77
P0009,300,Equipment,Excavator,hour,3383,138.6,468897.52
P0009,301,Equipment,Bulldozer,hour,1504,146.38,220152.17
P0009,302,Equipment,Loader,hour,3978,120.94,481101.01
P0009,303,Equipment,Compactor,hour,1033,98.34,101586.08
P0009,400,Fuel,Diesel,gallon,21635,3.93,85121.78
P0009,500,Subcontractor,Concrete Work,job,2,27059.07,54118.13
P0009,501,Subcontractor,Utility Work,job,1,23344.61,23344.61
P0010,100,Labor,General Labor,hour,4928,29.97,147672.8
P0010,101,Labor,Equipment Operators,hour,6761,44.66,301941.42
P0010,102,Labor,Supervisors,hour,10090,51.33,517898.47
P0010,103,Labor,Skilled Labor,hour,6487,50.82,329637.48
P0010,200,Materials,Gravel,ton,9996,34.95,349387.81
P0010,201,Materials,Concrete,cubic_yard,9931,152.99,1519309.63
P0010,202,Materials,Asphalt,ton,9360,87.33,817417.43
P0010,203,Materials,Topsoil,cubic_yard,10076,36.6,368734.5
P0010,300,Equipment,Excavator,hour,2184,142.9,312097.35
P0010,301,Equipment,Bulldozer,hour,4158,142.67,593227.91
P0010,302,Equipment,Loader,hour,2341,124.22,290792.82
P0010,303,Equipment,Compactor,hour,3528,99.5,351046.08
P0010,400,Fuel,Diesel,gallon,39841,3.62,144202.35
P0010,500,Subcontractor,Concrete Work,job,4,26142.33,104569.32
P0010,501,Subcontractor,Utility Work,job,5,22154.2,110770.98
P0011,100,Labor,General Labor,hour,2300,33.73,77583.41
P0011,101,Labor,Equipment Operators,hour,2289,40.43,92548.98
P0011,102,Labor,Supervisors,hour,1274,52.95,67460.62
P0011,103,Labor,Skilled Labor,hour,1111,46.98,52199.44
P0011,200,Materials,Gravel,ton,887,35.3,31311.37
P0011,201,Materials,Concrete,cubic_yard,1442,148.78,214543.31
P0011,202,Materials,Asphalt,ton,1390,96.85,134627.22
P0011,203,Materials,Topsoil,cubic_yard,423,40.43,17101.33
P0011,300,Equipment,Excavator,hour,618,125.49,77552.74
P0011,301,Equipment,Bulldozer,hour,337,155.76,52491.89
P0011,302,Equipment,Loader,hour,982,114.34,112277.6
P0011,303,Equipment,Compactor,hour,1067,92.19,98366.98
P0011,400,Fuel,Diesel,gallon,9111,3.64,33190.92
P0011,500,Subcontractor,Concrete Work,job,1,26031.62,26031.62
P0011,501,Subcontractor,Utility Work,job,1,21050.48,21050.48
P0012,100,Labor,General Labor,hour,18707,31.25,584665.79
P0012,101,Labor,Equipment Operators,hour,22301,43.75,975734.34
P0012,102,Labor,Supervisors,hour,14413,58.2,838877.85
P0012,103,Labor,Skilled Labor,hour,5321,51.8,275635.55
P0012,200,Materials,Gravel,ton,3020,34.74,104923.17
P0012,201,Materials,Concrete,cubic_yard,12680,138.48,1755971.1
P0012,202,Materials,Asphalt,ton,16785,90.46,1518327.98
P0012,203,Materials,Topsoil,cubic_yard,20427,39.66,810142.61
P0012,300,Equipment,Excavator,hour,9414,144.94,1364461.62
P0012,301,Equipment,Bulldozer,hour,10033,162.05,1625884.14
P0012,302,Equipment,Loader,hour,1003,125.92,126292.87
P0012,303,Equipment,Compactor,hour,3380,91.14,308040.6
P0012,400,Fuel,Diesel,gallon,48375,3.93,190279.84
P0012,500,Subcontractor,Concrete Work,job,7,26994.45,188961.18
P0012,501,Subcontractor,Utility Work,job,11,23415.87,257574.59
P0013,100,Labor,General Labor,hour,5239,34.34,179888.18
P0013,101,Labor,Equipment Operators,hour,8363,43.47,363562.65
P0013,102,Labor,Supervisors,hour,14657,51.87,760193.61
P0013,103,Labor,Skilled Labor,hour,14403,50.99,734360.8
P0013,200,Materials,Gravel,ton,5306,34.51,183111.57
P0013,201,Materials,Concrete,cubic_yard,5299,153.8,815009.09
P0013,202,Materials,Asphalt,ton,14188,92.23,1308566.43
P0013,203,Materials,Topsoil,cubic_yard,9520,38.19,363613.47
P0013,300,Equipment,Excavator,hour,6288,128.53,808209.85
P0013,301,Equipment,Bulldozer,hour,7600,143.89,1093542.29
P0013,302,Equipment,Loader,hour,5610,118.39,664146.15
P0013,303,Equipment,Compactor,hour,7068,91.24,644903.88
P0013,400,Fuel,Diesel,gallon,68488,3.79,259702.57
P0013,500,Subcontractor,Concrete Work,job,2,27465.49,54930.98
P0013,501,Subcontractor,Utility Work,job,3,22452.09,67356.26
P0014,100,Labor,General Labor,hour,8560,30.11,257701.37
P0014,101,Labor,Equipment Operators,hour,3262,45.17,147359.75
P0014,102,Labor,Supervisors,hour,2411,57.67,139044.68
P0014,103,Labor,Skilled Labor,hour,5249,44.4,233039.79
P0014,200,Materials,Gravel,ton,8597,32.14,276271.95
P0014,201,Materials,Concrete,cubic_yard,5715,146.14,835212.88
P0014,202,Materials,Asphalt,ton,5112,97.98,500898.01
P0014,203,Materials,Topsoil,cubic_yard,10258,38.7,397033.27
P0014,300,Equipment,Excavator,hour,3334,139.45,464938.88
P0014,301,Equipment,Bulldozer,hour,2153,154.56,332768.02
P0014,302,Equipment,Loader,hour,6106,114.75,700682.83
P0014,303,Equipment,Compactor,hour,4095,92.21,377606.32
P0014,400,Fuel,Diesel,gallon,17773,4.12,73191.76
P0014,500,Subcontractor,Concrete Work,job,2,26489.41,52978.82
P0014,501,Subcontractor,Utility Work,job,2,21689.03,43378.05
P0015,100,Labor,General Labor,hour,2619,30.71,80417.22
P0015,101,Labor,Equipment Operators,hour,2882,39.12,112757.06
P0015,102,Labor,Supervisors,hour,3274,57.05,186797.03
P0015,103,Labor,Skilled Labor,hour,2603,51.77,134746.84
P0015,200,Materials,Gravel,ton,3969,31.84,126376.85
P0015,201,Materials,Concrete,cubic_yard,836,146.91,122813.96
P0015,202,Materials,Asphalt,ton,2490,92.25,229695.4
P0015,203,Materials,Topsoil,cubic_yard,2826,35.84,101270.18
P0015,300,Equipment,Excavator,hour,1437,134.09,192692.04
P0015,301,Equipment,Bulldozer,hour,1453,151.86,220647.99
P0015,302,Equipment,Loader,hour,1218,120.49,146762.32
P0015,303,Equipment,Compactor,hour,1274,90.64,115473.95
P0015,400,Fuel,Diesel,gallon,1591,3.93,6250.29
P0015,500,Subcontractor,Concrete Work,job,2,26747.77,53495.53
P0015,501,Subcontractor,Utility Work,job,1,22580.78,22580.78
P0016,100,Labor,General Labor,hour,6731,29.87,201065.89
P0016,101,Labor,Equipment Operators,hour,4194,41.59,174411.46
P0016,102,Labor,Supervisors,hour,5256,56.77,298370.69
P0016,103,Labor,Skilled Labor,hour,1083,51.16,55406.8
P0016,200,Materials,Gravel,ton,714,36.24,25873.04
P0016,201,Materials,Concrete,cubic_yard,4521,147.2,665488.64
P0016,202,Materials,Asphalt,ton,2955,91.9,271577.31
P0016,203,Materials,Topsoil,cubic_yard,3910,36.5,142716.61
P0016,300,Equipment,Excavator,hour,1682,128.65,216396.53
P0016,301,Equipment,Bulldozer,hour,3431,163.92,562421.98
P0016,302,Equipment,Loader,hour,3282,122.65,402533.11
P0016,303,Equipment,Compactor,hour,667,99.32,66244.18
P0016,400,Fuel,Diesel,gallon,18494,3.67,67796.73
P0016,500,Subcontractor,Concrete Work,job,1,26700.93,26700.93
P0016,501,Subcontractor,Utility Work,job,1,22057.81,22057.81
P0017,100,Labor,General Labor,hour,1254,33.57,42091.67
P0017,101,Labor,Equipment Operators,hour,1495,40.35,60327.45
P0017,102,Labor,Supervisors,hour,2071,57.52,119123.81
P0017,103,Labor,Skilled Labor,hour,772,46.61,35980.54
P0017,200,Materials,Gravel,ton,1996,36.09,72037.65
P0017,201,Materials,Concrete,cubic_yard,82,140.27,11501.8
P0017,202,Materials,Asphalt,ton,993,91.84,91200.72
P0017,203,Materials,Topsoil,cubic_yard,1353,39.76,53794.94
P0017,300,Equipment,Excavator,hour,547,140.02,76591.02
P0017,301,Equipment,Bulldozer,hour,749,145.54,109006.98
P0017,302,Equipment,Loader,hour,342,115.54,39513.97
P0017,303,Equipment,Compactor,hour,1233,93.7,115537.01
P0017,400,Fuel,Diesel,gallon,4413,4.01,17679.42
P0017,500,Subcontractor,Concrete Work,job,1,25859.19,25859.19
P0017,501,Subcontractor,Utility Work,job,1,21785.62,21785.62
P0018,100,Labor,General Labor,hour,23087,32.92,759930.68
P0018,101,Labor,Equipment Operators,hour,20673,41.38,855501.66
P0018,102,Labor,Supervisors,hour,26164,57.04,1492279.06
P0018,103,Labor,Skilled Labor,hour,25969,45.72,1187364.8
P0018,200,Materials,Gravel,ton,15239,35.74,544703.69
P0018,201,Materials,Concrete,cubic_yard,12345,148.43,1832348.13
P0018,202,Materials,Asphalt,ton,1791,91.69,164225.22
P0018,203,Materials,Topsoil,cubic_yard,16244,40.93,664847.11
P0018,300,Equipment,Excavator,hour,3841,144.56,555251.09
P0018,301,Equipment,Bulldozer,hour,10837,157.69,1708870.73
P0018,302,Equipment,Loader,hour,1223,117.12,143236.47
P0018,303,Equipment,Compactor,hour,12426,93.07,1156528.4
P0018,400,Fuel,Diesel,gallon,53273,3.88,206677.29
P0018,500,Subcontractor,Concrete Work,job,12,25825.53,309906.42
P0018,501,Subcontractor,Utility Work,job,11,21461.31,236074.39
P0019,100,Labor,General Labor,hour,21350,31.66,675893.93
P0019,101,Labor,Equipment Operators,hour,25905,40.7,1054395.63
P0019,102,Labor,Supervisors,hour,20846,52.23,1088813.27
P0019,103,Labor,Skilled Labor,hour,19935,48.65,969842.75
P0019,200,Materials,Gravel,ton,31761,33.63,1067967.2
P0019,201,Materials,Concrete,cubic_yard,24939,138.62,3457068.41
P0019,202,Materials,Asphalt,ton,9697,94.28,914207.15
P0019,203,Materials,Topsoil,cubic_yard,32566,39.74,1294276.62
P0019,300,Equipment,Excavator,hour,4114,134.22,552190.08
P0019,301,Equipment,Bulldozer,hour,13762,158.22,2177492.3
P0019,302,Equipment,Loader,hour,3857,120.27,463891.65
P0019,303,Equipment,Compactor,hour,2161,98.77,213441.26
P0019,400,Fuel,Diesel,gallon,44871,3.74,167725.66
P0019,500,Subcontractor,Concrete Work,job,3,27158.64,81475.92
P0019,501,Subcontractor,Utility Work,job,13,21327.53,277257.83
P0020,100,Labor,General Labor,hour,13596,31.56,429142.15
P0020,101,Labor,Equipment Operators,hour,9708,43.57,422936.63
P0020,102,Labor,Supervisors,hour,8817,58.24,513519.85
P0020,103,Labor,Skilled Labor,hour,9640,47.76,460446.03
P0020,200,Materials,Gravel,ton,6793,36.39,247219.2
P0020,201,Materials,Concrete,cubic_yard,1840,154.86,284944.41
P0020,202,Materials,Asphalt,ton,14030,85.67,1201914.54
P0020,203,Materials,Topsoil,cubic_yard,6125,36.2,221733.16
P0020,300,Equipment,Excavator,hour,6843,125.51,858858.54
P0020,301,Equipment,Bulldozer,hour,5025,165.17,829995.75
P0020,302,Equipment,Loader,hour,4727,111.91,528990.58
P0020,303,Equipment,Compactor,hour,5142,88.41,454610.49
P0020,400,Fuel,Diesel,gallon,16350,3.97,64867.95
P0020,500,Subcontractor,Concrete Work,job,6,27441.98,164651.86
P0020,501,Subcontractor,Utility Work,job,6,22362.7,134176.2
P0021,100,Labor,General Labor,hour,11656,31.47,366783.12
P0021,101,Labor,Equipment Operators,hour,14140,43.94,621379.91
P0021,102,Labor,Supervisors,hour,3548,58.89,208952.27
P0021,103,Labor,Skilled Labor,hour,23384,45.44,1062453.15
P0021,200,Materials,Gravel,ton,5288,34.71,183548.39
P0021,201,Materials,Concrete,cubic_yard,7499,156.03,1170058.92
P0021,202,Materials,Asphalt,ton,2250,99.16,223120.47
P0021,203,Materials,Topsoil,cubic_yard,4096,37.87,155112.47
P0021,300,Equipment,Excavator,hour,510,127.96,65261.47
P0021,301,Equipment,Bulldozer,hour,4975,160.34,797674.7
P0021,302,Equipment,Loader,hour,4422,120.91,534650.58
P0021,303,Equipment,Compactor,hour,985,89.32,87980.81
P0021,400,Fuel,Diesel,gallon,47142,3.95,186028.46
P0021,500,Subcontractor,Concrete Work,job,3,29342.74,88028.21
P0021,501,Subcontractor,Utility Work,job,7,23419.61,163937.26
P0022,100,Labor,General Labor,hour,11727,32.07,376038.37
P0022,101,Labor,Equipment Operators,hour,14440,43.62,629924.35
P0022,102,Labor,Supervisors,hour,8329,54.18,451246.06
P0022,103,Labor,Skilled Labor,hour,9271,47.01,435835.1
P0022,200,Materials,Gravel,ton,11300,34.4,388701.18
P0022,201,Materials,Concrete,cubic_yard,8173,147.06,1201947.92
P0022,202,Materials,Asphalt,ton,1114,90.18,100463.33
P0022,203,Materials,Topsoil,cubic_yard,3314,36.75,121780.26
P0022,300,Equipment,Excavator,hour,6108,136.94,836447.08
P0022,301,Equipment,Bulldozer,hour,4849,161.46,782912.38
P0022,302,Equipment,Loader,hour,3081,124.0,382031.49
P0022,303,Equipment,Compactor,hour,643,97.23,62517.81
P0022,400,Fuel,Diesel,gallon,48276,3.62,174663.29
P0022,500,Subcontractor,Concrete Work,job,8,30223.86,241790.91
P0022,501,Subcontractor,Utility Work,job,3,21879.2,65637.61
P0023,100,Labor,General Labor,hour,12606,30.46,384018.94
P0023,101,Labor,Equipment Operators,hour,5621,42.38,238214.53
P0023,102,Labor,Supervisors,hour,15027,54.39,817375.47
P0023,103,Labor,Skilled Labor,hour,7048,46.71,329221.52
P0023,200,Materials,Gravel,ton,11746,34.83,409164.94
P0023,201,Materials,Concrete,cubic_yard,11790,145.15,1711281.52
P0023,202,Materials,Asphalt,ton,9052,94.62,856516.86
P0023,203,Materials,Topsoil,cubic_yard,15495,36.65,567907.64
P0023,300,Equipment,Excavator,hour,1217,145.62,177220.31
P0023,301,Equipment,Bulldozer,hour,1924,148.55,285813.54
P0023,302,Equipment,Loader,hour,4568,127.93,584402.82
P0023,303,Equipment,Compactor,hour,2931,90.09,264063.54
P0023,400,Fuel,Diesel,gallon,67656,3.7,250034.0
P0023,500,Subcontractor,Concrete Work,job,8,27081.92,216655.39
P0023,501,Subcontractor,Utility Work,job,8,23549.58,188396.62
P0024,100,Labor,General Labor,hour,4739,31.93,151303.88
P0024,101,Labor,Equipment Operators,hour,4135,43.57,180168.96
P0024,102,Labor,Supervisors,hour,7768,51.0,396153.96
P0024,103,Labor,Skilled Labor,hour,3615,50.86,183876.21
P0024,200,Materials,Gravel,ton,10540,36.41,383741.01
P0024,201,Materials,Concrete,cubic_yard,2161,135.16,292070.68
P0024,202,Materials,Asphalt,ton,4475,97.82,437765.42
P0024,203,Materials,Topsoil,cubic_yard,16035,36.32,582330.54
P0024,300,Equipment,Excavator,hour,5357,129.52,693832.61
P0024,301,Equipment,Bulldozer,hour,1653,145.47,240460.91
P0024,302,Equipment,Loader,hour,9162,121.43,1112534.2
P0024,303,Equipment,Compactor,hour,6992,88.56,619224.71
P0024,400,Fuel,Diesel,gallon,7345,3.89,28537.55
P0024,500,Subcontractor,Concrete Work,job,9,28294.28,254648.55
P0024,501,Subcontractor,Utility Work,job,8,22990.9,183927.2
P0025,100,Labor,General Labor,hour,3399,32.52,110537.56
P0025,101,Labor,Equipment Operators,hour,4891,42.8,209341.09
P0025,102,Labor,Supervisors,hour,3984,57.41,228711.22
P0025,103,Labor,Skilled Labor,hour,2189,49.39,108120.82
P0025,200,Materials,Gravel,ton,3191,36.17,115424.78
P0025,201,Materials,Concrete,cubic_yard,3842,145.88,560457.76
P0025,202,Materials,Asphalt,ton,4013,85.07,341382.56
P0025,203,Materials,Topsoil,cubic_yard,3749,39.28,147251.34
P0025,300,Equipment,Excavator,hour,1036,130.96,135676.51
P0025,301,Equipment,Bulldozer,hour,1436,150.45,216048.14
P0025,302,Equipment,Loader,hour,289,125.39,36239.01
P0025,303,Equipment,Compactor,hour,2385,87.52,208741.16
P0025,400,Fuel,Diesel,gallon,22147,3.85,85272.46
P0025,500,Subcontractor,Concrete Work,job,1,29799.09,29799.09
P0025,501,Subcontractor,Utility Work,job,3,22749.22,68247.65
P0026,100,Labor,General Labor,hour,8106,33.83,274216.43
P0026,101,Labor,Equipment Operators,hour,12420,42.8,531600.69
P0026,102,Labor,Supervisors,hour,13647,53.28,727105.8
P0026,103,Labor,Skilled Labor,hour,25881,50.12,1297205.18
P0026,200,Materials,Gravel,ton,22413,35.22,789381.94
P0026,201,Materials,Concrete,cubic_yard,1996,137.1,273658.18
P0026,202,Materials,Asphalt,ton,23316,98.6,2298917.09
P0026,203,Materials,Topsoil,cubic_yard,8173,35.18,287513.52
P0026,300,Equipment,Excavator,hour,690,142.73,98484.96
P0026,301,Equipment,Bulldozer,hour,9927,151.63,1505230.98
P0026,302,Equipment,Loader,hour,10649,112.93,1202631.33
P0026,303,Equipment,Compactor,hour,3537,92.23,326206.3
P0026,400,Fuel,Diesel,gallon,35330,3.75,132364.23
P0026,500,Subcontractor,Concrete Work,job,11,27930.07,307230.8
P0026,501,Subcontractor,Utility Work,job,5,21283.3,106416.5
P0027,100,Labor,General Labor,hour,8973,31.53,282896.3
P0027,101,Labor,Equipment Operators,hour,13644,40.91,558151.73
P0027,102,Labor,Supervisors,hour,8294,51.67,428588.98
P0027,103,Labor,Skilled Labor,hour,17677,45.24,799773.0
P0027,200,Materials,Gravel,ton,2187,31.47,68825.04
P0027,201,Materials,Concrete,cubic_yard,11208,136.12,1525643.04
P0027,202,Materials,Asphalt,ton,11261,94.03,1058870.88
P0027,203,Materials,Topsoil,cubic_yard,9966,38.72,385904.79
P0027,300,Equipment,Excavator,hour,682,133.48,91033.26
P0027,301,Equipment,Bulldozer,hour,3087,154.28,476261.01
P0027,302,Equipment,Loader,hour,8601,125.6,1080252.06
P0027,303,Equipment,Compactor,hour,3445,88.82,305977.07
P0027,400,Fuel,Diesel,gallon,31162,3.95,123066.92
P0027,500,Subcontractor,Concrete Work,job,4,26306.59,105226.37
P0027,501,Subcontractor,Utility Work,job,6,20684.88,124109.28
P0028,100,Labor,General Labor,hour,14544,31.91,464120.75
P0028,101,Labor,Equipment Operators,hour,9212,42.9,395162.81
P0028,102,Labor,Supervisors,hour,10729,52.06,558550.98
P0028,103,Labor,Skilled Labor,hour,14510,45.14,654968.2
P0028,200,Materials,Gravel,ton,16862,34.57,582983.72
P0028,201,Materials,Concrete,cubic_yard,9996,139.28,1392286.31
P0028,202,Materials,Asphalt,ton,7689,85.27,655603.79
P0028,203,Materials,Topsoil,cubic_yard,5627,40.4,227314.66
P0028,300,Equipment,Excavator,hour,7592,124.49,945162.21
P0028,301,Equipment,Bulldozer,hour,1089,162.82,177309.73
P0028,302,Equipment,Loader,hour,3465,123.19,426861.47
P0028,303,Equipment,Compactor,hour,4246,89.5,380007.81
P0028,400,Fuel,Diesel,gallon,29467,3.6,105963.11
P0028,500,Subcontractor,Concrete Work,job,4,27894.55,111578.19
P0028,501,Subcontractor,Utility Work,job,6,22685.18,136111.09
P0029,100,Labor,General Labor,hour,3451,32.37,111715.54
P0029,101,Labor,Equipment Operators,hour,16542,39.26,649465.44
P0029,102,Labor,Supervisors,hour,6263,54.93,344027.09
P0029,103,Labor,Skilled Labor,hour,9905,48.18,477232.49
P0029,200,Materials,Gravel,ton,12900,34.83,449259.8
P0029,201,Materials,Concrete,cubic_yard,1419,134.52,190877.84
P0029,202,Materials,Asphalt,ton,4760,90.52,430854.9
P0029,203,Materials,Topsoil,cubic_yard,16247,38.27,621808.68
P0029,300,Equipment,Excavator,hour,7575,145.73,1103873.07
P0029,301,Equipment,Bulldozer,hour,7845,155.74,1221756.03
P0029,302,Equipment,Loader,hour,8044,122.46,985067.4
P0029,303,Equipment,Compactor,hour,3285,95.77,314595.16
P0029,400,Fuel,Diesel,gallon,25154,4.04,101735.7
P0029,500,Subcontractor,Concrete Work,job,2,26271.35,52542.69
P0029,501,Subcontractor,Utility Work,job,9,20240.66,182165.91
P0030,100,Labor,General Labor,hour,7640,31.77,242734.73
P0030,101,Labor,Equipment Operators,hour,4643,39.85,185037.86
P0030,102,Labor,Supervisors,hour,14727,53.22,783723.54
P0030,103,Labor,Skilled Labor,hour,10994,49.52,544446.67
P0030,200,Materials,Gravel,ton,1949,31.91,62199.68
P0030,201,Materials,Concrete,cubic_yard,11443,147.15,1683863.61
P0030,202,Materials,Asphalt,ton,9477,97.45,923490.86
P0030,203,Materials,Topsoil,cubic_yard,5560,37.82,210263.0
P0030,300,Equipment,Excavator,hour,6682,143.98,962081.22
P0030,301,Equipment,Bulldozer,hour,5776,150.61,869939.95
P0030,302,Equipment,Loader,hour,5173,125.79,650723.77
P0030,303,Equipment,Compactor,hour,5290,92.6,489833.26
P0030,400,Fuel,Diesel,gallon,42098,3.56,149736.35
P0030,500,Subcontractor,Concrete Work,job,5,29129.54,145647.68
P0030,501,Subcontractor,Utility Work,job,5,20941.93,104709.64
P0031,100,Labor,General Labor,hour,1450,34.23,49632.25
P0031,101,Labor,Equipment Operators,hour,1579,44.46,70204.69
P0031,102,Labor,Supervisors,hour,2595,50.78,131787.04
P0031,103,Labor,Skilled Labor,hour,1737,50.59,87874.8
P0031,200,Materials,Gravel,ton,157,32.06,5033.06
P0031,201,Materials,Concrete,cubic_yard,1944,153.23,297882.02
P0031,202,Materials,Asphalt,ton,1029,91.62,94280.77
P0031,203,Materials,Topsoil,cubic_yard,2593,41.01,106331.3
P0031,300,Equipment,Excavator,hour,2252,141.0,317533.63
P0031,301,Equipment,Bulldozer,hour,1157,150.79,174468.32
P0031,302,Equipment,Loader,hour,2298,129.29,297116.24
P0031,303,Equipment,Compactor,hour,488,88.3,43089.62
P0031,400,Fuel,Diesel,gallon,4136,3.58,14790.9
P0031,500,Subcontractor,Concrete Work,job,2,28356.69,56713.39
P0031,501,Subcontractor,Utility Work,job,3,22175.52,66526.57
P0032,100,Labor,General Labor,hour,7158,29.7,212599.7
P0032,101,Labor,Equipment Operators,hour,5700,40.87,232964.41
P0032,102,Labor,Supervisors,hour,19349,58.03,1122726.58
P0032,103,Labor,Skilled Labor,hour,21460,47.92,1028410.52
P0032,200,Materials,Gravel,ton,1030,32.34,33309.75
P0032,201,Materials,Concrete,cubic_yard,10902,145.51,1586325.12
P0032,202,Materials,Asphalt,ton,25290,94.24,2383367.27
P0032,203,Materials,Topsoil,cubic_yard,16358,35.32,577761.23
P0032,300,Equipment,Excavator,hour,2302,133.04,306249.42
P0032,301,Equipment,Bulldozer,hour,10099,157.21,1587640.54
P0032,302,Equipment,Loader,hour,9490,114.22,1083921.51
P0032,303,Equipment,Compactor,hour,7002,88.06,616584.86
P0032,400,Fuel,Diesel,gallon,50082,3.66,183429.6
P0032,500,Subcontractor,Concrete Work,job,6,29845.58,179073.47
P0032,501,Subcontractor,Utility Work,job,6,21702.61,130215.66
P0033,100,Labor,General Labor,hour,3490,29.98,104616.03
P0033,101,Labor,Equipment Operators,hour,1153,43.44,50087.31
P0033,102,Labor,Supervisors,hour,6115,53.02,324246.17
P0033,103,Labor,Skilled Labor,hour,3468,48.98,169845.71
P0033,200,Materials,Gravel,ton,2441,33.06,80702.32
P0033,201,Materials,Concrete,cubic_yard,3582,143.52,514071.05
P0033,202,Materials,Asphalt,ton,7532,87.25,657168.86
P0033,203,Materials,Topsoil,cubic_yard,5299,35.05,185723.71
P0033,300,Equipment,Excavator,hour,3919,130.87,512880.04
P0033,301,Equipment,Bulldozer,hour,2594,160.13,415387.54
P0033,302,Equipment,Loader,hour,3714,110.76,411376.57
P0033,303,Equipment,Compactor,hour,2945,92.26,271705.98
P0033,400,Fuel,Diesel,gallon,32767,3.56,116557.62
P0033,500,Subcontractor,Concrete Work,job,4,25940.49,103761.98
P0033,501,Subcontractor,Utility Work,job,3,23069.22,69207.66
P0034,100,Labor,General Labor,hour,5242,30.22,158387.14
P0034,101,Labor,Equipment Operators,hour,1543,45.13,69629.74
P0034,102,Labor,Supervisors,hour,2513,51.9,130413.64
P0034,103,Labor,Skilled Labor,hour,2677,44.21,118356.43
P0034,200,Materials,Gravel,ton,1969,35.44,69786.59
P0034,201,Materials,Concrete,cubic_yard,263,151.68,39892.08
P0034,202,Materials,Asphalt,ton,588,93.47,54961.26
P0034,203,Materials,Topsoil,cubic_yard,5103,39.73,202759.07
P0034,300,Equipment,Excavator,hour,268,138.66,37160.37
P0034,301,Equipment,Bulldozer,hour,295,146.99,43362.86
P0034,302,Equipment,Loader,hour,2030,114.92,233295.64
P0034,303,Equipment,Compactor,hour,2312,99.61,230296.75
P0034,400,Fuel,Diesel,gallon,15522,3.93,60954.7
P0034,500,Subcontractor,Concrete Work,job,3,26735.35,80206.06
P0034,501,Subcontractor,Utility Work,job,2,22478.89,44957.77
P0035,100,Labor,General Labor,hour,2993,33.5,100266.94
P0035,101,Labor,Equipment Operators,hour,4155,44.84,186298.27
P0035,102,Labor,Supervisors,hour,3679,53.3,196073.96
P0035,103,Labor,Skilled Labor,hour,4953,45.95,227590.35
P0035,200,Materials,Gravel,ton,846,36.6,30961.98
P0035,201,Materials,Concrete,cubic_yard,1064,137.29,146071.31
P0035,202,Materials,Asphalt,ton,2311,91.62,211727.75
P0035,203,Materials,Topsoil,cubic_yard,2706,37.46,101358.95
P0035,300,Equipment,Excavator,hour,864,125.19,108168.45
P0035,301,Equipment,Bulldozer,hour,958,163.57,156702.17
P0035,302,Equipment,Loader,hour,2452,112.42,275663.11
P0035,303,Equipment,Compactor,hour,2344,98.84,231688.69
P0035,400,Fuel,Diesel,gallon,6111,3.98,24301.17
P0035,500,Subcontractor,Concrete Work,job,2,28945.28,57890.57
P0035,501,Subcontractor,Utility Work,job,1,21058.88,21058.88
P0036,100,Labor,General Labor,hour,3336,31.76,105935.6
P0036,101,Labor,Equipment Operators,hour,17154,43.84,751959.2
P0036,102,Labor,Supervisors,hour,2582,57.71,149009.79
P0036,103,Labor,Skilled Labor,hour,15506,50.97,790315.07
P0036,200,Materials,Gravel,ton,10488,35.95,377061.03
P0036,201,Materials,Concrete,cubic_yard,8476,134.83,1142777.23
P0036,202,Materials,Asphalt,ton,18855,96.53,1820106.76
P0036,203,Materials,Topsoil,cubic_yard,6797,39.27,266918.91
P0036,300,Equipment,Excavator,hour,8199,143.98,1180503.86
P0036,301,Equipment,Bulldozer,hour,578,161.47,93329.64
P0036,302,Equipment,Loader,hour,1976,119.55,236229.43
P0036,303,Equipment,Compactor,hour,4854,90.63,439902.2
P0036,400,Fuel,Diesel,gallon,4910,4.04,19819.89
P0036,500,Subcontractor,Concrete Work,job,9,30027.28,270245.48
P0036,501,Subcontractor,Utility Work,job,8,20923.84,167390.74
P0037,100,Labor,General Labor,hour,12161,32.84,399323.66
P0037,101,Labor,Equipment Operators,hour,7721,39.89,307988.08
P0037,102,Labor,Supervisors,hour,25163,57.07,1435937.55
P0037,103,Labor,Skilled Labor,hour,21893,48.06,1052232.93
P0037,200,Materials,Gravel,ton,19988,34.7,693571.63
P0037,201,Materials,Concrete,cubic_yard,19424,152.56,2963360.97
P0037,202,Materials,Asphalt,ton,24002,93.75,2250287.19
P0037,203,Materials,Topsoil,cubic_yard,6649,37.55,249670.38
P0037,300,Equipment,Excavator,hour,12103,136.87,1656521.33
P0037,301,Equipment,Bulldozer,hour,2916,154.29,449905.11
P0037,302,Equipment,Loader,hour,5647,114.23,645042.32
P0037,303,Equipment,Compactor,hour,11118,98.42,1094282.08
P0037,400,Fuel,Diesel,gallon,58651,3.68,216109.29
P0037,500,Subcontractor,Concrete Work,job,12,27295.92,327551.02
P0037,501,Subcontractor,Utility Work,job,10,21085.57,210855.72
P0038,100,Labor,General Labor,hour,26467,33.17,877958.39
P0038,101,Labor,Equipment Operators,hour,26832,39.41,1057507.36
P0038,102,Labor,Supervisors,hour,18491,51.08,944514.82
P0038,103,Labor,Skilled Labor,hour,26360,44.83,1181692.42
P0038,200,Materials,Gravel,ton,18809,35.79,673209.0
P0038,201,Materials,Concrete,cubic_yard,9326,143.4,1337310.28
P0038,202,Materials,Asphalt,ton,24899,99.15,2468748.51
P0038,203,Materials,Topsoil,cubic_yard,16486,35.21,580467.02
P0038,300,Equipment,Excavator,hour,1489,132.57,197395.65
P0038,301,Equipment,Bulldozer,hour,7459,159.01,1186057.49
P0038,302,Equipment,Loader,hour,7522,110.92,834309.09
P0038,303,Equipment,Compactor,hour,6252,96.72,604692.87
P0038,400,Fuel,Diesel,gallon,82965,3.95,327936.3
P0038,500,Subcontractor,Concrete Work,job,2,27363.67,54727.33
P0038,501,Subcontractor,Utility Work,job,12,23256.51,279078.18
P0039,100,Labor,General Labor,hour,25608,31.58,808742.91
P0039,101,Labor,Equipment Operators,hour,16116,39.84,642044.62
P0039,102,Labor,Supervisors,hour,11575,52.29,605225.25
P0039,103,Labor,Skilled Labor,hour,25498,44.81,1142492.72
P0039,200,Materials,Gravel,ton,24464,35.3,863698.61
P0039,201,Materials,Concrete,cubic_yard,22166,152.81,3387131.41
P0039,202,Materials,Asphalt,ton,9423,88.54,834331.23
P0039,203,Materials,Topsoil,cubic_yard,3513,39.77,139728.52
P0039,300,Equipment,Excavator,hour,3055,139.48,426112.65
P0039,301,Equipment,Bulldozer,hour,2342,145.61,341021.17
P0039,302,Equipment,Loader,hour,7472,110.88,828461.63
P0039,303,Equipment,Compactor,hour,2515,98.47,247641.45
P0039,400,Fuel,Diesel,gallon,49012,3.85,188898.05
P0039,500,Subcontractor,Concrete Work,job,4,26072.34,104289.37
P0039,501,Subcontractor,Utility Work,job,12,23184.18,278210.19
P0040,100,Labor,General Labor,hour,3274,29.69,97219.03
P0040,101,Labor,Equipment Operators,hour,16881,40.91,690541.5
P0040,102,Labor,Supervisors,hour,12630,57.49,726103.78
P0040,103,Labor,Skilled Labor,hour,4853,46.12,223825.76
P0040,200,Materials,Gravel,ton,11412,35.59,406131.74
P0040,201,Materials,Concrete,cubic_yard,17340,146.1,2533415.87
P0040,202,Materials,Asphalt,ton,9700,93.72,909064.71
P0040,203,Materials,Topsoil,cubic_yard,8690,38.71,336413.32
P0040,300,Equipment,Excavator,hour,11887,142.96,1699375.41
P0040,301,Equipment,Bulldozer,hour,6419,163.63,1050372.43
P0040,302,Equipment,Loader,hour,3525,113.66,400649.3
P0040,303,Equipment,Compactor,hour,2453,95.72,234799.53
P0040,400,Fuel,Diesel,gallon,24818,3.86,95783.28
P0040,500,Subcontractor,Concrete Work,job,10,28147.07,281470.65
P0040,501,Subcontractor,Utility Work,job,5,20363.96,101819.79
P0041,100,Labor,General Labor,hour,21531,30.42,655033.56
P0041,101,Labor,Equipment Operators,hour,31745,41.84,1328238.93
P0041,102,Labor,Supervisors,hour,24457,51.96,1270852.89
P0041,103,Labor,Skilled Labor,hour,35040,51.81,1815265.57
P0041,200,Materials,Gravel,ton,31370,32.4,1016409.05
P0041,201,Materials,Concrete,cubic_yard,12232,133.6,1634239.62
P0041,202,Materials,Asphalt,ton,23680,93.78,2220801.87
P0041,203,Materials,Topsoil,cubic_yard,16837,37.93,638589.61
P0041,300,Equipment,Excavator,hour,11868,128.85,1529160.49
P0041,301,Equipment,Bulldozer,hour,5028,147.65,742366.61
P0041,302,Equipment,Loader,hour,4970,122.47,608697.57
P0041,303,Equipment,Compactor,hour,10346,97.33,1007022.93
P0041,400,Fuel,Diesel,gallon,26072,3.69,96242.37
P0041,500,Subcontractor,Concrete Work,job,14,26289.71,368055.91
P0041,501,Subcontractor,Utility Work,job,14,20298.64,284181.03
P0042,100,Labor,General Labor,hour,2031,34.22,69504.82
P0042,101,Labor,Equipment Operators,hour,4760,40.73,193865.31
P0042,102,Labor,Supervisors,hour,2602,55.32,143937.87
P0042,103,Labor,Skilled Labor,hour,2244,47.81,107289.14
P0042,200,Materials,Gravel,ton,6121,33.6,205678.51
P0042,201,Materials,Concrete,cubic_yard,5382,138.52,745517.5
P0042,202,Materials,Asphalt,ton,1996,90.55,180743.74
P0042,203,Materials,Topsoil,cubic_yard,3824,36.03,137771.4
P0042,300,Equipment,Excavator,hour,2541,124.35,315984.2
P0042,301,Equipment,Bulldozer,hour,1450,148.92,215930.76
P0042,302,Equipment,Loader,hour,490,128.86,63140.99
P0042,303,Equipment,Compactor,hour,261,87.7,22888.55
P0042,400,Fuel,Diesel,gallon,11892,3.72,44247.72
P0042,500,Subcontractor,Concrete Work,job,2,29308.13,58616.26
P0042,501,Subcontractor,Utility Work,job,3,23003.87,69011.61
P0043,100,Labor,General Labor,hour,8294,31.86,264229.52
P0043,101,Labor,Equipment Operators,hour,20670,41.28,853175.63
P0043,102,Labor,Supervisors,hour,3883,51.25,199019.84
P0043,103,Labor,Skilled Labor,hour,18281,47.18,862452.68
P0043,200,Materials,Gravel,ton,15597,36.38,567430.72
P0043,201,Materials,Concrete,cubic_yard,23258,151.69,3527919.07
P0043,202,Materials,Asphalt,ton,18580,87.78,1630905.06
P0043,203,Materials,Topsoil,cubic_yard,2999,36.76,110231.74
P0043,300,Equipment,Excavator,hour,10572,141.85,1499652.23
P0043,301,Equipment,Bulldozer,hour,3329,143.4,477389.42
P0043,302,Equipment,Loader,hour,4492,123.95,556762.77
P0043,303,Equipment,Compactor,hour,2191,90.22,197668.11
P0043,400,Fuel,Diesel,gallon,12387,3.98,49269.11
P0043,500,Subcontractor,Concrete Work,job,7,29907.71,209353.95
P0043,501,Subcontractor,Utility Work,job,5,22285.88,111429.39
P0044,100,Labor,General Labor,hour,12859,32.07,412406.8
P0044,101,Labor,Equipment Operators,hour,19443,39.72,772265.42
P0044,102,Labor,Supervisors,hour,6638,51.54,342098.78
P0044,103,Labor,Skilled Labor,hour,3092,51.44,159066.81
P0044,200,Materials,Gravel,ton,11492,34.77,399544.38
P0044,201,Materials,Concrete,cubic_yard,10932,133.58,1460298.59
P0044,202,Materials,Asphalt,ton,17680,90.78,1605061.2
P0044,203,Materials,Topsoil,cubic_yard,2952,35.38,104439.05
P0044,300,Equipment,Excavator,hour,9532,126.13,1202315.26
P0044,301,Equipment,Bulldozer,hour,7922,142.78,1131129.45
P0044,302,Equipment,Loader,hour,5040,116.22,585764.08
P0044,303,Equipment,Compactor,hour,4913,88.79,436228.27
P0044,400,Fuel,Diesel,gallon,56494,4.15,234656.48
P0044,500,Subcontractor,Concrete Work,job,10,27749.94,277499.44
P0044,501,Subcontractor,Utility Work,job,11,23442.3,257865.28
P0045,100,Labor,General Labor,hour,8546,31.47,268955.96
P0045,101,Labor,Equipment Operators,hour,12514,39.81,498186.51
P0045,102,Labor,Supervisors,hour,2075,54.55,113198.64
P0045,103,Labor,Skilled Labor,hour,8369,48.41,405181.47
P0045,200,Materials,Gravel,ton,5307,34.66,183934.35
P0045,201,Materials,Concrete,cubic_yard,7506,134.3,1008049.5
P0045,202,Materials,Asphalt,ton,13526,88.35,1194976.05
P0045,203,Materials,Topsoil,cubic_yard,4669,37.59,175491.95
P0045,300,Equipment,Excavator,hour,5019,134.75,676322.88
P0045,301,Equipment,Bulldozer,hour,7627,153.4,1170017.4
P0045,302,Equipment,Loader,hour,2863,122.33,350239.84
P0045,303,Equipment,Compactor,hour,1403,93.28,130868.73
P0045,400,Fuel,Diesel,gallon,35484,3.89,138190.95
P0045,500,Subcontractor,Concrete Work,job,5,27838.72,139193.61
P0045,501,Subcontractor,Utility Work,job,9,20503.86,184534.73
P0046,100,Labor,General Labor,hour,1225,29.91,36639.63
P0046,101,Labor,Equipment Operators,hour,5999,40.35,242085.01
P0046,102,Labor,Supervisors,hour,2987,51.45,153692.38
P0046,103,Labor,Skilled Labor,hour,8942,47.72,426717.76
P0046,200,Materials,Gravel,ton,3602,36.25,130577.86
P0046,201,Materials,Concrete,cubic_yard,7734,149.63,1157232.19
P0046,202,Materials,Asphalt,ton,6904,86.15,594774.28
P0046,203,Materials,Topsoil,cubic_yard,9976,40.94,408387.84
P0046,300,Equipment,Excavator,hour,2670,136.57,364646.25
P0046,301,Equipment,Bulldozer,hour,2400,159.26,382217.22
P0046,302,Equipment,Loader,hour,328,124.24,40750.04
P0046,303,Equipment,Compactor,hour,2798,96.25,269320.13
P0046,400,Fuel,Diesel,gallon,35919,3.66,131416.74
P0046,500,Subcontractor,Concrete Work,job,1,28113.99,28113.99
P0046,501,Subcontractor,Utility Work,job,3,21239.89,63719.66
P0047,100,Labor,General Labor,hour,3844,33.73,129668.14
P0047,101,Labor,Equipment Operators,hour,8284,40.55,335892.36
P0047,102,Labor,Supervisors,hour,7563,51.28,387839.88
P0047,103,Labor,Skilled Labor,hour,7382,46.64,344262.93
P0047,200,Materials,Gravel,ton,9348,34.94,326621.03
P0047,201,Materials,Concrete,cubic_yard,446,143.42,63966.28
P0047,202,Materials,Asphalt,ton,9119,96.04,875804.27
P0047,203,Materials,Topsoil,cubic_yard,5679,35.05,199043.58
P0047,300,Equipment,Excavator,hour,1628,143.53,233672.79
P0047,301,Equipment,Bulldozer,hour,2953,165.21,487860.69
P0047,302,Equipment,Loader,hour,5080,114.18,580014.14
P0047,303,Equipment,Compactor,hour,1461,95.69,139809.17
P0047,400,Fuel,Diesel,gallon,22793,3.59,81730.21
P0047,500,Subcontractor,Concrete Work,job,4,28059.41,112237.63
P0047,501,Subcontractor,Utility Work,job,5,23196.87,115984.33
P0048,100,Labor,General Labor,hour,8390,30.08,252354.66
P0048,101,Labor,Equipment Operators,hour,5039,38.76,195305.3
P0048,102,Labor,Supervisors,hour,18893,51.84,979360.39
P0048,103,Labor,Skilled Labor,hour,3585,47.75,171171.91
P0048,200,Materials,Gravel,ton,30031,32.78,984300.1
P0048,201,Materials,Concrete,cubic_yard,15513,144.75,2245512.05
P0048,202,Materials,Asphalt,ton,3930,91.25,358625.55
P0048,203,Materials,Topsoil,cubic_yard,29655,36.61,1085678.44
P0048,300,Equipment,Excavator,hour,5793,141.29,818512.89
P0048,301,Equipment,Bulldozer,hour,2224,164.87,366679.85
P0048,302,Equipment,Loader,hour,3550,110.54,392400.05
P0048,303,Equipment,Compactor,hour,11680,91.0,1062872.1
P0048,400,Fuel,Diesel,gallon,133599,3.75,501543.17
P0048,500,Subcontractor,Concrete Work,job,6,29262.15,175572.88
P0048,501,Subcontractor,Utility Work,job,9,21714.63,195431.68
P0049,100,Labor,General Labor,hour,860,29.72,25557.71
P0049,101,Labor,Equipment Operators,hour,2899,43.93,127339.5
P0049,102,Labor,Supervisors,hour,602,55.98,33698.78
P0049,103,Labor,Skilled Labor,hour,2112,45.14,95339.05
P0049,200,Materials,Gravel,ton,1374,33.4,45896.01
P0049,201,Materials,Concrete,cubic_yard,1013,154.52,156525.75
P0049,202,Materials,Asphalt,ton,2500,88.72,221798.91
P0049,203,Materials,Topsoil,cubic_yard,2418,40.32,97499.59
P0049,300,Equipment,Excavator,hour,1302,131.62,171365.28
P0049,301,Equipment,Bulldozer,hour,1242,153.4,190516.91
P0049,302,Equipment,Loader,hour,1453,113.19,164470.78
P0049,303,Equipment,Compactor,hour,725,94.09,68215.79
P0049,400,Fuel,Diesel,gallon,11552,3.56,41124.76
P0049,500,Subcontractor,Concrete Work,job,1,29844.54,29844.54
P0049,501,Subcontractor,Utility Work,job,1,21264.32,21264.32
P0050,100,Labor,General Labor,hour,1642,29.86,49027.17
P0050,101,Labor,Equipment Operators,hour,1292,41.91,54149.64
P0050,102,Labor,Supervisors,hour,1277,51.92,66295.5
P0050,103,Labor,Skilled Labor,hour,930,44.55,41431.65
P0050,200,Materials,Gravel,ton,2145,33.23,71281.85
P0050,201,Materials,Concrete,cubic_yard,801,155.72,124734.39
P0050,202,Materials,Asphalt,ton,2433,84.71,206103.48
P0050,203,Materials,Topsoil,cubic_yard,110,37.43,4117.73
P0050,300,Equipment,Excavator,hour,1011,142.47,144032.99
P0050,301,Equipment,Bulldozer,hour,174,160.02,27843.42
P0050,302,Equipment,Loader,hour,1226,122.88,150653.55
P0050,303,Equipment,Compactor,hour,798,89.44,71370.87
P0050,400,Fuel,Diesel,gallon,5442,3.56,19399.98
P0050,500,Subcontractor,Concrete Work,job,1,26725.93,26725.93
P0050,501,Subcontractor,Utility Work,job,1,20760.44,20760.44
P0051,100,Labor,General Labor,hour,3509,34.38,120640.94
P0051,101,Labor,Equipment Operators,hour,4656,42.02,195634.29
P0051,102,Labor,Supervisors,hour,3255,58.99,192009.79
P0051,103,Labor,Skilled Labor,hour,5597,45.12,252561.66
P0051,200,Materials,Gravel,ton,6573,34.2,224788.05
P0051,201,Materials,Concrete,cubic_yard,816,148.32,121028.32
P0051,202,Materials,Asphalt,ton,405,86.4,34991.31
P0051,203,Materials,Topsoil,cubic_yard,4238,39.03,165405.48
P0051,300,Equipment,Excavator,hour,162,145.0,23490.46
P0051,301,Equipment,Bulldozer,hour,1876,145.13,272258.09
P0051,302,Equipment,Loader,hour,3622,123.78,448322.8
P0051,303,Equipment,Compactor,hour,3086,99.59,307347.66
P0051,400,Fuel,Diesel,gallon,10375,3.82,39632.41
P0051,500,Subcontractor,Concrete Work,job,3,26113.61,78340.82
P0051,501,Subcontractor,Utility Work,job,2,22103.02,44206.04
P0052,100,Labor,General Labor,hour,5930,31.17,184859.98
P0052,101,Labor,Equipment Operators,hour,6765,43.52,294406.93
P0052,102,Labor,Supervisors,hour,4134,55.51,229459.66
P0052,103,Labor,Skilled Labor,hour,5755,45.47,261678.31
P0052,200,Materials,Gravel,ton,6325,32.86,207836.77
P0052,201,Materials,Concrete,cubic_yard,2460,139.85,344036.42
P0052,202,Materials,Asphalt,ton,5294,85.77,454055.17
P0052,203,Materials,Topsoil,cubic_yard,2159,39.35,84966.22
P0052,300,Equipment,Excavator,hour,1740,141.88,246863.01
P0052,301,Equipment,Bulldozer,hour,1624,147.29,239193.84
P0052,302,Equipment,Loader,hour,953,112.77,107472.17
P0052,303,Equipment,Compactor,hour,1253,87.93,110172.14
P0052,400,Fuel,Diesel,gallon,13828,3.57,49302.88
P0052,500,Subcontractor,Concrete Work,job,1,27477.58,27477.58
P0052,501,Subcontractor,Utility Work,job,3,20645.35,61936.05
P0053,100,Labor,General Labor,hour,11412,30.44,347362.83
P0053,101,Labor,Equipment Operators,hour,9331,39.39,367573.46
P0053,102,Labor,Supervisors,hour,12574,57.12,718168.15
P0053,103,Labor,Skilled Labor,hour,1595,47.26,75379.46
P0053,200,Materials,Gravel,ton,2429,35.22,85556.28
P0053,201,Materials,Concrete,cubic_yard,9603,156.5,1502853.77
P0053,202,Materials,Asphalt,ton,455,95.38,43399.94
P0053,203,Materials,Topsoil,cubic_yard,2822,38.4,108377.3
P0053,300,Equipment,Excavator,hour,1971,132.18,260524.51
P0053,301,Equipment,Bulldozer,hour,5674,156.78,889556.31
P0053,302,Equipment,Loader,hour,3320,112.51,373548.91
P0053,303,Equipment,Compactor,hour,1833,88.81,162781.86
P0053,400,Fuel,Diesel,gallon,2664,3.94,10483.97
P0053,500,Subcontractor,Concrete Work,job,7,28496.95,199478.65
P0053,501,Subcontractor,Utility Work,job,2,22940.82,45881.65
P0054,100,Labor,General Labor,hour,6085,32.93,200383.56
P0054,101,Labor,Equipment Operators,hour,7049,39.34,277339.35
P0054,102,Labor,Supervisors,hour,855,57.47,49136.03
P0054,103,Labor,Skilled Labor,hour,3315,44.52,147592.71
P0054,200,Materials,Gravel,ton,2763,34.02,93989.79
P0054,201,Materials,Concrete,cubic_yard,2975,155.95,463957.92
P0054,202,Materials,Asphalt,ton,3026,94.44,285778.56
P0054,203,Materials,Topsoil,cubic_yard,3833,37.48,143676.73
P0054,300,Equipment,Excavator,hour,480,136.23,65389.3
P0054,301,Equipment,Bulldozer,hour,567,152.24,86318.97
P0054,302,Equipment,Loader,hour,3722,127.35,473997.46
P0054,303,Equipment,Compactor,hour,1816,101.13,183644.86
P0054,400,Fuel,Diesel,gallon,27178,4.12,112016.36
P0054,500,Subcontractor,Concrete Work,job,3,30068.03,90204.08
P0054,501,Subcontractor,Utility Work,job,3,22145.04,66435.11
P0055,100,Labor,General Labor,hour,6329,31.72,200727.64
P0055,101,Labor,Equipment Operators,hour,2509,40.68,102055.56
P0055,102,Labor,Supervisors,hour,10398,53.87,560152.71
P0055,103,Labor,Skilled Labor,hour,9490,45.42,431003.29
P0055,200,Materials,Gravel,ton,5336,34.55,184358.46
P0055,201,Materials,Concrete,cubic_yard,10425,140.74,1467232.7
P0055,202,Materials,Asphalt,ton,4663,85.88,400467.48
P0055,203,Materials,Topsoil,cubic_yard,1352,37.55,50770.16
P0055,300,Equipment,Excavator,hour,4939,143.02,706396.29
P0055,301,Equipment,Bulldozer,hour,2106,153.05,322330.62
P0055,302,Equipment,Loader,hour,5483,127.69,700102.31
P0055,303,Equipment,Compactor,hour,4617,99.65,460073.02
P0055,400,Fuel,Diesel,gallon,40513,3.71,150191.5
P0055,500,Subcontractor,Concrete Work,job,4,27764.8,111059.2
P0055,501,Subcontractor,Utility Work,job,2,23226.66,46453.31
P0056,100,Labor,General Labor,hour,5790,33.54,194197.24
P0056,101,Labor,Equipment Operators,hour,16158,42.78,691171.92
P0056,102,Labor,Supervisors,hour,10020,56.92,570331.34
P0056,103,Labor,Skilled Labor,hour,15783,49.79,785811.88
P0056,200,Materials,Gravel,ton,11463,35.24,403914.17
P0056,201,Materials,Concrete,cubic_yard,9968,153.1,1526079.02
P0056,202,Materials,Asphalt,ton,9751,96.36,939619.28
P0056,203,Materials,Topsoil,cubic_yard,9304,35.1,326602.4
P0056,300,Equipment,Excavator,hour,2097,128.63,269742.88
P0056,301,Equipment,Bulldozer,hour,7783,161.82,1259431.25
P0056,302,Equipment,Loader,hour,7796,113.04,881230.41
P0056,303,Equipment,Compactor,hour,6476,93.29,604121.04
P0056,400,Fuel,Diesel,gallon,52305,3.7,193388.36
P0056,500,Subcontractor,Concrete Work,job,7,27456.46,192195.22
P0056,501,Subcontractor,Utility Work,job,7,21128.45,147899.18
P0057,100,Labor,General Labor,hour,8319,32.63,271420.39
P0057,101,Labor,Equipment Operators,hour,1204,39.28,47288.61
P0057,102,Labor,Supervisors,hour,1300,56.95,74030.81
P0057,103,Labor,Skilled Labor,hour,7935,47.9,380072.6
P0057,200,Materials,Gravel,ton,2299,36.43,83751.41
P0057,201,Materials,Concrete,cubic_yard,6663,146.09,973410.07
P0057,202,Materials,Asphalt,ton,4572,95.67,437423.0
P0057,203,Materials,Topsoil,cubic_yard,3476,40.86,142030.29
P0057,300,Equipment,Excavator,hour,3509,127.74,448223.5
P0057,301,Equipment,Bulldozer,hour,1118,152.24,170203.35
P0057,302,Equipment,Loader,hour,747,120.47,89988.73
P0057,303,Equipment,Compactor,hour,3527,87.95,310187.94
P0057,400,Fuel,Diesel,gallon,10499,3.76,39443.74
P0057,500,Subcontractor,Concrete Work,job,1,26167.13,26167.13
P0057,501,Subcontractor,Utility Work,job,1,22130.53,22130.53
P0058,100,Labor,General Labor,hour,7263,32.9,238966.69
P0058,101,Labor,Equipment Operators,hour,1296,41.06,53208.06
P0058,102,Labor,Supervisors,hour,2965,52.54,155780.67
P0058,103,Labor,Skilled Labor,hour,1170,49.65,58087.97
P0058,200,Materials,Gravel,ton,2635,34.1,89862.66
P0058,201,Materials,Concrete,cubic_yard,1928,150.65,290456.24
P0058,202,Materials,Asphalt,ton,2326,88.45,205730.37
P0058,203,Materials,Topsoil,cubic_yard,163,36.68,5979.16
P0058,300,Equipment,Excavator,hour,1610,138.81,223487.0
P0058,301,Equipment,Bulldozer,hour,2524,151.06,381276.71
P0058,302,Equipment,Loader,hour,764,122.63,93687.01
P0058,303,Equipment,Compactor,hour,1970,97.46,192004.28
P0058,400,Fuel,Diesel,gallon,14039,3.75,52663.81
P0058,500,Subcontractor,Concrete Work,job,2,26553.92,53107.85
P0058,501,Subcontractor,Utility Work,job,2,23439.9,46879.8
P0059,100,Labor,General Labor,hour,8963,32.26,289142.22
P0059,101,Labor,Equipment Operators,hour,9420,40.38,380345.67
P0059,102,Labor,Supervisors,hour,4928,51.36,253118.78
P0059,103,Labor,Skilled Labor,hour,10315,49.25,508015.76
P0059,200,Materials,Gravel,ton,5710,34.13,194901.05
P0059,201,Materials,Concrete,cubic_yard,17387,140.03,2434728.07
P0059,202,Materials,Asphalt,ton,8028,96.68,776129.75
P0059,203,Materials,Topsoil,cubic_yard,11032,36.52,402841.26
P0059,300,Equipment,Excavator,hour,5520,139.26,768742.1
P0059,301,Equipment,Bulldozer,hour,6569,147.3,967620.12
P0059,302,Equipment,Loader,hour,4114,118.25,486471.78
P0059,303,Equipment,Compactor,hour,1642,88.4,145147.55
P0059,400,Fuel,Diesel,gallon,58451,3.78,221005.8
P0059,500,Subcontractor,Concrete Work,job,9,27527.59,247748.3
P0059,501,Subcontractor,Utility Work,job,8,20386.59,163092.7
P0060,100,Labor,General Labor,hour,1427,33.92,48400.0
P0060,101,Labor,Equipment Operators,hour,1943,38.76,75307.91
P0060,102,Labor,Supervisors,hour,919,56.6,52014.65
P0060,103,Labor,Skilled Labor,hour,1184,46.34,54863.78
P0060,200,Materials,Gravel,ton,929,34.6,32142.13
P0060,201,Materials,Concrete,cubic_yard,2006,139.6,280034.06
P0060,202,Materials,Asphalt,ton,1271,91.1,115784.53
P0060,203,Materials,Topsoil,cubic_yard,647,37.81,24462.49
P0060,300,Equipment,Excavator,hour,71,136.07,9661.2
P0060,301,Equipment,Bulldozer,hour,63,152.93,9634.75
P0060,302,Equipment,Loader,hour,263,127.46,33521.94
P0060,303,Equipment,Compactor,hour,998,97.12,96923.06
P0060,400,Fuel,Diesel,gallon,4622,4.0,18499.65
P0060,500,Subcontractor,Concrete Work,job,1,28391.32,28391.32
P0060,501,Subcontractor,Utility Work,job,1,23461.39,23461.39
P0061,100,Labor,General Labor,hour,7906,29.77,235363.55
P0061,101,Labor,Equipment Operators,hour,7000,42.74,299208.82
P0061,102,Labor,Supervisors,hour,10177,51.04,519421.95
P0061,103,Labor,Skilled Labor,hour,1399,46.56,65139.73
P0061,200,Materials,Gravel,ton,6915,34.54,238829.74
P0061,201,Materials,Concrete,cubic_yard,11611,153.4,1781076.59
P0061,202,Materials,Asphalt,ton,1755,86.21,151295.8
P0061,203,Materials,Topsoil,cubic_yard,12299,36.1,444025.75
P0061,300,Equipment,Excavator,hour,3960,132.09,523072.14
P0061,301,Equipment,Bulldozer,hour,5912,163.04,963903.39
P0061,302,Equipment,Loader,hour,5022,120.17,603477.33
P0061,303,Equipment,Compactor,hour,3781,99.7,376978.17
P0061,400,Fuel,Diesel,gallon,5270,3.86,20346.63
P0061,500,Subcontractor,Concrete Work,job,6,27496.56,164979.35
P0061,501,Subcontractor,Utility Work,job,3,20613.44,61840.33
P0062,100,Labor,General Labor,hour,9893,33.12,327678.94
P0062,101,Labor,Equipment Operators,hour,13359,40.72,544009.17
P0062,102,Labor,Supervisors,hour,7648,54.0,412974.2
P0062,103,Labor,Skilled Labor,hour,8721,49.81,434379.7
P0062,200,Materials,Gravel,ton,3781,36.03,136222.61
P0062,201,Materials,Concrete,cubic_yard,11279,140.71,1587032.99
P0062,202,Materials,Asphalt,ton,6869,95.43,655490.68
P0062,203,Materials,Topsoil,cubic_yard,7647,36.06,275737.6
P0062,300,Equipment,Excavator,hour,350,144.43,50551.16
P0062,301,Equipment,Bulldozer,hour,5265,155.26,817469.9
P0062,302,Equipment,Loader,hour,3944,112.54,443871.21
P0062,303,Equipment,Compactor,hour,3930,97.74,384136.34
P0062,400,Fuel,Diesel,gallon,48634,3.76,182934.7
P0062,500,Subcontractor,Concrete Work,job,8,26072.21,208577.71
P0062,501,Subcontractor,Utility Work,job,4,22897.81,91591.25
P0063,100,Labor,General Labor,hour,18582,33.87,629447.39
P0063,101,Labor,Equipment Operators,hour,13294,43.05,572300.36
P0063,102,Labor,Supervisors,hour,19582,56.36,1103560.89
P0063,103,Labor,Skilled Labor,hour,13694,47.1,644978.64
P0063,200,Materials,Gravel,ton,12230,31.31,382867.92
P0063,201,Materials,Concrete,cubic_yard,3669,149.89,549956.49
P0063,202,Materials,Asphalt,ton,20354,86.01,1750658.48
P0063,203,Materials,Topsoil,cubic_yard,9512,36.74,349473.75
P0063,300,Equipment,Excavator,hour,10848,144.35,1565957.37
P0063,301,Equipment,Bulldozer,hour,10138,163.69,1659495.82
P0063,302,Equipment,Loader,hour,9569,116.02,1110159.86
P0063,303,Equipment,Compactor,hour,1869,97.62,182449.34
P0063,400,Fuel,Diesel,gallon,32149,3.83,123230.55
P0063,500,Subcontractor,Concrete Work,job,10,27322.45,273224.5
P0063,501,Subcontractor,Utility Work,job,9,23129.36,208164.22
P0064,100,Labor,General Labor,hour,1204,32.97,39699.41
P0064,101,Labor,Equipment Operators,hour,533,43.18,23016.01
P0064,102,Labor,Supervisors,hour,332,50.92,16905.62
P0064,103,Labor,Skilled Labor,hour,1056,50.76,53597.51
P0064,200,Materials,Gravel,ton,2058,34.64,71280.59
P0064,201,Materials,Concrete,cubic_yard,765,148.16,113341.1
P0064,202,Materials,Asphalt,ton,1670,92.08,153781.91
P0064,203,Materials,Topsoil,cubic_yard,1936,39.73,76922.78
P0064,300,Equipment,Excavator,hour,1166,130.74,152440.36
P0064,301,Equipment,Bulldozer,hour,1244,153.89,191435.53
P0064,302,Equipment,Loader,hour,76,115.85,8804.44
P0064,303,Equipment,Compactor,hour,508,93.3,47395.94
P0064,400,Fuel,Diesel,gallon,700,3.55,2487.79
P0064,500,Subcontractor,Concrete Work,job,1,29886.81,29886.81
P0064,501,Subcontractor,Utility Work,job,1,21672.02,21672.02
P0065,100,Labor,General Labor,hour,4772,29.63,141415.53
P0065,101,Labor,Equipment Operators,hour,6822,38.93,265581.17
P0065,102,Labor,Supervisors,hour,9266,53.02,491318.37
P0065,103,Labor,Skilled Labor,hour,9386,48.22,452549.79
P0065,200,Materials,Gravel,ton,1655,35.02,57966.21
P0065,201,Materials,Concrete,cubic_yard,4579,133.65,611985.74
P0065,202,Materials,Asphalt,ton,6754,96.18,649630.78
P0065,203,Materials,Topsoil,cubic_yard,1189,37.87,45028.03
P0065,300,Equipment,Excavator,hour,3847,135.59,521600.81
P0065,301,Equipment,Bulldozer,hour,4506,154.3,695263.39
P0065,302,Equipment,Loader,hour,4312,127.51,549827.67
P0065,303,Equipment,Compactor,hour,4503,91.04,409938.42
P0065,400,Fuel,Diesel,gallon,28687,3.74,107236.78
P0065,500,Subcontractor,Concrete Work,job,1,29633.15,29633.15
P0065,501,Subcontractor,Utility Work,job,5,20704.76,103523.82
P0066,100,Labor,General Labor,hour,2613,31.21,81559.26
P0066,101,Labor,Equipment Operators,hour,3018,43.03,129850.92
P0066,102,Labor,Supervisors,hour,3073,51.79,159137.69
P0066,103,Labor,Skilled Labor,hour,1638,45.51,74545.41
P0066,200,Materials,Gravel,ton,409,35.4,14478.76
P0066,201,Materials,Concrete,cubic_yard,868,138.61,120313.29
P0066,202,Materials,Asphalt,ton,2010,97.52,196014.84
P0066,203,Materials,Topsoil,cubic_yard,1565,37.63,58885.88
P0066,300,Equipment,Excavator,hour,1416,143.04,202542.77
P0066,301,Equipment,Bulldozer,hour,218,145.26,31667.52
P0066,302,Equipment,Loader,hour,1523,118.82,180967.04
P0066,303,Equipment,Compactor,hour,917,92.62,84929.09
P0066,400,Fuel,Diesel,gallon,4993,3.63,18124.49
P0066,500,Subcontractor,Concrete Work,job,2,29252.4,58504.79
P0066,501,Subcontractor,Utility Work,job,1,20437.13,20437.13
P0067,100,Labor,General Labor,hour,3478,31.69,110231.51
P0067,101,Labor,Equipment Operators,hour,4060,40.35,163809.18
P0067,102,Labor,Supervisors,hour,7446,54.2,403553.68
P0067,103,Labor,Skilled Labor,hour,1281,47.6,60975.96
P0067,200,Materials,Gravel,ton,6849,36.68,251219.48
P0067,201,Materials,Concrete,cubic_yard,7384,153.27,1131770.83
P0067,202,Materials,Asphalt,ton,3157,98.8,311907.34
P0067,203,Materials,Topsoil,cubic_yard,5312,40.41,214638.91
P0067,300,Equipment,Excavator,hour,3608,137.82,497243.81
P0067,301,Equipment,Bulldozer,hour,486,148.97,72397.32
P0067,302,Equipment,Loader,hour,826,118.88,98197.77
P0067,303,Equipment,Compactor,hour,1551,100.59,156012.22
P0067,400,Fuel,Diesel,gallon,8823,4.04,35671.91
P0067,500,Subcontractor,Concrete Work,job,1,28341.19,28341.19
P0067,501,Subcontractor,Utility Work,job,4,21471.31,85885.23
P0068,100,Labor,General Labor,hour,6378,32.29,205946.97
P0068,101,Labor,Equipment Operators,hour,5943,43.38,257832.63
P0068,102,Labor,Supervisors,hour,3598,52.31,188218.66
P0068,103,Labor,Skilled Labor,hour,4492,44.97,202013.24
P0068,200,Materials,Gravel,ton,3462,32.9,113910.04
P0068,201,Materials,Concrete,cubic_yard,2121,149.26,316571.3
P0068,202,Materials,Asphalt,ton,6736,93.17,627621.16
P0068,203,Materials,Topsoil,cubic_yard,349,37.08,12940.75
P0068,300,Equipment,Excavator,hour,2989,141.75,423698.02
P0068,301,Equipment,Bulldozer,hour,1313,158.12,207617.34
P0068,302,Equipment,Loader,hour,2400,120.25,288606.87
P0068,303,Equipment,Compactor,hour,502,93.99,47184.7
P0068,400,Fuel,Diesel,gallon,22446,4.07,91449.41
P0068,500,Subcontractor,Concrete Work,job,3,27748.47,83245.42
P0068,501,Subcontractor,Utility Work,job,3,22095.56,66286.69
P0069,100,Labor,General Labor,hour,6918,31.65,218955.39
P0069,101,Labor,Equipment Operators,hour,22829,38.68,882947.68
P0069,102,Labor,Supervisors,hour,13196,57.23,755230.43
P0069,103,Labor,Skilled Labor,hour,20475,45.45,930626.86
P0069,200,Materials,Gravel,ton,12253,34.96,428398.62
P0069,201,Materials,Concrete,cubic_yard,25682,155.69,3998394.17
P0069,202,Materials,Asphalt,ton,23578,92.85,2189107.87
P0069,203,Materials,Topsoil,cubic_yard,18379,36.73,675093.83
P0069,300,Equipment,Excavator,hour,11218,127.23,1427238.92
P0069,301,Equipment,Bulldozer,hour,1537,160.37,246485.67
P0069,302,Equipment,Loader,hour,12521,127.37,1594777.62
P0069,303,Equipment,Compactor,hour,2655,91.53,243012.03
P0069,400,Fuel,Diesel,gallon,91211,4.13,376596.22
P0069,500,Subcontractor,Concrete Work,job,5,29309.91,146549.55
P0069,501,Subcontractor,Utility Work,job,13,22216.4,288813.23
P0070,100,Labor,General Labor,hour,19064,33.38,636367.15
P0070,101,Labor,Equipment Operators,hour,15274,43.91,670650.79
P0070,102,Labor,Supervisors,hour,19019,58.79,1118195.37
P0070,103,Labor,Skilled Labor,hour,17009,47.44,806962.13
P0070,200,Materials,Gravel,ton,3271,33.76,110433.88
P0070,201,Materials,Concrete,cubic_yard,6053,153.7,930331.67
P0070,202,Materials,Asphalt,ton,18998,91.4,1736341.86
P0070,203,Materials,Topsoil,cubic_yard,2432,38.44,93490.73
P0070,300,Equipment,Excavator,hour,2814,138.79,390566.07
P0070,301,Equipment,Bulldozer,hour,8182,143.31,1172550.63
P0070,302,Equipment,Loader,hour,4116,116.97,481435.49
P0070,303,Equipment,Compactor,hour,1286,101.86,130993.54
P0070,400,Fuel,Diesel,gallon,34871,3.68,128319.96
P0070,500,Subcontractor,Concrete Work,job,8,27422.56,219380.44
P0070,501,Subcontractor,Utility Work,job,6,21587.94,129527.64
P0071,100,Labor,General Labor,hour,1142,34.27,39140.06
P0071,101,Labor,Equipment Operators,hour,2053,44.09,90508.83
P0071,102,Labor,Supervisors,hour,855,52.15,44587.52
P0071,103,Labor,Skilled Labor,hour,1957,50.67,99160.95
P0071,200,Materials,Gravel,ton,1395,32.89,45880.54
P0071,201,Materials,Concrete,cubic_yard,133,148.21,19712.49
P0071,202,Materials,Asphalt,ton,470,94.6,44460.33
P0071,203,Materials,Topsoil,cubic_yard,1571,37.23,58483.76
P0071,300,Equipment,Excavator,hour,678,125.08,84807.33
P0071,301,Equipment,Bulldozer,hour,1114,143.75,160134.49
P0071,302,Equipment,Loader,hour,748,112.7,84300.98
P0071,303,Equipment,Compactor,hour,68,100.94,6863.59
P0071,400,Fuel,Diesel,gallon,2106,3.61,7602.38
P0071,500,Subcontractor,Concrete Work,job,1,29531.38,29531.38
P0071,501,Subcontractor,Utility Work,job,1,22797.27,22797.27
P0072,100,Labor,General Labor,hour,5321,31.09,165429.75
P0072,101,Labor,Equipment Operators,hour,19468,42.15,820629.74
P0072,102,Labor,Supervisors,hour,5281,55.7,294155.74
P0072,103,Labor,Skilled Labor,hour,7140,45.46,324591.29
P0072,200,Materials,Gravel,ton,15386,32.05,493119.38
P0072,201,Materials,Concrete,cubic_yard,9781,153.0,1496484.87
P0072,202,Materials,Asphalt,ton,2441,85.13,207811.59
P0072,203,Materials,Topsoil,cubic_yard,7313,35.0,255952.62
P0072,300,Equipment,Excavator,hour,3190,136.77,436290.84
P0072,301,Equipment,Bulldozer,hour,1826,158.47,289359.69
P0072,302,Equipment,Loader,hour,1503,121.29,182294.41
P0072,303,Equipment,Compactor,hour,7441,94.43,702674.87
P0072,400,Fuel,Diesel,gallon,72909,3.89,283568.04
P0072,500,Subcontractor,Concrete Work,job,3,28780.41,86341.22
P0072,501,Subcontractor,Utility Work,job,5,21805.54,109027.7
P0073,100,Labor,General Labor,hour,5146,31.72,163243.4
P0073,101,Labor,Equipment Operators,hour,14515,43.14,626181.11
P0073,102,Labor,Supervisors,hour,2697,51.31,138389.43
P0073,103,Labor,Skilled Labor,hour,19300,50.61,976855.5
P0073,200,Materials,Gravel,ton,20531,32.9,675554.09
P0073,201,Materials,Concrete,cubic_yard,15217,150.79,2294582.19
P0073,202,Materials,Asphalt,ton,7216,94.04,678578.63
P0073,203,Materials,Topsoil,cubic_yard,20403,38.0,775350.95
P0073,300,Equipment,Excavator,hour,11407,137.24,1565466.51
P0073,301,Equipment,Bulldozer,hour,10276,159.49,1638885.81
P0073,302,Equipment,Loader,hour,5673,123.27,699335.54
P0073,303,Equipment,Compactor,hour,10145,91.04,923562.18
P0073,400,Fuel,Diesel,gallon,46420,3.77,174785.5
P0073,500,Subcontractor,Concrete Work,job,2,28587.03,57174.07
P0073,501,Subcontractor,Utility Work,job,8,23248.69,185989.5
P0074,100,Labor,General Labor,hour,4163,31.51,131195.7
P0074,101,Labor,Equipment Operators,hour,5286,43.09,227762.23
P0074,102,Labor,Supervisors,hour,2875,57.02,163943.83
P0074,103,Labor,Skilled Labor,hour,2808,50.81,142686.17
P0074,200,Materials,Gravel,ton,5997,32.64,195744.77
P0074,201,Materials,Concrete,cubic_yard,5324,142.86,760601.95
P0074,202,Materials,Asphalt,ton,2793,84.85,236996.28
P0074,203,Materials,Topsoil,cubic_yard,1831,37.57,68799.34
P0074,300,Equipment,Excavator,hour,3608,140.38,506497.57
P0074,301,Equipment,Bulldozer,hour,252,153.41,38658.37
P0074,302,Equipment,Loader,hour,3476,112.2,390012.0
P0074,303,Equipment,Compactor,hour,3411,93.23,318019.9
P0074,400,Fuel,Diesel,gallon,30655,3.71,113777.43
P0074,500,Subcontractor,Concrete Work,job,4,30162.41,120649.63
P0074,501,Subcontractor,Utility Work,job,2,22991.54,45983.08
P0075,100,Labor,General Labor,hour,5961,30.94,184413.02
P0075,101,Labor,Equipment Operators,hour,7699,43.21,332656.52
P0075,102,Labor,Supervisors,hour,8274,56.26,465523.96
P0075,103,Labor,Skilled Labor,hour,2107,46.59,98158.63
P0075,200,Materials,Gravel,ton,10013,31.8,318383.55
P0075,201,Materials,Concrete,cubic_yard,15396,134.27,2067168.39
P0075,202,Materials,Asphalt,ton,15717,97.72,1535924.36
P0075,203,Materials,Topsoil,cubic_yard,3548,35.84,127168.27
P0075,300,Equipment,Excavator,hour,2928,127.9,374497.65
P0075,301,Equipment,Bulldozer,hour,6561,165.26,1084279.86
P0075,302,Equipment,Loader,hour,2289,129.25,295859.16
P0075,303,Equipment,Compactor,hour,7387,90.96,671898.48
P0075,400,Fuel,Diesel,gallon,5296,4.11,21743.01
P0075,500,Subcontractor,Concrete Work,job,3,29365.17,88095.52
P0075,501,Subcontractor,Utility Work,job,3,21939.49,65818.47
P0076,100,Labor,General Labor,hour,3718,30.14,112065.54
P0076,101,Labor,Equipment Operators,hour,3237,45.1,145984.54
P0076,102,Labor,Supervisors,hour,3938,57.07,224748.91
P0076,103,Labor,Skilled Labor,hour,837,50.47,42239.94
P0076,200,Materials,Gravel,ton,3641,35.87,130588.55
P0076,201,Materials,Concrete,cubic_yard,1685,152.04,256180.17
P0076,202,Materials,Asphalt,ton,1420,89.59,127221.65
P0076,203,Materials,Topsoil,cubic_yard,1229,35.02,43045.59
P0076,300,Equipment,Excavator,hour,2150,143.09,307637.81
P0076,301,Equipment,Bulldozer,hour,2196,155.83,342203.26
P0076,302,Equipment,Loader,hour,2391,112.36,268661.07
P0076,303,Equipment,Compactor,hour,1320,98.21,129633.26
P0076,400,Fuel,Diesel,gallon,19639,3.94,77454.85
P0076,500,Subcontractor,Concrete Work,job,2,27228.42,54456.83
P0076,501,Subcontractor,Utility Work,job,1,23541.95,23541.95
P0077,100,Labor,General Labor,hour,2682,30.51,81832.45
P0077,101,Labor,Equipment Operators,hour,519,40.87,21209.31
P0077,102,Labor,Supervisors,hour,1854,58.79,109002.28
P0077,103,Labor,Skilled Labor,hour,2447,51.02,124840.97
P0077,200,Materials,Gravel,ton,2730,32.53,88805.76
P0077,201,Materials,Concrete,cubic_yard,1823,136.52,248876.27
P0077,202,Materials,Asphalt,ton,2410,86.31,208007.49
P0077,203,Materials,Topsoil,cubic_yard,1275,40.76,51972.48
P0077,300,Equipment,Excavator,hour,367,137.74,50549.05
P0077,301,Equipment,Bulldozer,hour,92,154.57,14220.59
P0077,302,Equipment,Loader,hour,1334,121.82,162512.02
P0077,303,Equipment,Compactor,hour,467,100.15,46770.56
P0077,400,Fuel,Diesel,gallon,7462,3.83,28615.15
P0077,500,Subcontractor,Concrete Work,job,1,28855.46,28855.46
P0077,501,Subcontractor,Utility Work,job,1,20367.45,20367.45
P0078,100,Labor,General Labor,hour,8300,33.44,277552.3
P0078,101,Labor,Equipment Operators,hour,6135,44.66,273981.66
P0078,102,Labor,Supervisors,hour,19549,51.71,1010888.89
P0078,103,Labor,Skilled Labor,hour,12006,49.7,596755.63
P0078,200,Materials,Gravel,ton,21852,34.65,757155.51
P0078,201,Materials,Concrete,cubic_yard,14749,154.51,2278804.02
P0078,202,Materials,Asphalt,ton,1667,97.42,162401.36
P0078,203,Materials,Topsoil,cubic_yard,7708,36.97,284951.43
P0078,300,Equipment,Excavator,hour,1721,129.18,222325.42
P0078,301,Equipment,Bulldozer,hour,7765,156.66,1216479.7
P0078,302,Equipment,Loader,hour,8637,118.76,1025699.28
P0078,303,Equipment,Compactor,hour,9060,102.31,926937.59
P0078,400,Fuel,Diesel,gallon,35305,3.61,127358.31
P0078,500,Subcontractor,Concrete Work,job,5,26513.81,132569.03
P0078,501,Subcontractor,Utility Work,job,5,20630.84,103154.21
P0079,100,Labor,General Labor,hour,1248,29.69,37055.19
P0079,101,Labor,Equipment Operators,hour,4935,41.69,205720.01
P0079,102,Labor,Supervisors,hour,890,54.04,48094.38
P0079,103,Labor,Skilled Labor,hour,1849,46.06,85162.23
P0079,200,Materials,Gravel,ton,1472,33.99,50029.49
P0079,201,Materials,Concrete,cubic_yard,3992,144.54,576999.4
P0079,202,Materials,Asphalt,ton,5786,94.2,545021.8
P0079,203,Materials,Topsoil,cubic_yard,4018,36.05,144849.39
P0079,300,Equipment,Excavator,hour,529,143.71,76023.28
P0079,301,Equipment,Bulldozer,hour,1497,162.06,242598.59
P0079,302,Equipment,Loader,hour,2727,128.76,351122.39
P0079,303,Equipment,Compactor,hour,882,89.3,78758.54
P0079,400,Fuel,Diesel,gallon,16567,4.15,68741.92
P0079,500,Subcontractor,Concrete Work,job,1,26529.99,26529.99
P0079,501,Subcontractor,Utility Work,job,1,22153.26,22153.26
P0080,100,Labor,General Labor,hour,19195,32.3,620001.31
P0080,101,Labor,Equipment Operators,hour,15947,41.32,658886.2
P0080,102,Labor,Supervisors,hour,16928,55.67,942329.45
P0080,103,Labor,Skilled Labor,hour,2908,50.92,148066.47
P0080,200,Materials,Gravel,ton,3037,33.65,102205.62
P0080,201,Materials,Concrete,cubic_yard,20071,152.73,3065531.36
P0080,202,Materials,Asphalt,ton,14053,99.36,1396245.6
P0080,203,Materials,Topsoil,cubic_yard,17206,40.84,702772.24
P0080,300,Equipment,Excavator,hour,6500,139.09,904069.86
P0080,301,Equipment,Bulldozer,hour,4212,149.48,629602.18
P0080,302,Equipment,Loader,hour,4591,121.67,558600.51
P0080,303,Equipment,Compactor,hour,8946,98.09,877486.55
P0080,400,Fuel,Diesel,gallon,81441,4.14,337104.42
P0080,500,Subcontractor,Concrete Work,job,5,29376.31,146881.53
P0080,501,Subcontractor,Utility Work,job,12,21494.41,257932.93
P0081,100,Labor,General Labor,hour,1631,29.45,48029.87
P0081,101,Labor,Equipment Operators,hour,9793,44.61,436821.74
P0081,102,Labor,Supervisors,hour,4495,54.76,246163.82
P0081,103,Labor,Skilled Labor,hour,8214,46.22,379658.06
P0081,200,Materials,Gravel,ton,2123,33.1,70262.71
P0081,201,Materials,Concrete,cubic_yard,7678,134.63,1033694.24
P0081,202,Materials,Asphalt,ton,2817,99.14,279273.38
P0081,203,Materials,Topsoil,cubic_yard,9169,38.83,356015.86
P0081,300,Equipment,Excavator,hour,4335,128.6,557487.77
P0081,301,Equipment,Bulldozer,hour,2813,158.44,445692.87
P0081,302,Equipment,Loader,hour,3199,128.91,412382.58
P0081,303,Equipment,Compactor,hour,461,101.2,46652.65
P0081,400,Fuel,Diesel,gallon,32363,3.64,117732.68
P0081,500,Subcontractor,Concrete Work,job,3,27177.93,81533.78
P0081,501,Subcontractor,Utility Work,job,1,23528.57,23528.57
P0082,100,Labor,General Labor,hour,18166,33.88,615491.01
P0082,101,Labor,Equipment Operators,hour,4323,38.79,167687.75
P0082,102,Labor,Supervisors,hour,17922,56.45,1011751.7
P0082,103,Labor,Skilled Labor,hour,8136,51.6,419783.73
P0082,200,Materials,Gravel,ton,16497,31.54,520369.38
P0082,201,Materials,Concrete,cubic_yard,5337,141.67,756094.17
P0082,202,Materials,Asphalt,ton,12816,86.23,1105081.41
P0082,203,Materials,Topsoil,cubic_yard,7746,38.74,300089.64
P0082,300,Equipment,Excavator,hour,4127,136.66,564006.11
P0082,301,Equipment,Bulldozer,hour,9185,160.81,1477002.13
P0082,302,Equipment,Loader,hour,8296,121.82,1010625.26
P0082,303,Equipment,Compactor,hour,8170,89.16,728403.47
P0082,400,Fuel,Diesel,gallon,8640,3.64,31491.99
P0082,500,Subcontractor,Concrete Work,job,4,26911.32,107645.29
P0082,501,Subcontractor,Utility Work,job,7,23028.0,161195.98
P0083,100,Labor,General Labor,hour,6265,30.47,190923.78
P0083,101,Labor,Equipment Operators,hour,4559,40.53,184759.72
P0083,102,Labor,Supervisors,hour,11339,53.19,603085.81
P0083,103,Labor,Skilled Labor,hour,3194,44.3,141504.44
P0083,200,Materials,Gravel,ton,13109,34.21,448410.15
P0083,201,Materials,Concrete,cubic_yard,9965,148.61,1480863.97
P0083,202,Materials,Asphalt,ton,6206,90.57,562064.48
P0083,203,Materials,Topsoil,cubic_yard,13521,40.31,544987.35
P0083,300,Equipment,Excavator,hour,4158,127.54,530328.04
P0083,301,Equipment,Bulldozer,hour,4814,164.99,794268.31
P0083,302,Equipment,Loader,hour,1129,126.61,142948.12
P0083,303,Equipment,Compactor,hour,3039,91.35,277600.74
P0083,400,Fuel,Diesel,gallon,58863,3.88,228165.32
P0083,500,Subcontractor,Concrete Work,job,8,28021.84,224174.71
P0083,501,Subcontractor,Utility Work,job,4,22164.12,88656.49
P0084,100,Labor,General Labor,hour,22893,32.45,742959.37
P0084,101,Labor,Equipment Operators,hour,23632,42.0,992472.4
P0084,102,Labor,Supervisors,hour,22227,54.07,1201908.28
P0084,103,Labor,Skilled Labor,hour,2631,51.06,134346.5
P0084,200,Materials,Gravel,ton,1102,31.63,34851.89
P0084,201,Materials,Concrete,cubic_yard,1312,137.35,180206.51
P0084,202,Materials,Asphalt,ton,10065,97.95,985894.82
P0084,203,Materials,Topsoil,cubic_yard,10491,38.9,408131.84
P0084,300,Equipment,Excavator,hour,778,141.28,109915.2
P0084,301,Equipment,Bulldozer,hour,4914,144.17,708433.6
P0084,302,Equipment,Loader,hour,4604,122.45,563751.14
P0084,303,Equipment,Compactor,hour,11143,100.53,1120160.18
P0084,400,Fuel,Diesel,gallon,52012,3.98,207205.77
P0084,500,Subcontractor,Concrete Work,job,2,25901.66,51803.32
P0084,501,Subcontractor,Utility Work,job,10,23557.96,235579.62
P0085,100,Labor,General Labor,hour,1751,32.81,57442.38
P0085,101,Labor,Equipment Operators,hour,3349,45.21,151402.58
P0085,102,Labor,Supervisors,hour,1250,54.35,67937.27
P0085,103,Labor,Skilled Labor,hour,1856,49.8,92424.5
P0085,200,Materials,Gravel,ton,2941,36.35,106898.63
P0085,201,Materials,Concrete,cubic_yard,4682,152.7,714962.93
P0085,202,Materials,Asphalt,ton,4461,90.79,405003.69
P0085,203,Materials,Topsoil,cubic_yard,1606,36.47,58576.42
P0085,300,Equipment,Excavator,hour,2729,142.48,388836.11
P0085,301,Equipment,Bulldozer,hour,2146,151.01,324070.21
P0085,302,Equipment,Loader,hour,1130,125.99,142368.75
P0085,303,Equipment,Compactor,hour,1420,87.64,124455.68
P0085,400,Fuel,Diesel,gallon,8970,4.14,37101.78
P0085,500,Subcontractor,Concrete Work,job,1,25863.7,25863.7
P0085,501,Subcontractor,Utility Work,job,3,21974.21,65922.64
P0086,100,Labor,General Labor,hour,12237,30.88,377925.51
P0086,101,Labor,Equipment Operators,hour,11016,42.71,470470.33
P0086,102,Labor,Supervisors,hour,5742,51.36,294913.27
P0086,103,Labor,Skilled Labor,hour,4928,48.98,241362.57
P0086,200,Materials,Gravel,ton,6259,34.19,213972.08
P0086,201,Materials,Concrete,cubic_yard,10424,133.59,1392560.45
P0086,202,Materials,Asphalt,ton,4825,96.39,465084.54
P0086,203,Materials,Topsoil,cubic_yard,8949,35.01,313312.21
P0086,300,Equipment,Excavator,hour,4183,145.63,609180.44
P0086,301,Equipment,Bulldozer,hour,4067,146.18,594495.2
P0086,302,Equipment,Loader,hour,3488,122.07,425789.88
P0086,303,Equipment,Compactor,hour,6627,99.32,658164.33
P0086,400,Fuel,Diesel,gallon,15159,3.82,57914.34
P0086,500,Subcontractor,Concrete Work,job,3,26200.99,78602.96
P0086,501,Subcontractor,Utility Work,job,7,23460.55,164223.87
P0087,100,Labor,General Labor,hour,23456,34.12,800330.0
P0087,101,Labor,Equipment Operators,hour,11409,39.88,455005.49
P0087,102,Labor,Supervisors,hour,9148,55.87,511074.67
P0087,103,Labor,Skilled Labor,hour,6018,46.76,281400.99
P0087,200,Materials,Gravel,ton,21716,35.02,760479.48
P0087,201,Materials,Concrete,cubic_yard,5260,134.05,705082.56
P0087,202,Materials,Asphalt,ton,3186,97.33,310093.93
P0087,203,Materials,Topsoil,cubic_yard,18056,35.0,631888.56
P0087,300,Equipment,Excavator,hour,1788,133.29,238324.22
P0087,301,Equipment,Bulldozer,hour,2256,162.36,366293.87
P0087,302,Equipment,Loader,hour,9506,128.92,1225477.03
P0087,303,Equipment,Compactor,hour,3669,90.67,332667.62
P0087,400,Fuel,Diesel,gallon,31206,3.79,118193.24
P0087,500,Subcontractor,Concrete Work,job,12,25879.18,310550.15
P0087,501,Subcontractor,Utility Work,job,11,20915.96,230075.54
P0088,100,Labor,General Labor,hour,14773,33.55,495702.28
P0088,101,Labor,Equipment Operators,hour,11012,43.2,475707.14
P0088,102,Labor,Supervisors,hour,4656,56.71,264022.39
P0088,103,Labor,Skilled Labor,hour,6226,49.99,311266.75
P0088,200,Materials,Gravel,ton,7150,35.1,250954.94
P0088,201,Materials,Concrete,cubic_yard,8696,148.3,1289632.59
P0088,202,Materials,Asphalt,ton,2124,98.65,209532.58
P0088,203,Materials,Topsoil,cubic_yard,1229,35.21,43273.91
P0088,300,Equipment,Excavator,hour,5342,135.69,724877.71
P0088,301,Equipment,Bulldozer,hour,8500,144.83,1231095.95
P0088,302,Equipment,Loader,hour,2971,123.53,367009.87
P0088,303,Equipment,Compactor,hour,1271,100.66,127942.83
P0088,400,Fuel,Diesel,gallon,12507,3.57,44619.52
P0088,500,Subcontractor,Concrete Work,job,1,28092.16,28092.16
P0088,501,Subcontractor,Utility Work,job,7,23705.95,165941.64
P0089,100,Labor,General Labor,hour,13180,32.84,432813.38
P0089,101,Labor,Equipment Operators,hour,27520,44.87,1234910.8
P0089,102,Labor,Supervisors,hour,20519,53.2,1091643.99
P0089,103,Labor,Skilled Labor,hour,7215,50.49,364310.98
P0089,200,Materials,Gravel,ton,23859,32.73,780864.75
P0089,201,Materials,Concrete,cubic_yard,23273,150.07,3492532.03
P0089,202,Materials,Asphalt,ton,22148,95.65,2118384.95
P0089,203,Materials,Topsoil,cubic_yard,23760,39.84,946573.59
P0089,300,Equipment,Excavator,hour,1913,137.19,262445.37
P0089,301,Equipment,Bulldozer,hour,12677,162.79,2063747.96
P0089,302,Equipment,Loader,hour,2659,112.79,299921.73
P0089,303,Equipment,Compactor,hour,11197,93.98,1052278.2
P0089,400,Fuel,Diesel,gallon,90127,3.69,332493.4
P0089,500,Subcontractor,Concrete Work,job,7,28644.64,200512.51
P0089,501,Subcontractor,Utility Work,job,7,23338.47,163369.31
P0090,100,Labor,General Labor,hour,1856,32.97,61190.5
P0090,101,Labor,Equipment Operators,hour,2134,43.2,92198.49
P0090,102,Labor,Supervisors,hour,1563,57.58,89999.14
P0090,103,Labor,Skilled Labor,hour,1885,44.4,83695.62
P0090,200,Materials,Gravel,ton,1534,31.62,48509.01
P0090,201,Materials,Concrete,cubic_yard,1900,152.38,289531.33
P0090,202,Materials,Asphalt,ton,670,89.32,59847.56
P0090,203,Materials,Topsoil,cubic_yard,2768,36.99,102382.11
P0090,300,Equipment,Excavator,hour,820,131.73,108016.79
P0090,301,Equipment,Bulldozer,hour,102,161.71,16494.62
P0090,302,Equipment,Loader,hour,898,128.35,115254.1
P0090,303,Equipment,Compactor,hour,297,90.15,26775.78
P0090,400,Fuel,Diesel,gallon,3146,3.73,11745.5
P0090,500,Subcontractor,Concrete Work,job,1,29537.44,29537.44
P0090,501,Subcontractor,Utility Work,job,1,20778.71,20778.71
P0091,100,Labor,General Labor,hour,534,33.92,18113.85
P0091,101,Labor,Equipment Operators,hour,1827,44.87,81974.09
P0091,102,Labor,Supervisors,hour,2041,50.63,103342.27
P0091,103,Labor,Skilled Labor,hour,1266,46.06,58307.75
P0091,200,Materials,Gravel,ton,1012,32.87,33259.51
P0091,201,Materials,Concrete,cubic_yard,1326,143.8,190681.6
P0091,202,Materials,Asphalt,ton,186,96.38,17926.58
P0091,203,Materials,Topsoil,cubic_yard,360,37.48,13492.82
P0091,300,Equipment,Excavator,hour,217,129.32,28062.17
P0091,301,Equipment,Bulldozer,hour,691,163.25,112804.85
P0091,302,Equipment,Loader,hour,310,125.9,39028.41
P0091,303,Equipment,Compactor,hour,977,94.01,91844.64
P0091,400,Fuel,Diesel,gallon,7970,3.89,31011.3
P0091,500,Subcontractor,Concrete Work,job,1,29157.67,29157.67
P0091,501,Subcontractor,Utility Work,job,1,23748.29,23748.29
P0092,100,Labor,General Labor,hour,17744,34.23,607309.17
P0092,101,Labor,Equipment Operators,hour,11073,42.85,474477.87
P0092,102,Labor,Supervisors,hour,13108,54.51,714573.29
P0092,103,Labor,Skilled Labor,hour,12486,44.84,559866.99
P0092,200,Materials,Gravel,ton,7526,31.63,238037.0
P0092,201,Materials,Concrete,cubic_yard,18782,142.62,2678614.04
P0092,202,Materials,Asphalt,ton,11994,97.95,1174808.64
P0092,203,Materials,Topsoil,cubic_yard,20176,37.12,749004.61
P0092,300,Equipment,Excavator,hour,10524,134.19,1412184.14
P0092,301,Equipment,Bulldozer,hour,2245,165.03,370501.8
P0092,302,Equipment,Loader,hour,5837,113.05,659843.95
P0092,303,Equipment,Compactor,hour,6451,97.97,631992.64
P0092,400,Fuel,Diesel,gallon,42412,3.78,160227.11
P0092,500,Subcontractor,Concrete Work,job,5,27535.14,137675.68
P0092,501,Subcontractor,Utility Work,job,10,21280.52,212805.2
P0093,100,Labor,General Labor,hour,4328,33.2,143703.96
P0093,101,Labor,Equipment Operators,hour,12214,38.98,476055.81
P0093,102,Labor,Supervisors,hour,5306,56.01,297210.33
P0093,103,Labor,Skilled Labor,hour,2843,50.13,142533.58
P0093,200,Materials,Gravel,ton,15287,31.59,482894.26
P0093,201,Materials,Concrete,cubic_yard,11923,147.66,1760546.29
P0093,202,Materials,Asphalt,ton,11108,89.63,995632.32
P0093,203,Materials,Topsoil,cubic_yard,1859,38.81,72153.94
P0093,300,Equipment,Excavator,hour,1355,135.57,183701.17
P0093,301,Equipment,Bulldozer,hour,418,150.34,62842.45
P0093,302,Equipment,Loader,hour,762,121.86,92853.74
P0093,303,Equipment,Compactor,hour,802,92.04,73816.84
P0093,400,Fuel,Diesel,gallon,12206,4.06,49505.35
P0093,500,Subcontractor,Concrete Work,job,4,30169.19,120676.75
P0093,501,Subcontractor,Utility Work,job,5,20449.48,102247.42
P0094,100,Labor,General Labor,hour,9950,34.56,343846.34
P0094,101,Labor,Equipment Operators,hour,3551,39.64,140758.37
P0094,102,Labor,Supervisors,hour,2326,59.16,137594.68
P0094,103,Labor,Skilled Labor,hour,3165,45.32,143434.74
P0094,200,Materials,Gravel,ton,6427,33.21,213448.21
P0094,201,Materials,Concrete,cubic_yard,4561,156.37,713213.05
P0094,202,Materials,Asphalt,ton,6548,91.38,598333.61
P0094,203,Materials,Topsoil,cubic_yard,4246,40.04,170004.16
P0094,300,Equipment,Excavator,hour,1445,131.02,189325.61
P0094,301,Equipment,Bulldozer,hour,821,151.87,124682.1
P0094,302,Equipment,Loader,hour,340,124.86,42451.46
P0094,303,Equipment,Compactor,hour,3257,95.05,309576.58
P0094,400,Fuel,Diesel,gallon,12067,4.05,48925.72
P0094,500,Subcontractor,Concrete Work,job,1,27841.97,27841.97
P0094,501,Subcontractor,Utility Work,job,7,20871.65,146101.53
P0095,100,Labor,General Labor,hour,3327,34.35,114274.98
P0095,101,Labor,Equipment Operators,hour,6352,40.27,255812.5
P0095,102,Labor,Supervisors,hour,7035,54.92,386346.01
P0095,103,Labor,Skilled Labor,hour,9137,47.73,436085.75
P0095,200,Materials,Gravel,ton,15724,36.52,574301.08
P0095,201,Materials,Concrete,cubic_yard,867,147.42,127809.22
P0095,202,Materials,Asphalt,ton,1880,87.74,164945.35
P0095,203,Materials,Topsoil,cubic_yard,1353,37.36,50541.92
P0095,300,Equipment,Excavator,hour,1435,139.41,200046.39
P0095,301,Equipment,Bulldozer,hour,2980,158.53,472433.67
P0095,302,Equipment,Loader,hour,9484,126.5,1199754.33
P0095,303,Equipment,Compactor,hour,7719,87.56,675895.08
P0095,400,Fuel,Diesel,gallon,29598,4.08,120731.05
P0095,500,Subcontractor,Concrete Work,job,5,28954.32,144771.58
P0095,501,Subcontractor,Utility Work,job,11,21667.02,238337.24
P0096,100,Labor,General Labor,hour,1189,31.77,37774.15
P0096,101,Labor,Equipment Operators,hour,642,43.52,27942.74
P0096,102,Labor,Supervisors,hour,648,54.91,35584.24
P0096,103,Labor,Skilled Labor,hour,1856,47.75,88625.37
P0096,200,Materials,Gravel,ton,1813,35.12,63677.36
P0096,201,Materials,Concrete,cubic_yard,1023,154.69,158252.02
P0096,202,Materials,Asphalt,ton,932,88.08,82088.45
P0096,203,Materials,Topsoil,cubic_yard,1945,36.64,71255.82
P0096,300,Equipment,Excavator,hour,862,141.3,121801.13
P0096,301,Equipment,Bulldozer,hour,561,146.62,82255.75
P0096,302,Equipment,Loader,hour,564,128.72,72600.62
P0096,303,Equipment,Compactor,hour,423,101.11,42770.49
P0096,400,Fuel,Diesel,gallon,3658,4.08,14917.92
P0096,500,Subcontractor,Concrete Work,job,1,27605.73,27605.73
P0096,501,Subcontractor,Utility Work,job,1,22653.69,22653.69
P0097,100,Labor,General Labor,hour,3769,32.07,120863.47
P0097,101,Labor,Equipment Operators,hour,12462,39.14,487784.19
P0097,102,Labor,Supervisors,hour,5500,50.69,278787.44
P0097,103,Labor,Skilled Labor,hour,6437,50.05,322184.32
P0097,200,Materials,Gravel,ton,2198,33.46,73546.39
P0097,201,Materials,Concrete,cubic_yard,11281,154.55,1743473.39
P0097,202,Materials,Asphalt,ton,2628,87.85,230863.37
P0097,203,Materials,Topsoil,cubic_yard,8137,35.07,285331.86
P0097,300,Equipment,Excavator,hour,6661,127.07,846380.68
P0097,301,Equipment,Bulldozer,hour,1633,150.95,246506.44
P0097,302,Equipment,Loader,hour,3984,115.55,460355.26
P0097,303,Equipment,Compactor,hour,3753,98.44,369460.72
P0097,400,Fuel,Diesel,gallon,51862,3.8,197278.73
P0097,500,Subcontractor,Concrete Work,job,6,27324.24,163945.43
P0097,501,Subcontractor,Utility Work,job,8,22519.01,180152.11
P0098,100,Labor,General Labor,hour,23703,30.71,727853.51
P0098,101,Labor,Equipment Operators,hour,22709,38.65,877770.58
P0098,102,Labor,Supervisors,hour,10086,57.82,583176.24
P0098,103,Labor,Skilled Labor,hour,12711,50.48,641623.91
P0098,200,Materials,Gravel,ton,13037,34.08,444279.54
P0098,201,Materials,Concrete,cubic_yard,2989,154.42,461558.24
P0098,202,Materials,Asphalt,ton,2730,94.34,257544.15
P0098,203,Materials,Topsoil,cubic_yard,14242,35.19,501201.03
P0098,300,Equipment,Excavator,hour,11250,131.27,1476818.06
P0098,301,Equipment,Bulldozer,hour,11682,154.17,1800973.77
P0098,302,Equipment,Loader,hour,3438,121.8,418748.45
P0098,303,Equipment,Compactor,hour,850,88.66,75364.97
P0098,400,Fuel,Diesel,gallon,6827,3.85,26291.15
P0098,500,Subcontractor,Concrete Work,job,11,27889.86,306788.51
P0098,501,Subcontractor,Utility Work,job,6,20282.68,121696.07
P0099,100,Labor,General Labor,hour,27171,29.7,806873.11
P0099,101,Labor,Equipment Operators,hour,6068,45.34,275099.74
P0099,102,Labor,Supervisors,hour,20936,57.55,1204904.02
P0099,103,Labor,Skilled Labor,hour,3118,44.49,138731.49
P0099,200,Materials,Gravel,ton,24731,36.45,901339.89
P0099,201,Materials,Concrete,cubic_yard,5036,142.69,718574.04
P0099,202,Materials,Asphalt,ton,28757,95.36,2742320.57
P0099,203,Materials,Topsoil,cubic_yard,8884,39.63,352092.14
P0099,300,Equipment,Excavator,hour,3011,129.85,390981.65
P0099,301,Equipment,Bulldozer,hour,10945,156.85,1716717.2
P0099,302,Equipment,Loader,hour,3651,124.11,453130.48
P0099,303,Equipment,Compactor,hour,8380,90.68,759857.63
P0099,400,Fuel,Diesel,gallon,114056,3.9,444263.91
P0099,500,Subcontractor,Concrete Work,job,8,27881.59,223052.73
P0099,501,Subcontractor,Utility Work,job,15,23444.16,351662.35
P0100,100,Labor,General Labor,hour,2056,30.09,61872.09
P0100,101,Labor,Equipment Operators,hour,5956,45.01,268076.37
P0100,102,Labor,Supervisors,hour,10391,50.78,527657.04
P0100,103,Labor,Skilled Labor,hour,10958,49.13,538369.26
P0100,200,Materials,Gravel,ton,10171,36.62,372459.88
P0100,201,Materials,Concrete,cubic_yard,13960,147.78,2063031.59
P0100,202,Materials,Asphalt,ton,3792,85.81,325405.75
P0100,203,Materials,Topsoil,cubic_yard,16152,37.82,610857.76
P0100,300,Equipment,Excavator,hour,3348,141.42,473469.31
P0100,301,Equipment,Bulldozer,hour,7142,162.23,1158679.23
P0100,302,Equipment,Loader,hour,7615,110.4,840723.08
P0100,303,Equipment,Compactor,hour,1857,92.02,170875.09
P0100,400,Fuel,Diesel,gallon,66051,4.0,264471.96
P0100,500,Subcontractor,Concrete Work,job,4,28519.85,114079.41
P0100,501,Subcontractor,Utility Work,job,5,23595.15,117975.74
P0101,100,Labor,General Labor,hour,17395,31.1,540931.99
P0101,101,Labor,Equipment Operators,hour,13185,44.73,589752.56
P0101,102,Labor,Supervisors,hour,12088,52.8,638272.6
P0101,103,Labor,Skilled Labor,hour,22681,49.93,1132435.36
P0101,200,Materials,Gravel,ton,9366,31.57,295718.3
P0101,201,Materials,Concrete,cubic_yard,12289,134.15,1648523.07
P0101,202,Materials,Asphalt,ton,10830,98.86,1070657.55
P0101,203,Materials,Topsoil,cubic_yard,1317,39.23,51666.2
P0101,300,Equipment,Excavator,hour,3679,135.1,497033.81
P0101,301,Equipment,Bulldozer,hour,11808,147.76,1744763.4
P0101,302,Equipment,Loader,hour,6616,129.47,856573.13
P0101,303,Equipment,Compactor,hour,6027,89.17,537441.84
P0101,400,Fuel,Diesel,gallon,88278,4.09,360799.47
P0101,500,Subcontractor,Concrete Work,job,3,27287.76,81863.27
P0101,501,Subcontractor,Utility Work,job,3,22382.04,67146.13
P0102,100,Labor,General Labor,hour,14050,33.24,467073.88
P0102,101,Labor,Equipment Operators,hour,9015,42.89,386689.0
P0102,102,Labor,Supervisors,hour,1880,53.66,100885.53
P0102,103,Labor,Skilled Labor,hour,1820,48.91,89009.97
P0102,200,Materials,Gravel,ton,5152,33.17,170908.76
P0102,201,Materials,Concrete,cubic_yard,4999,139.64,698038.99
P0102,202,Materials,Asphalt,ton,6630,87.75,581783.27
P0102,203,Materials,Topsoil,cubic_yard,10766,38.81,417834.25
P0102,300,Equipment,Excavator,hour,500,137.7,68850.21
P0102,301,Equipment,Bulldozer,hour,7259,166.36,1207617.73
P0102,302,Equipment,Loader,hour,5194,110.69,574934.72
P0102,303,Equipment,Compactor,hour,434,97.22,42192.9
P0102,400,Fuel,Diesel,gallon,29572,3.62,106990.21
P0102,500,Subcontractor,Concrete Work,job,6,26052.09,156312.57
P0102,501,Subcontractor,Utility Work,job,7,21542.92,150800.44
P0103,100,Labor,General Labor,hour,14367,33.77,485127.87
P0103,101,Labor,Equipment Operators,hour,9010,41.93,377810.4
P0103,102,Labor,Supervisors,hour,8111,51.75,419775.61
P0103,103,Labor,Skilled Labor,hour,7775,48.14,374323.08
P0103,200,Materials,Gravel,ton,7546,36.03,271903.36
P0103,201,Materials,Concrete,cubic_yard,14266,145.98,2082516.3
P0103,202,Materials,Asphalt,ton,7559,90.69,685516.38
P0103,203,Materials,Topsoil,cubic_yard,5726,35.86,205316.87
P0103,300,Equipment,Excavator,hour,1819,124.67,226770.35
P0103,301,Equipment,Bulldozer,hour,3987,161.04,642074.42
P0103,302,Equipment,Loader,hour,6015,121.88,733109.67
P0103,303,Equipment,Compactor,hour,7962,98.39,783366.01
P0103,400,Fuel,Diesel,gallon,35037,4.07,142472.49
P0103,500,Subcontractor,Concrete Work,job,7,27066.27,189463.88
P0103,501,Subcontractor,Utility Work,job,8,22461.02,179688.13
P0104,100,Labor,General Labor,hour,6438,31.38,202048.33
P0104,101,Labor,Equipment Operators,hour,6878,45.15,310538.99
P0104,102,Labor,Supervisors,hour,1564,53.81,84161.38
P0104,103,Labor,Skilled Labor,hour,10231,48.08,491868.44
P0104,200,Materials,Gravel,ton,11436,36.35,415663.57
P0104,201,Materials,Concrete,cubic_yard,3407,154.15,525199.06
P0104,202,Materials,Asphalt,ton,4320,92.21,398360.77
P0104,203,Materials,Topsoil,cubic_yard,11091,38.68,428981.97
P0104,300,Equipment,Excavator,hour,540,136.82,73882.9
P0104,301,Equipment,Bulldozer,hour,4084,167.33,683359.96
P0104,302,Equipment,Loader,hour,6733,124.09,835523.59
P0104,303,Equipment,Compactor,hour,658,97.4,64085.94
P0104,400,Fuel,Diesel,gallon,45069,4.02,181358.89
P0104,500,Subcontractor,Concrete Work,job,6,29371.25,176227.49
P0104,501,Subcontractor,Utility Work,job,5,20252.59,101262.96
P0105,100,Labor,General Labor,hour,7904,30.96,244735.03
P0105,101,Labor,Equipment Operators,hour,15725,41.51,652747.2
P0105,102,Labor,Supervisors,hour,5457,54.32,296412.31
P0105,103,Labor,Skilled Labor,hour,9898,46.39,459147.52
P0105,200,Materials,Gravel,ton,950,32.08,30475.49
P0105,201,Materials,Concrete,cubic_yard,12375,155.87,1928885.24
P0105,202,Materials,Asphalt,ton,463,91.88,42542.03
P0105,203,Materials,Topsoil,cubic_yard,12793,37.82,483827.57
P0105,300,Equipment,Excavator,hour,6469,127.58,825346.85
P0105,301,Equipment,Bulldozer,hour,6533,152.1,993671.85
P0105,302,Equipment,Loader,hour,3031,125.92,381648.64
P0105,303,Equipment,Compactor,hour,1791,89.39,160105.51
P0105,400,Fuel,Diesel,gallon,18668,4.03,75269.46
P0105,500,Subcontractor,Concrete Work,job,4,27312.02,109248.08
P0105,501,Subcontractor,Utility Work,job,4,22243.26,88973.03
P0106,100,Labor,General Labor,hour,10643,34.3,365041.75
P0106,101,Labor,Equipment Operators,hour,9779,42.85,419009.87
P0106,102,Labor,Supervisors,hour,9342,56.28,525731.2
P0106,103,Labor,Skilled Labor,hour,2801,45.52,127494.5
P0106,200,Materials,Gravel,ton,1850,32.89,60839.5
P0106,201,Materials,Concrete,cubic_yard,3540,148.31,525023.93
P0106,202,Materials,Asphalt,ton,15265,87.66,1338154.31
P0106,203,Materials,Topsoil,cubic_yard,17281,37.25,643690.33
P0106,300,Equipment,Excavator,hour,4200,133.55,560918.82
P0106,301,Equipment,Bulldozer,hour,6491,151.12,980935.84
P0106,302,Equipment,Loader,hour,6394,128.54,821914.94
P0106,303,Equipment,Compactor,hour,3179,100.78,320393.4
P0106,400,Fuel,Diesel,gallon,15258,3.9,59509.6
P0106,500,Subcontractor,Concrete Work,job,2,25835.3,51670.59
P0106,501,Subcontractor,Utility Work,job,3,20603.47,61810.41
P0107,100,Labor,General Labor,hour,3108,32.94,102362.42
P0107,101,Labor,Equipment Operators,hour,1430,41.99,60047.8
P0107,102,Labor,Supervisors,hour,1187,54.25,64393.97
P0107,103,Labor,Skilled Labor,hour,3093,50.42,155935.99
P0107,200,Materials,Gravel,ton,2601,32.93,85657.98
P0107,201,Materials,Concrete,cubic_yard,2211,151.72,335456.67
P0107,202,Materials,Asphalt,ton,294,95.92,28201.57
P0107,203,Materials,Topsoil,cubic_yard,312,36.5,11387.74
P0107,300,Equipment,Excavator,hour,1432,131.33,188065.15
P0107,301,Equipment,Bulldozer,hour,463,165.94,76831.7
P0107,302,Equipment,Loader,hour,1579,118.95,187826.48
P0107,303,Equipment,Compactor,hour,766,92.0,70469.11
P0107,400,Fuel,Diesel,gallon,12027,4.05,48713.99
P0107,500,Subcontractor,Concrete Work,job,1,28711.36,28711.36
P0107,501,Subcontractor,Utility Work,job,1,22153.45,22153.45
P0108,100,Labor,General Labor,hour,1891,31.38,59332.69
P0108,101,Labor,Equipment Operators,hour,4577,38.7,177126.92
P0108,102,Labor,Supervisors,hour,11382,55.22,628495.69
P0108,103,Labor,Skilled Labor,hour,3724,46.8,174273.78
P0108,200,Materials,Gravel,ton,3265,33.72,110108.77
P0108,201,Materials,Concrete,cubic_yard,2283,142.19,324618.08
P0108,202,Materials,Asphalt,ton,3818,87.95,335797.93
P0108,203,Materials,Topsoil,cubic_yard,6867,38.85,266775.2
P0108,300,Equipment,Excavator,hour,539,136.38,73507.82
P0108,301,Equipment,Bulldozer,hour,2010,165.5,332654.88
P0108,302,Equipment,Loader,hour,5108,115.32,589069.82
P0108,303,Equipment,Compactor,hour,2404,90.63,217862.84
P0108,400,Fuel,Diesel,gallon,2564,3.61,9255.08
P0108,500,Subcontractor,Concrete Work,job,2,28960.28,57920.56
P0108,501,Subcontractor,Utility Work,job,4,21666.16,86664.62
P0109,100,Labor,General Labor,hour,21089,34.21,721504.55
P0109,101,Labor,Equipment Operators,hour,13907,41.9,582697.35
P0109,102,Labor,Supervisors,hour,20929,54.74,1145622.87
P0109,103,Labor,Skilled Labor,hour,12407,46.61,578251.58
P0109,200,Materials,Gravel,ton,5742,34.22,196506.9
P0109,201,Materials,Concrete,cubic_yard,20981,150.34,3154318.47
P0109,202,Materials,Asphalt,ton,19174,88.45,1695998.92
P0109,203,Materials,Topsoil,cubic_yard,7899,39.38,311097.96
P0109,300,Equipment,Excavator,hour,6692,139.43,933093.17
P0109,301,Equipment,Bulldozer,hour,790,151.35,119567.57
P0109,302,Equipment,Loader,hour,6001,114.74,688561.37
P0109,303,Equipment,Compactor,hour,12861,88.49,1138019.23
P0109,400,Fuel,Diesel,gallon,20540,3.56,73035.68
P0109,500,Subcontractor,Concrete Work,job,7,29490.83,206435.82
P0109,501,Subcontractor,Utility Work,job,11,21354.95,234904.45
P0110,100,Labor,General Labor,hour,12558,32.4,406902.18
P0110,101,Labor,Equipment Operators,hour,2437,45.34,110490.72
P0110,102,Labor,Supervisors,hour,9968,55.22,550384.66
P0110,103,Labor,Skilled Labor,hour,8460,45.28,383035.22
P0110,200,Materials,Gravel,ton,10354,32.07,332046.59
P0110,201,Materials,Concrete,cubic_yard,836,150.85,126109.97
P0110,202,Materials,Asphalt,ton,10981,87.21,957670.34
P0110,203,Materials,Topsoil,cubic_yard,4403,39.37,173326.84
P0110,300,Equipment,Excavator,hour,547,128.22,70135.43
P0110,301,Equipment,Bulldozer,hour,4338,145.52,631250.45
P0110,302,Equipment,Loader,hour,277,127.46,35307.51
P0110,303,Equipment,Compactor,hour,1299,94.13,122269.86
P0110,400,Fuel,Diesel,gallon,18494,3.76,69615.5
P0110,500,Subcontractor,Concrete Work,job,6,29625.29,177751.76
P0110,501,Subcontractor,Utility Work,job,5,22604.26,113021.32
P0111,100,Labor,General Labor,hour,1886,33.02,62275.62
P0111,101,Labor,Equipment Operators,hour,15396,42.64,656481.52
P0111,102,Labor,Supervisors,hour,12914,53.43,689955.24
P0111,103,Labor,Skilled Labor,hour,15421,49.04,756250.64
P0111,200,Materials,Gravel,ton,10881,32.01,348332.14
P0111,201,Materials,Concrete,cubic_yard,5757,137.67,792592.6
P0111,202,Materials,Asphalt,ton,1272,98.8,125668.17
P0111,203,Materials,Topsoil,cubic_yard,12552,35.19,441750.42
P0111,300,Equipment,Excavator,hour,4591,126.3,579837.59
P0111,301,Equipment,Bulldozer,hour,7920,160.26,1269230.96
P0111,302,Equipment,Loader,hour,1135,125.06,141942.24
P0111,303,Equipment,Compactor,hour,3895,89.16,347291.69
P0111,400,Fuel,Diesel,gallon,15290,3.67,56088.52
P0111,500,Subcontractor,Concrete Work,job,7,30237.0,211658.99
P0111,501,Subcontractor,Utility Work,job,3,23174.06,69522.18
P0112,100,Labor,General Labor,hour,10409,30.52,317663.58
P0112,101,Labor,Equipment Operators,hour,6967,43.56,303457.48
P0112,102,Labor,Supervisors,hour,19232,54.84,1054635.71
P0112,103,Labor,Skilled Labor,hour,4901,51.5,252405.33
P0112,200,Materials,Gravel,ton,17839,33.97,606017.22
P0112,201,Materials,Concrete,cubic_yard,20852,136.96,2855972.29
P0112,202,Materials,Asphalt,ton,6901,88.38,609893.81
P0112,203,Materials,Topsoil,cubic_yard,2237,38.87,86951.11
P0112,300,Equipment,Excavator,hour,4904,126.51,620380.62
P0112,301,Equipment,Bulldozer,hour,3200,143.39,458860.95
P0112,302,Equipment,Loader,hour,10870,111.48,1211752.16
P0112,303,Equipment,Compactor,hour,480,91.09,43723.48
P0112,400,Fuel,Diesel,gallon,88046,3.76,330845.52
P0112,500,Subcontractor,Concrete Work,job,2,29997.32,59994.65
P0112,501,Subcontractor,Utility Work,job,10,22566.72,225667.21
P0113,100,Labor,General Labor,hour,24414,31.38,766104.24
P0113,101,Labor,Equipment Operators,hour,19601,39.58,775888.77
P0113,102,Labor,Supervisors,hour,24332,50.62,1231770.51
P0113,103,Labor,Skilled Labor,hour,19192,46.1,884781.38
P0113,200,Materials,Gravel,ton,10781,35.03,377690.72
P0113,201,Materials,Concrete,cubic_yard,7026,151.99,1067894.64
P0113,202,Materials,Asphalt,ton,15808,96.94,1532449.57
P0113,203,Materials,Topsoil,cubic_yard,23352,38.54,899885.19
P0113,300,Equipment,Excavator,hour,3314,135.97,450595.94
P0113,301,Equipment,Bulldozer,hour,12996,144.88,1882912.67
P0113,302,Equipment,Loader,hour,6377,126.92,809397.64
P0113,303,Equipment,Compactor,hour,913,101.01,92222.15
P0113,400,Fuel,Diesel,gallon,75412,3.56,268687.4
P0113,500,Subcontractor,Concrete Work,job,10,27952.02,279520.2
P0113,501,Subcontractor,Utility Work,job,3,20571.48,61714.43
P0114,100,Labor,General Labor,hour,2696,34.4,92738.0
P0114,101,Labor,Equipment Operators,hour,15769,41.74,658180.28
P0114,102,Labor,Supervisors,hour,4184,57.35,239968.98
P0114,103,Labor,Skilled Labor,hour,3641,48.73,177437.87
P0114,200,Materials,Gravel,ton,6400,31.87,203957.38
P0114,201,Materials,Concrete,cubic_yard,1124,148.51,166922.61
P0114,202,Materials,Asphalt,ton,3991,92.77,370228.77
P0114,203,Materials,Topsoil,cubic_yard,549,38.29,21021.59
P0114,300,Equipment,Excavator,hour,4375,132.43,579368.64
P0114,301,Equipment,Bulldozer,hour,1173,161.67,189638.88
P0114,302,Equipment,Loader,hour,4089,114.46,468022.37
P0114,303,Equipment,Compactor,hour,421,88.31,37177.5
P0114,400,Fuel,Diesel,gallon,23466,3.79,89041.47
P0114,500,Subcontractor,Concrete Work,job,8,30029.78,240238.26
P0114,501,Subcontractor,Utility Work,job,4,23533.12,94132.48
P0115,100,Labor,General Labor,hour,1519,33.99,51632.46
P0115,101,Labor,Equipment Operators,hour,6452,41.4,267104.23
P0115,102,Labor,Supervisors,hour,5813,52.85,307232.56
P0115,103,Labor,Skilled Labor,hour,2423,45.05,109165.78
P0115,200,Materials,Gravel,ton,1903,32.15,61181.83
P0115,201,Materials,Concrete,cubic_yard,2069,150.56,311502.36
P0115,202,Materials,Asphalt,ton,2256,95.78,216082.67
P0115,203,Materials,Topsoil,cubic_yard,6803,40.45,275149.66
P0115,300,Equipment,Excavator,hour,3455,129.07,445936.43
P0115,301,Equipment,Bulldozer,hour,3689,147.82,545313.04
P0115,302,Equipment,Loader,hour,2300,115.78,266287.15
P0115,303,Equipment,Compactor,hour,1339,97.03,129928.52
P0115,400,Fuel,Diesel,gallon,12764,3.87,49420.2
P0115,500,Subcontractor,Concrete Work,job,5,27335.32,136676.62
P0115,501,Subcontractor,Utility Work,job,4,22843.08,91372.3
P0116,100,Labor,General Labor,hour,17320,33.64,582571.04
P0116,101,Labor,Equipment Operators,hour,5465,44.77,244642.82
P0116,102,Labor,Supervisors,hour,9582,51.1,489647.22
P0116,103,Labor,Skilled Labor,hour,9393,47.44,445609.28
P0116,200,Materials,Gravel,ton,7511,32.89,247067.66
P0116,201,Materials,Concrete,cubic_yard,17466,152.76,2668181.43
P0116,202,Materials,Asphalt,ton,12447,92.64,1153148.75
P0116,203,Materials,Topsoil,cubic_yard,15681,37.05,580943.24
P0116,300,Equipment,Excavator,hour,12673,131.72,1669266.27
P0116,301,Equipment,Bulldozer,hour,12930,156.98,2029693.44
P0116,302,Equipment,Loader,hour,5144,126.32,649792.89
P0116,303,Equipment,Compactor,hour,3691,96.43,355907.34
P0116,400,Fuel,Diesel,gallon,93315,3.87,361153.35
P0116,500,Subcontractor,Concrete Work,job,5,29643.21,148216.06
P0116,501,Subcontractor,Utility Work,job,13,22470.74,292119.58
P0117,100,Labor,General Labor,hour,2370,32.58,77207.81
P0117,101,Labor,Equipment Operators,hour,5010,44.37,222309.41
P0117,102,Labor,Supervisors,hour,6278,54.21,340326.87
P0117,103,Labor,Skilled Labor,hour,5883,46.43,273148.87
P0117,200,Materials,Gravel,ton,13397,35.29,472747.59
P0117,201,Materials,Concrete,cubic_yard,11148,136.43,1520933.38
P0117,202,Materials,Asphalt,ton,548,94.72,51904.08
P0117,203,Materials,Topsoil,cubic_yard,2748,39.62,108870.32
P0117,300,Equipment,Excavator,hour,5825,144.15,839683.59
P0117,301,Equipment,Bulldozer,hour,1589,157.24,249853.94
P0117,302,Equipment,Loader,hour,6718,119.87,805320.14
P0117,303,Equipment,Compactor,hour,5090,98.41,500915.9
P0117,400,Fuel,Diesel,gallon,44587,3.55,158445.49
P0117,500,Subcontractor,Concrete Work,job,4,25926.57,103706.28
P0117,501,Subcontractor,Utility Work,job,3,20729.49,62188.46
P0118,100,Labor,General Labor,hour,4981,30.13,150089.32
P0118,101,Labor,Equipment Operators,hour,7481,44.48,332725.47
P0118,102,Labor,Supervisors,hour,1184,56.98,67461.24
P0118,103,Labor,Skilled Labor,hour,4999,51.69,258412.69
P0118,200,Materials,Gravel,ton,10054,33.7,338833.92
P0118,201,Materials,Concrete,cubic_yard,2880,143.81,414166.54
P0118,202,Materials,Asphalt,ton,8505,85.43,726542.15
P0118,203,Materials,Topsoil,cubic_yard,9054,40.1,363062.23
P0118,300,Equipment,Excavator,hour,4211,138.79,584444.02
P0118,301,Equipment,Bulldozer,hour,3099,149.81,464271.81
P0118,302,Equipment,Loader,hour,2377,123.74,294129.86
P0118,303,Equipment,Compactor,hour,3536,93.02,328929.0
P0118,400,Fuel,Diesel,gallon,7066,4.14,29219.18
P0118,500,Subcontractor,Concrete Work,job,2,29795.25,59590.5
P0118,501,Subcontractor,Utility Work,job,5,22468.4,112342.01
P0119,100,Labor,General Labor,hour,1662,31.45,52275.45
P0119,101,Labor,Equipment Operators,hour,1212,41.53,50340.07
P0119,102,Labor,Supervisors,hour,1111,55.54,61700.96
P0119,103,Labor,Skilled Labor,hour,963,46.31,44591.87
P0119,200,Materials,Gravel,ton,1386,35.9,49752.18
P0119,201,Materials,Concrete,cubic_yard,1756,145.93,256261.56
P0119,202,Materials,Asphalt,ton,1674,93.11,155858.22
P0119,203,Materials,Topsoil,cubic_yard,190,38.26,7268.75
P0119,300,Equipment,Excavator,hour,628,144.57,90792.38
P0119,301,Equipment,Bulldozer,hour,397,166.54,66114.59
P0119,302,Equipment,Loader,hour,753,129.55,97553.35
P0119,303,Equipment,Compactor,hour,405,89.06,36069.61
P0119,400,Fuel,Diesel,gallon,5441,3.54,19283.88
P0119,500,Subcontractor,Concrete Work,job,1,27454.12,27454.12
P0119,501,Subcontractor,Utility Work,job,1,23070.16,23070.16
P0120,100,Labor,General Labor,hour,9096,32.39,294635.46
P0120,101,Labor,Equipment Operators,hour,11540,40.15,463304.98
P0120,102,Labor,Supervisors,hour,21385,53.58,1145890.69
P0120,103,Labor,Skilled Labor,hour,18112,44.49,805807.53
P0120,200,Materials,Gravel,ton,19955,35.86,715592.85
P0120,201,Materials,Concrete,cubic_yard,6625,141.23,935672.75
P0120,202,Materials,Asphalt,ton,9748,86.45,842697.1
P0120,203,Materials,Topsoil,cubic_yard,9920,38.57,382621.75
P0120,300,Equipment,Excavator,hour,7502,139.84,1049101.68
P0120,301,Equipment,Bulldozer,hour,7168,155.04,1111329.73
P0120,302,Equipment,Loader,hour,7362,115.09,847286.82
P0120,303,Equipment,Compactor,hour,7606,102.01,775920.81
P0120,400,Fuel,Diesel,gallon,85732,3.71,317699.85
P0120,500,Subcontractor,Concrete Work,job,14,26339.03,368746.42
P0120,501,Subcontractor,Utility Work,job,13,22478.28,292217.62
P0121,100,Labor,General Labor,hour,14473,33.53,485289.83
P0121,101,Labor,Equipment Operators,hour,12453,40.61,505733.18
P0121,102,Labor,Supervisors,hour,8748,53.04,463976.43
P0121,103,Labor,Skilled Labor,hour,6032,44.76,269967.79
P0121,200,Materials,Gravel,ton,14667,35.06,514188.67
P0121,201,Materials,Concrete,cubic_yard,15153,153.97,2333089.36
P0121,202,Materials,Asphalt,ton,11688,88.85,1038509.91
P0121,203,Materials,Topsoil,cubic_yard,16251,39.59,643435.91
P0121,300,Equipment,Excavator,hour,3460,135.83,469977.09
P0121,301,Equipment,Bulldozer,hour,6042,166.19,1004105.37
P0121,302,Equipment,Loader,hour,6471,129.45,837678.54
P0121,303,Equipment,Compactor,hour,1290,96.2,124093.5
P0121,400,Fuel,Diesel,gallon,21719,4.04,87804.47
P0121,500,Subcontractor,Concrete Work,job,5,29048.34,145241.7
P0121,501,Subcontractor,Utility Work,job,8,20398.17,163185.38
P0122,100,Labor,General Labor,hour,2920,32.26,94212.27
P0122,101,Labor,Equipment Operators,hour,2085,40.88,85226.91
P0122,102,Labor,Supervisors,hour,991,52.33,51860.96
P0122,103,Labor,Skilled Labor,hour,1337,46.22,61801.26
P0122,200,Materials,Gravel,ton,2318,32.17,74578.82
P0122,201,Materials,Concrete,cubic_yard,1712,139.54,238885.21
P0122,202,Materials,Asphalt,ton,2115,97.95,207162.9
P0122,203,Materials,Topsoil,cubic_yard,2510,40.61,101928.96
P0122,300,Equipment,Excavator,hour,507,145.68,73859.61
P0122,301,Equipment,Bulldozer,hour,147,164.59,24195.19
P0122,302,Equipment,Loader,hour,1146,121.6,139348.47
P0122,303,Equipment,Compactor,hour,182,101.75,18518.99
P0122,400,Fuel,Diesel,gallon,5702,3.95,22522.32
P0122,500,Subcontractor,Concrete Work,job,2,26437.57,52875.14
P0122,501,Subcontractor,Utility Work,job,1,20803.54,20803.54
P0123,100,Labor,General Labor,hour,21354,33.05,705676.17
P0123,101,Labor,Equipment Operators,hour,16716,43.07,720016.4
P0123,102,Labor,Supervisors,hour,15357,57.05,876091.75
P0123,103,Labor,Skilled Labor,hour,3519,49.33,173591.83
P0123,200,Materials,Gravel,ton,6383,34.91,222828.42
P0123,201,Materials,Concrete,cubic_yard,3869,150.0,580344.59
P0123,202,Materials,Asphalt,ton,12390,96.66,1197595.11
P0123,203,Materials,Topsoil,cubic_yard,12646,35.52,449210.34
P0123,300,Equipment,Excavator,hour,2413,141.61,341701.51
P0123,301,Equipment,Bulldozer,hour,9635,147.54,1421505.88
P0123,302,Equipment,Loader,hour,9565,122.57,1172414.41
P0123,303,Equipment,Compactor,hour,6894,94.01,648086.28
P0123,400,Fuel,Diesel,gallon,56325,3.56,200563.76
P0123,500,Subcontractor,Concrete Work,job,11,29802.51,327827.61
P0123,501,Subcontractor,Utility Work,job,10,21201.0,212010.02
P0124,100,Labor,General Labor,hour,6027,32.43,195474.87
P0124,101,Labor,Equipment Operators,hour,8549,43.35,370633.49
P0124,102,Labor,Supervisors,hour,5909,50.89,300724.61
P0124,103,Labor,Skilled Labor,hour,2356,49.54,116706.63
P0124,200,Materials,Gravel,ton,9669,36.49,352860.2
P0124,201,Materials,Concrete,cubic_yard,6891,141.52,975220.54
P0124,202,Materials,Asphalt,ton,5568,92.89,517231.99
P0124,203,Materials,Topsoil,cubic_yard,6080,35.54,216103.94
P0124,300,Equipment,Excavator,hour,781,133.16,103997.11
P0124,301,Equipment,Bulldozer,hour,3578,145.83,521787.41
P0124,302,Equipment,Loader,hour,1549,124.5,192850.76
P0124,303,Equipment,Compactor,hour,784,98.61,77308.04
P0124,400,Fuel,Diesel,gallon,27847,3.86,107519.76
P0124,500,Subcontractor,Concrete Work,job,3,27459.26,82377.78
P0124,501,Subcontractor,Utility Work,job,5,23463.94,117319.68
P0125,100,Labor,General Labor,hour,8455,31.33,264934.86
P0125,101,Labor,Equipment Operators,hour,2424,39.69,96210.57
P0125,102,Labor,Supervisors,hour,4317,51.37,221781.5
P0125,103,Labor,Skilled Labor,hour,2636,45.21,119183.6
P0125,200,Materials,Gravel,ton,6052,33.58,203205.12
P0125,201,Materials,Concrete,cubic_yard,7468,153.66,1147527.35
P0125,202,Materials,Asphalt,ton,4502,85.06,382926.32
P0125,203,Materials,Topsoil,cubic_yard,1834,35.59,65268.44
P0125,300,Equipment,Excavator,hour,5278,139.84,738058.26
P0125,301,Equipment,Bulldozer,hour,3918,152.67,598145.45
P0125,302,Equipment,Loader,hour,3090,111.76,345328.77
P0125,303,Equipment,Compactor,hour,3982,88.69,353169.72
P0125,400,Fuel,Diesel,gallon,23944,4.03,96484.99
P0125,500,Subcontractor,Concrete Work,job,2,29676.34,59352.67
P0125,501,Subcontractor,Utility Work,job,5,23462.88,117314.42
P0126,100,Labor,General Labor,hour,1755,30.96,54331.52
P0126,101,Labor,Equipment Operators,hour,696,45.08,31372.74
P0126,102,Labor,Supervisors,hour,306,53.17,16271.17
P0126,103,Labor,Skilled Labor,hour,589,49.1,28916.96
P0126,200,Materials,Gravel,ton,2111,34.97,73827.1
P0126,201,Materials,Concrete,cubic_yard,1132,154.26,174622.51
P0126,202,Materials,Asphalt,ton,885,87.97,77854.51
P0126,203,Materials,Topsoil,cubic_yard,476,35.72,17003.82
P0126,300,Equipment,Excavator,hour,452,136.33,61620.68
P0126,301,Equipment,Bulldozer,hour,529,165.43,87511.26
P0126,302,Equipment,Loader,hour,727,111.02,80712.71
P0126,303,Equipment,Compactor,hour,248,99.67,24719.36
P0126,400,Fuel,Diesel,gallon,2464,4.0,9858.95
P0126,500,Subcontractor,Concrete Work,job,1,29623.12,29623.12
P0126,501,Subcontractor,Utility Work,job,1,21472.67,21472.67
P0127,100,Labor,General Labor,hour,12396,32.96,408537.64
P0127,101,Labor,Equipment Operators,hour,24669,45.05,1111385.96
P0127,102,Labor,Supervisors,hour,23009,52.68,1212136.41
P0127,103,Labor,Skilled Labor,hour,21677,50.9,1103365.08
P0127,200,Materials,Gravel,ton,8825,34.1,300912.46
P0127,201,Materials,Concrete,cubic_yard,5657,151.86,859065.68
P0127,202,Materials,Asphalt,ton,22378,96.94,2169370.89
P0127,203,Materials,Topsoil,cubic_yard,15126,37.71,570390.43
P0127,300,Equipment,Excavator,hour,2412,144.88,349456.8
P0127,301,Equipment,Bulldozer,hour,5668,165.5,938039.29
P0127,302,Equipment,Loader,hour,4458,120.37,536623.06
P0127,303,Equipment,Compactor,hour,5421,101.79,551786.44
P0127,400,Fuel,Diesel,gallon,41450,3.54,146850.83
P0127,500,Subcontractor,Concrete Work,job,3,27317.06,81951.18
P0127,501,Subcontractor,Utility Work,job,7,21619.69,151337.8
P0128,100,Labor,General Labor,hour,8073,32.09,259102.81
P0128,101,Labor,Equipment Operators,hour,8724,42.94,374565.4
P0128,102,Labor,Supervisors,hour,1386,59.1,81906.39
P0128,103,Labor,Skilled Labor,hour,9108,48.02,437363.56
P0128,200,Materials,Gravel,ton,8192,35.97,294652.11
P0128,201,Materials,Concrete,cubic_yard,6780,139.54,946098.82
P0128,202,Materials,Asphalt,ton,4700,86.52,406645.76
P0128,203,Materials,Topsoil,cubic_yard,3225,35.99,116059.21
P0128,300,Equipment,Excavator,hour,1892,134.26,254014.93
P0128,301,Equipment,Bulldozer,hour,1786,148.29,264852.66
P0128,302,Equipment,Loader,hour,335,122.02,40876.27
P0128,303,Equipment,Compactor,hour,363,101.63,36890.53
P0128,400,Fuel,Diesel,gallon,33188,3.86,127992.82
P0128,500,Subcontractor,Concrete Work,job,4,28674.62,114698.48
P0128,501,Subcontractor,Utility Work,job,3,23607.68,70823.04
P0129,100,Labor,General Labor,hour,10432,31.73,330965.29
P0129,101,Labor,Equipment Operators,hour,9304,42.47,395133.69
P0129,102,Labor,Supervisors,hour,1862,51.29,95495.8
P0129,103,Labor,Skilled Labor,hour,12937,49.12,635524.78
P0129,200,Materials,Gravel,ton,13421,32.44,435425.46
P0129,201,Materials,Concrete,cubic_yard,5337,154.0,821894.38
P0129,202,Materials,Asphalt,ton,3071,99.09,304315.32
P0129,203,Materials,Topsoil,cubic_yard,13002,36.21,470812.91
P0129,300,Equipment,Excavator,hour,3333,145.57,485172.38
P0129,301,Equipment,Bulldozer,hour,4646,143.03,664495.83
P0129,302,Equipment,Loader,hour,353,118.07,41678.14
P0129,303,Equipment,Compactor,hour,4050,98.05,397099.79
P0129,400,Fuel,Diesel,gallon,45694,3.79,173355.24
P0129,500,Subcontractor,Concrete Work,job,7,29633.92,207437.43
P0129,501,Subcontractor,Utility Work,job,1,20422.28,20422.28
P0130,100,Labor,General Labor,hour,5787,34.33,198666.23
P0130,101,Labor,Equipment Operators,hour,7925,41.85,331639.9
P0130,102,Labor,Supervisors,hour,3848,51.28,197344.09
P0130,103,Labor,Skilled Labor,hour,4675,50.04,233914.64
P0130,200,Materials,Gravel,ton,9151,36.0,329478.68
P0130,201,Materials,Concrete,cubic_yard,336,150.75,50653.63
P0130,202,Materials,Asphalt,ton,4520,84.87,383622.34
P0130,203,Materials,Topsoil,cubic_yard,5376,40.8,219347.71
P0130,300,Equipment,Excavator,hour,1986,136.85,271777.08
P0130,301,Equipment,Bulldozer,hour,3186,150.14,478331.92
P0130,302,Equipment,Loader,hour,2899,123.56,358203.55
P0130,303,Equipment,Compactor,hour,1462,93.36,136498.85
P0130,400,Fuel,Diesel,gallon,27591,3.88,107015.75
P0130,500,Subcontractor,Concrete Work,job,2,28316.11,56632.22
P0130,501,Subcontractor,Utility Work,job,5,22534.34,112671.68
P0131,100,Labor,General Labor,hour,1836,31.07,57043.94
P0131,101,Labor,Equipment Operators,hour,6012,40.42,243019.04
P0131,102,Labor,Supervisors,hour,10537,51.97,547559.48
P0131,103,Labor,Skilled Labor,hour,13069,47.75,624091.69
P0131,200,Materials,Gravel,ton,5974,31.75,189656.47
P0131,201,Materials,Concrete,cubic_yard,7137,147.2,1050557.89
P0131,202,Materials,Asphalt,ton,7482,87.76,656642.87
P0131,203,Materials,Topsoil,cubic_yard,8935,37.4,334148.52
P0131,300,Equipment,Excavator,hour,6467,132.58,857398.15
P0131,301,Equipment,Bulldozer,hour,518,156.74,81193.74
P0131,302,Equipment,Loader,hour,2821,120.31,339399.12
P0131,303,Equipment,Compactor,hour,7404,91.95,680773.96
P0131,400,Fuel,Diesel,gallon,47132,3.73,175971.2
P0131,500,Subcontractor,Concrete Work,job,8,26767.28,214138.21
P0131,501,Subcontractor,Utility Work,job,4,21556.76,86227.06
P0132,100,Labor,General Labor,hour,18582,33.45,621544.56
P0132,101,Labor,Equipment Operators,hour,16922,40.94,692723.88
P0132,102,Labor,Supervisors,hour,17343,57.89,1004000.1
P0132,103,Labor,Skilled Labor,hour,7466,51.49,384437.11
P0132,200,Materials,Gravel,ton,7664,32.33,247792.29
P0132,201,Materials,Concrete,cubic_yard,11720,147.92,1733632.78
P0132,202,Materials,Asphalt,ton,6011,91.56,550359.33
P0132,203,Materials,Topsoil,cubic_yard,10039,35.66,357963.75
P0132,300,Equipment,Excavator,hour,5612,141.16,792178.65
P0132,301,Equipment,Bulldozer,hour,4080,159.28,649875.74
P0132,302,Equipment,Loader,hour,2945,127.69,376052.47
P0132,303,Equipment,Compactor,hour,4832,92.13,445152.17
P0132,400,Fuel,Diesel,gallon,10793,3.89,42030.72
P0132,500,Subcontractor,Concrete Work,job,5,29531.97,147659.87
P0132,501,Subcontractor,Utility Work,job,7,22118.87,154832.09
P0133,100,Labor,General Labor,hour,7836,29.9,234290.95
P0133,101,Labor,Equipment Operators,hour,9128,43.85,400262.82
P0133,102,Labor,Supervisors,hour,10721,53.99,578806.8
P0133,103,Labor,Skilled Labor,hour,11082,51.35,569026.92
P0133,200,Materials,Gravel,ton,2055,35.3,72532.68
P0133,201,Materials,Concrete,cubic_yard,14393,146.77,2112509.61
P0133,202,Materials,Asphalt,ton,9952,95.28,948247.72
P0133,203,Materials,Topsoil,cubic_yard,1687,36.7,61920.28
P0133,300,Equipment,Excavator,hour,1143,127.76,146030.72
P0133,301,Equipment,Bulldozer,hour,6297,156.68,986629.08
P0133,302,Equipment,Loader,hour,780,115.03,89720.61
P0133,303,Equipment,Compactor,hour,7467,96.26,718780.03
P0133,400,Fuel,Diesel,gallon,65543,4.07,266466.43
P0133,500,Subcontractor,Concrete Work,job,3,27558.04,82674.12
P0133,501,Subcontractor,Utility Work,job,5,23519.88,117599.38
P0134,100,Labor,General Labor,hour,12927,30.56,395027.49
P0134,101,Labor,Equipment Operators,hour,21171,43.07,911918.5
P0134,102,Labor,Supervisors,hour,5196,54.48,283052.94
P0134,103,Labor,Skilled Labor,hour,20796,48.9,1017024.66
P0134,200,Materials,Gravel,ton,5868,36.65,215068.0
P0134,201,Materials,Concrete,cubic_yard,6413,136.64,876285.04
P0134,202,Materials,Asphalt,ton,3055,95.71,292395.01
P0134,203,Materials,Topsoil,cubic_yard,18055,37.86,683491.21
P0134,300,Equipment,Excavator,hour,4151,138.03,572974.44
P0134,301,Equipment,Bulldozer,hour,10185,157.8,1607220.97
P0134,302,Equipment,Loader,hour,6362,124.5,792068.81
P0134,303,Equipment,Compactor,hour,3010,93.35,280978.43
P0134,400,Fuel,Diesel,gallon,90219,3.89,351240.45
P0134,500,Subcontractor,Concrete Work,job,6,28202.67,169216.03
P0134,501,Subcontractor,Utility Work,job,2,20629.68,41259.37
P0135,100,Labor,General Labor,hour,13851,33.5,464032.9
P0135,101,Labor,Equipment Operators,hour,10334,41.08,424538.22
P0135,102,Labor,Supervisors,hour,9000,53.03,477308.48
P0135,103,Labor,Skilled Labor,hour,4508,50.48,227566.05
P0135,200,Materials,Gravel,ton,6540,32.33,211460.21
P0135,201,Materials,Concrete,cubic_yard,4081,136.77,558140.08
P0135,202,Materials,Asphalt,ton,697,90.37,62990.83
P0135,203,Materials,Topsoil,cubic_yard,12807,38.13,488308.69
P0135,300,Equipment,Excavator,hour,4698,128.4,603225.42
P0135,301,Equipment,Bulldozer,hour,3672,148.66,545865.83
P0135,302,Equipment,Loader,hour,7112,113.44,806815.68
P0135,303,Equipment,Compactor,hour,5758,88.93,512052.62
P0135,400,Fuel,Diesel,gallon,16139,4.15,66931.23
P0135,500,Subcontractor,Concrete Work,job,6,26716.47,160298.81
P0135,501,Subcontractor,Utility Work,job,8,22353.6,178828.83
P0136,100,Labor,General Labor,hour,2390,31.61,75549.24
P0136,101,Labor,Equipment Operators,hour,3475,41.72,144979.16
P0136,102,Labor,Supervisors,hour,3512,57.52,202008.18
P0136,103,Labor,Skilled Labor,hour,1957,50.32,98481.27
P0136,200,Materials,Gravel,ton,1270,34.36,43633.44
P0136,201,Materials,Concrete,cubic_yard,3079,155.01,477285.97
P0136,202,Materials,Asphalt,ton,3086,90.53,279367.59
P0136,203,Materials,Topsoil,cubic_yard,1576,35.34,55689.07
P0136,300,Equipment,Excavator,hour,1642,137.69,226088.69
P0136,301,Equipment,Bulldozer,hour,1572,162.31,255150.2
P0136,302,Equipment,Loader,hour,211,124.82,26337.17
P0136,303,Equipment,Compactor,hour,784,98.27,77043.32
P0136,400,Fuel,Diesel,gallon,12666,3.79,47946.62
P0136,500,Subcontractor,Concrete Work,job,2,26416.91,52833.81
P0136,501,Subcontractor,Utility Work,job,2,22288.6,44577.19
P0137,100,Labor,General Labor,hour,7651,31.5,241003.72
P0137,101,Labor,Equipment Operators,hour,9234,42.22,389824.23
P0137,102,Labor,Supervisors,hour,15600,58.68,915398.32
P0137,103,Labor,Skilled Labor,hour,2332,45.12,105225.23
P0137,200,Materials,Gravel,ton,16755,34.29,574531.21
P0137,201,Materials,Concrete,cubic_yard,13258,134.91,1788586.77
P0137,202,Materials,Asphalt,ton,16878,94.67,1597912.25
P0137,203,Materials,Topsoil,cubic_yard,4329,38.63,167222.07
P0137,300,Equipment,Excavator,hour,4909,126.8,622481.78
P0137,301,Equipment,Bulldozer,hour,5819,153.82,895080.76
P0137,302,Equipment,Loader,hour,6382,121.3,774143.08
P0137,303,Equipment,Compactor,hour,7703,89.84,692075.83
P0137,400,Fuel,Diesel,gallon,77961,3.65,284385.08
P0137,500,Subcontractor,Concrete Work,job,2,27352.8,54705.6
P0137,501,Subcontractor,Utility Work,job,9,22152.1,199368.92
P0138,100,Labor,General Labor,hour,4129,33.48,138251.73
P0138,101,Labor,Equipment Operators,hour,5610,44.15,247665.56
P0138,102,Labor,Supervisors,hour,2986,50.92,152041.58
P0138,103,Labor,Skilled Labor,hour,3832,50.39,193108.78
P0138,200,Materials,Gravel,ton,1623,33.63,54586.69
P0138,201,Materials,Concrete,cubic_yard,3067,140.35,430442.34
P0138,202,Materials,Asphalt,ton,2388,95.33,227652.76
P0138,203,Materials,Topsoil,cubic_yard,6160,37.19,229101.12
P0138,300,Equipment,Excavator,hour,2121,127.45,270325.02
P0138,301,Equipment,Bulldozer,hour,551,151.81,83644.87
P0138,302,Equipment,Loader,hour,1875,118.42,222041.59
P0138,303,Equipment,Compactor,hour,3078,90.94,279922.65
P0138,400,Fuel,Diesel,gallon,13411,3.71,49721.93
P0138,500,Subcontractor,Concrete Work,job,3,26971.47,80914.42
P0138,501,Subcontractor,Utility Work,job,1,23254.18,23254.18
P0139,100,Labor,General Labor,hour,928,29.95,27790.8
P0139,101,Labor,Equipment Operators,hour,720,45.2,32541.26
P0139,102,Labor,Supervisors,hour,1712,52.49,89859.38
P0139,103,Labor,Skilled Labor,hour,1067,50.49,53872.7
P0139,200,Materials,Gravel,ton,1842,31.38,57800.13
P0139,201,Materials,Concrete,cubic_yard,233,144.52,33672.97
P0139,202,Materials,Asphalt,ton,1453,94.72,137629.7
P0139,203,Materials,Topsoil,cubic_yard,2005,38.01,76209.07
P0139,300,Equipment,Excavator,hour,459,144.18,66177.45
P0139,301,Equipment,Bulldozer,hour,73,149.13,10886.34
P0139,302,Equipment,Loader,hour,896,114.93,102975.53
P0139,303,Equipment,Compactor,hour,1050,97.99,102889.08
P0139,400,Fuel,Diesel,gallon,3545,3.96,14025.54
P0139,500,Subcontractor,Concrete Work,job,1,26131.47,26131.47
P0139,501,Subcontractor,Utility Work,job,1,22502.6,22502.6
P0140,100,Labor,General Labor,hour,3637,32.23,117208.02
P0140,101,Labor,Equipment Operators,hour,1948,42.59,82972.08
P0140,102,Labor,Supervisors,hour,9611,57.55,553156.18
P0140,103,Labor,Skilled Labor,hour,7631,51.54,393311.49
P0140,200,Materials,Gravel,ton,11108,36.34,403616.47
P0140,201,Materials,Concrete,cubic_yard,5186,156.29,810501.79
P0140,202,Materials,Asphalt,ton,5218,96.73,504753.18
P0140,203,Materials,Topsoil,cubic_yard,2169,39.48,85621.31
P0140,300,Equipment,Excavator,hour,2132,135.02,287859.83
P0140,301,Equipment,Bulldozer,hour,4237,165.03,699223.58
P0140,302,Equipment,Loader,hour,4123,111.91,461409.92
P0140,303,Equipment,Compactor,hour,6016,98.98,595436.2
P0140,400,Fuel,Diesel,gallon,44772,3.55,158744.58
P0140,500,Subcontractor,Concrete Work,job,2,27154.2,54308.4
P0140,501,Subcontractor,Utility Work,job,5,20970.26,104851.28
P0141,100,Labor,General Labor,hour,6751,33.2,224125.41
P0141,101,Labor,Equipment Operators,hour,6129,41.32,253243.06
P0141,102,Labor,Supervisors,hour,3166,53.0,167795.3
P0141,103,Labor,Skilled Labor,hour,13736,50.58,694774.21
P0141,200,Materials,Gravel,ton,814,33.53,27296.81
P0141,201,Materials,Concrete,cubic_yard,3990,149.29,595656.14
P0141,202,Materials,Asphalt,ton,6721,94.09,632367.95
P0141,203,Materials,Topsoil,cubic_yard,12923,40.63,525041.05
P0141,300,Equipment,Excavator,hour,3033,133.86,406001.92
P0141,301,Equipment,Bulldozer,hour,464,156.61,72666.19
P0141,302,Equipment,Loader,hour,6292,122.65,771730.02
P0141,303,Equipment,Compactor,hour,3062,100.14,306627.5
P0141,400,Fuel,Diesel,gallon,42053,4.09,171813.86
P0141,500,Subcontractor,Concrete Work,job,2,27839.93,55679.86
P0141,501,Subcontractor,Utility Work,job,6,20645.92,123875.54
P0142,100,Labor,General Labor,hour,6181,31.68,195807.62
P0142,101,Labor,Equipment Operators,hour,20451,44.87,917722.79
P0142,102,Labor,Supervisors,hour,9292,56.33,523454.55
P0142,103,Labor,Skilled Labor,hour,19881,44.46,883848.65
P0142,200,Materials,Gravel,ton,11483,31.58,362645.32
P0142,201,Materials,Concrete,cubic_yard,6188,141.85,877744.65
P0142,202,Materials,Asphalt,ton,24816,86.15,2137832.32
P0142,203,Materials,Topsoil,cubic_yard,23023,38.56,887662.3
P0142,300,Equipment,Excavator,hour,12713,124.89,1587786.44
P0142,301,Equipment,Bulldozer,hour,615,158.18,97280.91
P0142,302,Equipment,Loader,hour,8304,126.86,1053414.43
P0142,303,Equipment,Compactor,hour,11879,101.7,1208035.45
P0142,400,Fuel,Diesel,gallon,14534,3.85,55902.91
P0142,500,Subcontractor,Concrete Work,job,12,27399.62,328795.46
P0142,501,Subcontractor,Utility Work,job,12,22179.48,266153.79
P0143,100,Labor,General Labor,hour,4272,30.87,131884.61
P0143,101,Labor,Equipment Operators,hour,5540,43.3,239904.85
P0143,102,Labor,Supervisors,hour,8700,56.21,489010.14
P0143,103,Labor,Skilled Labor,hour,1495,49.74,74358.13
P0143,200,Materials,Gravel,ton,2966,32.83,97375.26
P0143,201,Materials,Concrete,cubic_yard,3605,151.28,545381.86
P0143,202,Materials,Asphalt,ton,5177,87.64,453717.92
P0143,203,Materials,Topsoil,cubic_yard,1985,37.32,74078.63
P0143,300,Equipment,Excavator,hour,1902,139.96,266199.01
P0143,301,Equipment,Bulldozer,hour,3753,153.9,577583.5
P0143,302,Equipment,Loader,hour,2884,111.66,322025.55
P0143,303,Equipment,Compactor,hour,1457,96.44,140514.99
P0143,400,Fuel,Diesel,gallon,12947,3.76,48625.46
P0143,500,Subcontractor,Concrete Work,job,2,28121.52,56243.03
P0143,501,Subcontractor,Utility Work,job,1,23324.59,23324.59
P0144,100,Labor,General Labor,hour,3124,34.47,107686.56
P0144,101,Labor,Equipment Operators,hour,7010,40.52,284029.81
P0144,102,Labor,Supervisors,hour,11926,56.42,672886.01
P0144,103,Labor,Skilled Labor,hour,19888,51.28,1019894.72
P0144,200,Materials,Gravel,ton,1234,34.8,42942.32
P0144,201,Materials,Concrete,cubic_yard,16550,140.83,2330809.96
P0144,202,Materials,Asphalt,ton,4257,87.68,373259.42
P0144,203,Materials,Topsoil,cubic_yard,3336,40.28,134359.82
P0144,300,Equipment,Excavator,hour,5315,127.03,675180.26
P0144,301,Equipment,Bulldozer,hour,4846,149.11,722610.81
P0144,302,Equipment,Loader,hour,11066,123.11,1362280.34
P0144,303,Equipment,Compactor,hour,11251,101.08,1137232.79
P0144,400,Fuel,Diesel,gallon,70823,4.09,289981.0
P0144,500,Subcontractor,Concrete Work,job,8,25910.57,207284.57
P0144,501,Subcontractor,Utility Work,job,5,21943.34,109716.7
P0145,100,Labor,General Labor,hour,5305,30.9,163936.22
P0145,101,Labor,Equipment Operators,hour,1546,45.33,70076.4
P0145,102,Labor,Supervisors,hour,3919,57.41,224991.91
P0145,103,Labor,Skilled Labor,hour,7456,45.39,338398.44
P0145,200,Materials,Gravel,ton,7930,31.6,250562.73
P0145,201,Materials,Concrete,cubic_yard,5003,141.74,709108.09
P0145,202,Materials,Asphalt,ton,1065,98.02,104390.4
P0145,203,Materials,Topsoil,cubic_yard,4791,36.46,174683.89
P0145,300,Equipment,Excavator,hour,3082,145.59,448700.89
P0145,301,Equipment,Bulldozer,hour,4036,151.89,613035.66
P0145,302,Equipment,Loader,hour,3580,125.56,449495.98
P0145,303,Equipment,Compactor,hour,3575,93.75,335160.54
P0145,400,Fuel,Diesel,gallon,19507,3.98,77565.5
P0145,500,Subcontractor,Concrete Work,job,1,27794.2,27794.2
P0145,501,Subcontractor,Utility Work,job,2,21428.2,42856.4
P0146,100,Labor,General Labor,hour,1894,33.91,64225.25
P0146,101,Labor,Equipment Operators,hour,4956,43.5,215590.81
P0146,102,Labor,Supervisors,hour,2457,52.19,128221.41
P0146,103,Labor,Skilled Labor,hour,4819,46.11,222223.12
P0146,200,Materials,Gravel,ton,8225,36.18,297548.92
P0146,201,Materials,Concrete,cubic_yard,1203,147.84,177848.72
P0146,202,Materials,Asphalt,ton,5799,85.41,495286.95
P0146,203,Materials,Topsoil,cubic_yard,3312,34.96,115800.4
P0146,300,Equipment,Excavator,hour,1939,132.05,256050.41
P0146,301,Equipment,Bulldozer,hour,2127,162.67,345994.19
P0146,302,Equipment,Loader,hour,454,127.01,57663.11
P0146,303,Equipment,Compactor,hour,1217,100.93,122835.19
P0146,400,Fuel,Diesel,gallon,1684,4.09,6892.36
P0146,500,Subcontractor,Concrete Work,job,2,26716.41,53432.82
P0146,501,Subcontractor,Utility Work,job,3,21706.67,65120.01
P0147,100,Labor,General Labor,hour,538,34.18,18387.75
P0147,101,Labor,Equipment Operators,hour,631,41.49,26182.44
P0147,102,Labor,Supervisors,hour,1960,57.51,112719.85
P0147,103,Labor,Skilled Labor,hour,1913,46.96,89828.23
P0147,200,Materials,Gravel,ton,1937,35.43,68634.56
P0147,201,Materials,Concrete,cubic_yard,2210,155.15,342891.72
P0147,202,Materials,Asphalt,ton,2450,91.83,224980.02
P0147,203,Materials,Topsoil,cubic_yard,1533,40.39,61924.35
P0147,300,Equipment,Excavator,hour,517,126.52,65410.24
P0147,301,Equipment,Bulldozer,hour,461,161.66,74525.14
P0147,302,Equipment,Loader,hour,1322,124.93,165153.23
P0147,303,Equipment,Compactor,hour,1410,89.3,125918.74
P0147,400,Fuel,Diesel,gallon,8604,4.14,35657.07
P0147,500,Subcontractor,Concrete Work,job,1,29746.12,29746.12
P0147,501,Subcontractor,Utility Work,job,1,23437.9,23437.9
P0148,100,Labor,General Labor,hour,6240,33.63,209822.64
P0148,101,Labor,Equipment Operators,hour,14065,41.25,580134.56
P0148,102,Labor,Supervisors,hour,3742,52.25,195513.54
P0148,103,Labor,Skilled Labor,hour,11547,47.47,548176.48
P0148,200,Materials,Gravel,ton,3878,31.43,121896.68
P0148,201,Materials,Concrete,cubic_yard,738,150.27,110901.13
P0148,202,Materials,Asphalt,ton,6937,93.48,648501.29
P0148,203,Materials,Topsoil,cubic_yard,8511,38.07,323977.12
P0148,300,Equipment,Excavator,hour,6880,129.68,892224.23
P0148,301,Equipment,Bulldozer,hour,7438,143.7,1068838.64
P0148,302,Equipment,Loader,hour,5476,120.53,660013.45
P0148,303,Equipment,Compactor,hour,3576,89.52,320121.6
P0148,400,Fuel,Diesel,gallon,47584,3.63,172870.0
P0148,500,Subcontractor,Concrete Work,job,6,29004.6,174027.59
P0148,501,Subcontractor,Utility Work,job,4,20803.47,83213.87
P0149,100,Labor,General Labor,hour,4887,31.75,155156.56
P0149,101,Labor,Equipment Operators,hour,956,43.41,41500.44
P0149,102,Labor,Supervisors,hour,5227,53.54,279879.63
P0149,103,Labor,Skilled Labor,hour,5152,48.97,252284.55
P0149,200,Materials,Gravel,ton,1511,35.07,52988.72
P0149,201,Materials,Concrete,cubic_yard,4190,140.03,586740.45
P0149,202,Materials,Asphalt,ton,6344,89.9,570308.85
P0149,203,Materials,Topsoil,cubic_yard,1376,40.13,55222.05
P0149,300,Equipment,Excavator,hour,3074,140.22,431027.88
P0149,301,Equipment,Bulldozer,hour,1291,162.03,209180.76
P0149,302,Equipment,Loader,hour,848,122.95,104258.14
P0149,303,Equipment,Compactor,hour,2519,98.95,249252.69
P0149,400,Fuel,Diesel,gallon,2356,4.01,9450.69
P0149,500,Subcontractor,Concrete Work,job,3,28225.35,84676.06
P0149,501,Subcontractor,Utility Work,job,1,22562.24,22562.24
P0150,100,Labor,General Labor,hour,4061,29.58,120121.44
P0150,101,Labor,Equipment Operators,hour,8905,42.02,374178.56
P0150,102,Labor,Supervisors,hour,1617,50.78,82117.69
P0150,103,Labor,Skilled Labor,hour,9519,51.31,488466.61
P0150,200,Materials,Gravel,ton,1181,34.4,40627.64
P0150,201,Materials,Concrete,cubic_yard,6751,146.74,990637.14
P0150,202,Materials,Asphalt,ton,4882,92.2,450108.61
P0150,203,Materials,Topsoil,cubic_yard,4839,37.93,183549.14
P0150,300,Equipment,Excavator,hour,2143,137.03,293653.25
P0150,301,Equipment,Bulldozer,hour,2759,163.26,450445.1
P0150,302,Equipment,Loader,hour,3320,123.45,409866.11
P0150,303,Equipment,Compactor,hour,1122,87.71,98409.18
P0150,400,Fuel,Diesel,gallon,7336,4.06,29784.23
P0150,500,Subcontractor,Concrete Work,job,3,29776.68,89330.05
P0150,501,Subcontractor,Utility Work,job,2,22098.01,44196.02
P0151,100,Labor,General Labor,hour,213,33.56,7149.14
P0151,101,Labor,Equipment Operators,hour,1418,41.61,59003.9
P0151,102,Labor,Supervisors,hour,1597,55.66,88889.38
P0151,103,Labor,Skilled Labor,hour,1760,48.4,85178.88
P0151,200,Materials,Gravel,ton,1136,35.1,39872.01
P0151,201,Materials,Concrete,cubic_yard,813,152.58,124051.31
P0151,202,Materials,Asphalt,ton,75,88.9,6667.48
P0151,203,Materials,Topsoil,cubic_yard,1055,37.53,39589.83
P0151,300,Equipment,Excavator,hour,807,125.74,101474.38
P0151,301,Equipment,Bulldozer,hour,171,153.83,26304.78
P0151,302,Equipment,Loader,hour,263,119.88,31529.31
P0151,303,Equipment,Compactor,hour,296,98.94,29285.0
P0151,400,Fuel,Diesel,gallon,2508,3.64,9119.22
P0151,500,Subcontractor,Concrete Work,job,1,28045.82,28045.82
P0151,501,Subcontractor,Utility Work,job,1,21878.35,21878.35
P0152,100,Labor,General Labor,hour,825,33.74,27838.24
P0152,101,Labor,Equipment Operators,hour,1552,43.17,66996.26
P0152,102,Labor,Supervisors,hour,849,58.92,50018.85
P0152,103,Labor,Skilled Labor,hour,455,50.42,22942.24
P0152,200,Materials,Gravel,ton,1127,35.79,40335.29
P0152,201,Materials,Concrete,cubic_yard,2081,141.87,295231.25
P0152,202,Materials,Asphalt,ton,528,98.33,51916.48
P0152,203,Materials,Topsoil,cubic_yard,1518,35.51,53897.27
P0152,300,Equipment,Excavator,hour,596,129.0,76883.81
P0152,301,Equipment,Bulldozer,hour,284,151.41,43001.1
P0152,302,Equipment,Loader,hour,758,111.15,84247.95
P0152,303,Equipment,Compactor,hour,182,95.99,17470.22
P0152,400,Fuel,Diesel,gallon,3741,4.06,15182.43
P0152,500,Subcontractor,Concrete Work,job,1,28850.25,28850.25
P0152,501,Subcontractor,Utility Work,job,1,22331.36,22331.36
P0153,100,Labor,General Labor,hour,11112,30.2,335626.42
P0153,101,Labor,Equipment Operators,hour,5125,45.01,230665.57
P0153,102,Labor,Supervisors,hour,8837,56.55,499752.62
P0153,103,Labor,Skilled Labor,hour,16042,47.46,761338.43
P0153,200,Materials,Gravel,ton,5396,35.63,192258.39
P0153,201,Materials,Concrete,cubic_yard,4285,137.26,588148.67
P0153,202,Materials,Asphalt,ton,844,90.32,76230.22
P0153,203,Materials,Topsoil,cubic_yard,12427,38.04,472697.42
P0153,300,Equipment,Excavator,hour,2333,144.72,337627.97
P0153,301,Equipment,Bulldozer,hour,6658,155.94,1038246.51
P0153,302,Equipment,Loader,hour,1916,111.8,214208.16
P0153,303,Equipment,Compactor,hour,6967,88.05,613462.67
P0153,400,Fuel,Diesel,gallon,32905,3.85,126648.0
P0153,500,Subcontractor,Concrete Work,job,9,28799.54,259195.85
P0153,501,Subcontractor,Utility Work,job,7,20309.31,142165.14
P0154,100,Labor,General Labor,hour,1071,31.37,33602.38
P0154,101,Labor,Equipment Operators,hour,6895,44.44,306446.91
P0154,102,Labor,Supervisors,hour,5100,55.34,282248.62
P0154,103,Labor,Skilled Labor,hour,7236,50.38,364527.59
P0154,200,Materials,Gravel,ton,4042,36.17,146189.21
P0154,201,Materials,Concrete,cubic_yard,4789,150.12,718922.53
P0154,202,Materials,Asphalt,ton,6241,96.31,601042.09
P0154,203,Materials,Topsoil,cubic_yard,2206,38.5,84927.42
P0154,300,Equipment,Excavator,hour,2184,144.6,315802.04
P0154,301,Equipment,Bulldozer,hour,3155,152.64,481583.78
P0154,302,Equipment,Loader,hour,1455,112.23,163298.85
P0154,303,Equipment,Compactor,hour,881,97.45,85849.58
P0154,400,Fuel,Diesel,gallon,19856,4.11,81642.34
P0154,500,Subcontractor,Concrete Work,job,3,29383.53,88150.58
P0154,501,Subcontractor,Utility Work,job,1,22513.25,22513.25
P0155,100,Labor,General Labor,hour,2892,30.78,89021.86
P0155,101,Labor,Equipment Operators,hour,7601,39.38,299324.27
P0155,102,Labor,Supervisors,hour,5954,51.33,305610.95
P0155,103,Labor,Skilled Labor,hour,2220,46.37,102936.23
P0155,200,Materials,Gravel,ton,289,33.16,9581.94
P0155,201,Materials,Concrete,cubic_yard,3547,143.96,510619.31
P0155,202,Materials,Asphalt,ton,1891,91.01,172100.09
P0155,203,Materials,Topsoil,cubic_yard,8962,36.47,326861.22
P0155,300,Equipment,Excavator,hour,4973,142.02,706244.17
P0155,301,Equipment,Bulldozer,hour,2639,158.44,418118.85
P0155,302,Equipment,Loader,hour,2191,121.96,267213.11
P0155,303,Equipment,Compactor,hour,4328,102.49,443593.53
P0155,400,Fuel,Diesel,gallon,37366,3.56,133172.98
P0155,500,Subcontractor,Concrete Work,job,3,28067.47,84202.41
P0155,501,Subcontractor,Utility Work,job,5,22213.07,111065.36
P0156,100,Labor,General Labor,hour,19559,34.11,667126.15
P0156,101,Labor,Equipment Operators,hour,5309,41.03,217821.38
P0156,102,Labor,Supervisors,hour,7659,56.56,433185.64
P0156,103,Labor,Skilled Labor,hour,15372,46.7,717869.29
P0156,200,Materials,Gravel,ton,13775,36.21,498825.21
P0156,201,Materials,Concrete,cubic_yard,3894,134.86,525141.88
P0156,202,Materials,Asphalt,ton,3383,98.03,331643.34
P0156,203,Materials,Topsoil,cubic_yard,9498,37.55,356696.34
P0156,300,Equipment,Excavator,hour,7063,139.72,986855.04
P0156,301,Equipment,Bulldozer,hour,7742,158.43,1226527.25
P0156,302,Equipment,Loader,hour,3578,128.06,458182.69
P0156,303,Equipment,Compactor,hour,8441,92.5,780784.5
P0156,400,Fuel,Diesel,gallon,17043,3.89,66299.55
P0156,500,Subcontractor,Concrete Work,job,10,28316.89,283168.94
P0156,501,Subcontractor,Utility Work,job,5,21853.59,109267.93
P0157,100,Labor,General Labor,hour,5128,30.4,155878.98
P0157,101,Labor,Equipment Operators,hour,6018,41.24,248176.88
P0157,102,Labor,Supervisors,hour,5064,54.41,275542.16
P0157,103,Labor,Skilled Labor,hour,2704,45.54,123137.95
P0157,200,Materials,Gravel,ton,12312,36.06,444004.9
P0157,201,Materials,Concrete,cubic_yard,1889,153.07,289140.48
P0157,202,Materials,Asphalt,ton,2845,86.36,245690.23
P0157,203,Materials,Topsoil,cubic_yard,457,36.74,16789.83
P0157,300,Equipment,Excavator,hour,6001,136.7,820358.65
P0157,301,Equipment,Bulldozer,hour,5246,148.05,776655.53
P0157,302,Equipment,Loader,hour,4301,113.1,486459.96
P0157,303,Equipment,Compactor,hour,5219,88.09,459723.7
P0157,400,Fuel,Diesel,gallon,33993,3.9,132433.85
P0157,500,Subcontractor,Concrete Work,job,6,27165.91,162995.45
P0157,501,Subcontractor,Utility Work,job,6,23585.56,141513.33
P0158,100,Labor,General Labor,hour,3257,30.97,100869.25
P0158,101,Labor,Equipment Operators,hour,6265,43.5,272524.43
P0158,102,Labor,Supervisors,hour,3692,54.5,201207.82
P0158,103,Labor,Skilled Labor,hour,1745,45.72,79774.62
P0158,200,Materials,Gravel,ton,6051,32.42,196161.15
P0158,201,Materials,Concrete,cubic_yard,5403,136.11,735405.39
P0158,202,Materials,Asphalt,ton,2214,92.87,205623.7
P0158,203,Materials,Topsoil,cubic_yard,4700,39.74,186796.77
P0158,300,Equipment,Excavator,hour,2930,141.63,414971.28
P0158,301,Equipment,Bulldozer,hour,548,165.46,90673.16
P0158,302,Equipment,Loader,hour,1360,117.17,159348.96
P0158,303,Equipment,Compactor,hour,1458,99.68,145328.28
P0158,400,Fuel,Diesel,gallon,15331,3.93,60203.17
P0158,500,Subcontractor,Concrete Work,job,4,29312.92,117251.67
P0158,501,Subcontractor,Utility Work,job,1,22698.97,22698.97
P0159,100,Labor,General Labor,hour,5741,29.99,172150.05
P0159,101,Labor,Equipment Operators,hour,3639,44.02,160179.95
P0159,102,Labor,Supervisors,hour,6606,58.74,388050.8
P0159,103,Labor,Skilled Labor,hour,4487,47.94,215089.56
P0159,200,Materials,Gravel,ton,1512,35.78,54097.62
P0159,201,Materials,Concrete,cubic_yard,6546,134.29,879073.13
P0159,202,Materials,Asphalt,ton,4952,92.77,459393.98
P0159,203,Materials,Topsoil,cubic_yard,5230,40.7,212867.04
P0159,300,Equipment,Excavator,hour,3572,144.43,515896.95
P0159,301,Equipment,Bulldozer,hour,1959,145.9,285822.41
P0159,302,Equipment,Loader,hour,1610,119.13,191793.75
P0159,303,Equipment,Compactor,hour,2676,90.83,243048.02
P0159,400,Fuel,Diesel,gallon,10116,3.66,37009.92
P0159,500,Subcontractor,Concrete Work,job,2,25929.77,51859.53
P0159,501,Subcontractor,Utility Work,job,4,20585.04,82340.17
P0160,100,Labor,General Labor,hour,3915,34.08,133414.08
P0160,101,Labor,Equipment Operators,hour,4790,44.18,211628.99
P0160,102,Labor,Supervisors,hour,2535,54.84,139028.28
P0160,103,Labor,Skilled Labor,hour,8194,47.62,390215.58
P0160,200,Materials,Gravel,ton,6249,34.07,212899.33
P0160,201,Materials,Concrete,cubic_yard,7763,148.84,1155451.97
P0160,202,Materials,Asphalt,ton,6022,97.77,588753.92
P0160,203,Materials,Topsoil,cubic_yard,750,39.3,29478.31
P0160,300,Equipment,Excavator,hour,2280,138.15,314978.63
P0160,301,Equipment,Bulldozer,hour,1067,152.29,162489.42
P0160,302,Equipment,Loader,hour,1150,128.13,147352.95
P0160,303,Equipment,Compactor,hour,267,95.4,25472.65
P0160,400,Fuel,Diesel,gallon,15459,3.55,54891.87
P0160,500,Subcontractor,Concrete Work,job,2,26090.14,52180.27
P0160,501,Subcontractor,Utility Work,job,4,21221.49,84885.97
P0161,100,Labor,General Labor,hour,4066,31.91,129732.22
P0161,101,Labor,Equipment Operators,hour,11137,42.58,474206.81
P0161,102,Labor,Supervisors,hour,10080,52.27,526909.34
P0161,103,Labor,Skilled Labor,hour,14538,45.04,654805.92
P0161,200,Materials,Gravel,ton,8278,35.53,294143.92
P0161,201,Materials,Concrete,cubic_yard,12661,149.03,1886900.33
P0161,202,Materials,Asphalt,ton,6443,93.06,599569.31
P0161,203,Materials,Topsoil,cubic_yard,6462,38.22,246955.06
P0161,300,Equipment,Excavator,hour,11338,138.28,1567843.74
P0161,301,Equipment,Bulldozer,hour,4658,148.58,692083.49
P0161,302,Equipment,Loader,hour,11250,120.22,1352496.14
P0161,303,Equipment,Compactor,hour,938,93.99,88166.45
P0161,400,Fuel,Diesel,gallon,35710,3.62,129403.47
P0161,500,Subcontractor,Concrete Work,job,8,27560.3,220482.39
P0161,501,Subcontractor,Utility Work,job,7,23276.2,162933.4
P0162,100,Labor,General Labor,hour,24011,33.31,799775.92
P0162,101,Labor,Equipment Operators,hour,17996,44.36,798381.05
P0162,102,Labor,Supervisors,hour,13606,55.29,752329.96
P0162,103,Labor,Skilled Labor,hour,6756,46.59,314743.62
P0162,200,Materials,Gravel,ton,13040,34.27,446834.14
P0162,201,Materials,Concrete,cubic_yard,15341,134.43,2062292.73
P0162,202,Materials,Asphalt,ton,23097,87.55,2022238.58
P0162,203,Materials,Topsoil,cubic_yard,14843,36.52,542070.68
P0162,300,Equipment,Excavator,hour,946,139.55,132015.11
P0162,301,Equipment,Bulldozer,hour,9477,151.8,1438605.52
P0162,302,Equipment,Loader,hour,4011,122.8,492550.92
P0162,303,Equipment,Compactor,hour,9213,98.46,907129.36
P0162,400,Fuel,Diesel,gallon,14067,3.58,50305.94
P0162,500,Subcontractor,Concrete Work,job,3,27858.93,83576.78
P0162,501,Subcontractor,Utility Work,job,10,22139.31,221393.06
P0163,100,Labor,General Labor,hour,2683,31.75,85185.2
P0163,101,Labor,Equipment Operators,hour,12977,39.94,518262.99
P0163,102,Labor,Supervisors,hour,11237,53.81,604706.9
P0163,103,Labor,Skilled Labor,hour,14894,46.86,697926.55
P0163,200,Materials,Gravel,ton,18846,32.2,606832.98
P0163,201,Materials,Concrete,cubic_yard,10107,154.92,1565787.58
P0163,202,Materials,Asphalt,ton,9559,93.03,889264.04
P0163,203,Materials,Topsoil,cubic_yard,13813,37.93,523922.47
P0163,300,Equipment,Excavator,hour,8993,142.43,1280851.0
P0163,301,Equipment,Bulldozer,hour,2050,162.74,333617.25
P0163,302,Equipment,Loader,hour,5169,121.12,626050.24
P0163,303,Equipment,Compactor,hour,5112,91.38,467117.32
P0163,400,Fuel,Diesel,gallon,12864,3.74,48091.14
P0163,500,Subcontractor,Concrete Work,job,6,27345.34,164072.05
P0163,501,Subcontractor,Utility Work,job,3,22745.5,68236.51
P0164,100,Labor,General Labor,hour,7505,31.29,234866.74
P0164,101,Labor,Equipment Operators,hour,2981,44.91,133890.9
P0164,102,Labor,Supervisors,hour,1019,51.12,52096.18
P0164,103,Labor,Skilled Labor,hour,5282,47.03,248403.16
P0164,200,Materials,Gravel,ton,3242,33.63,109012.96
P0164,201,Materials,Concrete,cubic_yard,5721,141.06,807016.87
P0164,202,Materials,Asphalt,ton,3019,97.43,294153.98
P0164,203,Materials,Topsoil,cubic_yard,6260,40.59,254107.96
P0164,300,Equipment,Excavator,hour,2245,136.29,305965.85
P0164,301,Equipment,Bulldozer,hour,1185,147.82,175160.79
P0164,302,Equipment,Loader,hour,2825,111.28,314366.02
P0164,303,Equipment,Compactor,hour,3213,99.33,319153.19
P0164,400,Fuel,Diesel,gallon,19372,3.6,69679.31
P0164,500,Subcontractor,Concrete Work,job,1,26464.87,26464.87
P0164,501,Subcontractor,Utility Work,job,4,21266.98,85067.91
P0165,100,Labor,General Labor,hour,5835,30.94,180529.54
P0165,101,Labor,Equipment Operators,hour,13658,41.37,564997.47
P0165,102,Labor,Supervisors,hour,5602,58.56,328057.7
P0165,103,Labor,Skilled Labor,hour,11583,48.41,560738.32
P0165,200,Materials,Gravel,ton,15963,36.24,578525.44
P0165,201,Materials,Concrete,cubic_yard,16457,155.5,2559123.32
P0165,202,Materials,Asphalt,ton,11955,89.31,1067643.61
P0165,203,Materials,Topsoil,cubic_yard,7594,40.65,308691.38
P0165,300,Equipment,Excavator,hour,6752,142.31,960852.1
P0165,301,Equipment,Bulldozer,hour,1121,160.91,180381.45
P0165,302,Equipment,Loader,hour,9670,128.0,1237762.72
P0165,303,Equipment,Compactor,hour,1902,92.82,176549.19
P0165,400,Fuel,Diesel,gallon,32894,3.78,124495.26
P0165,500,Subcontractor,Concrete Work,job,5,27912.18,139560.89
P0165,501,Subcontractor,Utility Work,job,5,23387.88,116939.38
P0166,100,Labor,General Labor,hour,704,34.37,24197.54
P0166,101,Labor,Equipment Operators,hour,2969,45.25,134346.45
P0166,102,Labor,Supervisors,hour,1834,54.42,99810.28
P0166,103,Labor,Skilled Labor,hour,1210,48.29,58427.51
P0166,200,Materials,Gravel,ton,217,33.35,7237.46
P0166,201,Materials,Concrete,cubic_yard,1695,138.34,234494.4
P0166,202,Materials,Asphalt,ton,1292,89.58,115739.42
P0166,203,Materials,Topsoil,cubic_yard,3415,35.06,119727.81
P0166,300,Equipment,Excavator,hour,806,124.88,100649.62
P0166,301,Equipment,Bulldozer,hour,136,146.74,19957.11
P0166,302,Equipment,Loader,hour,256,123.26,31553.92
P0166,303,Equipment,Compactor,hour,1221,90.65,110688.64
P0166,400,Fuel,Diesel,gallon,8943,3.96,35387.67
P0166,500,Subcontractor,Concrete Work,job,1,29264.91,29264.91
P0166,501,Subcontractor,Utility Work,job,1,23186.66,23186.66
P0167,100,Labor,General Labor,hour,3858,30.56,117881.54
P0167,101,Labor,Equipment Operators,hour,3066,42.57,130512.33
P0167,102,Labor,Supervisors,hour,534,53.89,28775.65
P0167,103,Labor,Skilled Labor,hour,951,48.41,46035.07
P0167,200,Materials,Gravel,ton,3264,33.93,110760.32
P0167,201,Materials,Concrete,cubic_yard,3300,148.55,490199.75
P0167,202,Materials,Asphalt,ton,802,92.47,74162.73
P0167,203,Materials,Topsoil,cubic_yard,502,37.07,18610.74
P0167,300,Equipment,Excavator,hour,777,141.29,109781.59
P0167,301,Equipment,Bulldozer,hour,1311,146.66,192271.26
P0167,302,Equipment,Loader,hour,996,111.19,110742.37
P0167,303,Equipment,Compactor,hour,1159,101.95,118157.37
P0167,400,Fuel,Diesel,gallon,9943,3.97,39465.48
P0167,500,Subcontractor,Concrete Work,job,2,30013.03,60026.05
P0167,501,Subcontractor,Utility Work,job,1,22256.49,22256.49
P0168,100,Labor,General Labor,hour,6713,30.61,205471.41
P0168,101,Labor,Equipment Operators,hour,10896,44.75,487592.4
P0168,102,Labor,Supervisors,hour,22790,57.56,1311788.36
P0168,103,Labor,Skilled Labor,hour,14233,45.57,648661.94
P0168,200,Materials,Gravel,ton,16838,33.94,571465.98
P0168,201,Materials,Concrete,cubic_yard,5132,133.57,685463.01
P0168,202,Materials,Asphalt,ton,22838,92.59,2114652.9
P0168,203,Materials,Topsoil,cubic_yard,15576,37.76,588080.41
P0168,300,Equipment,Excavator,hour,5568,143.41,798511.05
P0168,301,Equipment,Bulldozer,hour,11044,151.65,1674773.21
P0168,302,Equipment,Loader,hour,9862,127.05,1252937.58
P0168,303,Equipment,Compactor,hour,909,97.9,88988.69
P0168,400,Fuel,Diesel,gallon,32295,4.15,134111.82
P0168,500,Subcontractor,Concrete Work,job,12,29299.45,351593.37
P0168,501,Subcontractor,Utility Work,job,13,23246.77,302208.03
P0169,100,Labor,General Labor,hour,4632,30.51,141300.88
P0169,101,Labor,Equipment Operators,hour,16138,40.57,654729.22
P0169,102,Labor,Supervisors,hour,11367,53.87,612317.49
P0169,103,Labor,Skilled Labor,hour,5173,45.45,235137.21
P0169,200,Materials,Gravel,ton,7820,32.89,257168.85
P0169,201,Materials,Concrete,cubic_yard,5187,144.88,751486.45
P0169,202,Materials,Asphalt,ton,2256,87.35,197059.16
P0169,203,Materials,Topsoil,cubic_yard,1480,40.4,59797.06
P0169,300,Equipment,Excavator,hour,1106,134.62,148886.59
P0169,301,Equipment,Bulldozer,hour,7435,152.48,1133708.23
P0169,302,Equipment,Loader,hour,916,110.64,101350.44
P0169,303,Equipment,Compactor,hour,353,96.75,34153.26
P0169,400,Fuel,Diesel,gallon,38444,3.95,151720.61
P0169,500,Subcontractor,Concrete Work,job,2,25958.21,51916.43
P0169,501,Subcontractor,Utility Work,job,6,21918.86,131513.14
P0170,100,Labor,General Labor,hour,11724,34.55,405023.34
P0170,101,Labor,Equipment Operators,hour,9860,41.52,409372.02
P0170,102,Labor,Supervisors,hour,10344,58.01,600052.01
P0170,103,Labor,Skilled Labor,hour,12659,47.99,607473.67
P0170,200,Materials,Gravel,ton,16510,32.66,539198.0
P0170,201,Materials,Concrete,cubic_yard,17228,137.25,2364589.43
P0170,202,Materials,Asphalt,ton,10508,93.14,978693.58
P0170,203,Materials,Topsoil,cubic_yard,7900,35.19,277976.49
P0170,300,Equipment,Excavator,hour,2230,125.11,278990.81
P0170,301,Equipment,Bulldozer,hour,4803,149.84,719685.27
P0170,302,Equipment,Loader,hour,8397,120.33,1010384.95
P0170,303,Equipment,Compactor,hour,8966,93.36,837036.96
P0170,400,Fuel,Diesel,gallon,31018,4.15,128777.46
P0170,500,Subcontractor,Concrete Work,job,1,26661.61,26661.61
P0170,501,Subcontractor,Utility Work,job,3,21258.61,63775.83
P0171,100,Labor,General Labor,hour,4099,32.79,134390.37
P0171,101,Labor,Equipment Operators,hour,2511,42.33,106282.63
P0171,102,Labor,Supervisors,hour,1982,58.86,116661.82
P0171,103,Labor,Skilled Labor,hour,3706,44.43,164647.01
P0171,200,Materials,Gravel,ton,643,34.83,22397.99
P0171,201,Materials,Concrete,cubic_yard,8537,138.8,1184900.28
P0171,202,Materials,Asphalt,ton,3419,95.76,327404.8
P0171,203,Materials,Topsoil,cubic_yard,2398,37.14,89070.77
P0171,300,Equipment,Excavator,hour,3521,125.04,440273.64
P0171,301,Equipment,Bulldozer,hour,1273,155.99,198577.87
P0171,302,Equipment,Loader,hour,1080,126.47,136584.4
P0171,303,Equipment,Compactor,hour,2635,96.79,255050.06
P0171,400,Fuel,Diesel,gallon,33997,3.76,127720.26
P0171,500,Subcontractor,Concrete Work,job,6,27768.9,166613.43
P0171,501,Subcontractor,Utility Work,job,1,22955.47,22955.47
P0172,100,Labor,General Labor,hour,4151,29.96,124374.57
P0172,101,Labor,Equipment Operators,hour,5649,39.4,222557.01
P0172,102,Labor,Supervisors,hour,7545,53.46,403343.94
P0172,103,Labor,Skilled Labor,hour,8974,48.37,434092.8
P0172,200,Materials,Gravel,ton,2379,34.62,82369.67
P0172,201,Materials,Concrete,cubic_yard,6604,147.76,975836.74
P0172,202,Materials,Asphalt,ton,471,94.89,44692.11
P0172,203,Materials,Topsoil,cubic_yard,5953,39.41,234625.36
P0172,300,Equipment,Excavator,hour,3713,139.56,518179.19
P0172,301,Equipment,Bulldozer,hour,1194,151.63,181049.51
P0172,302,Equipment,Loader,hour,3038,125.0,379763.49
P0172,303,Equipment,Compactor,hour,2609,91.14,237779.68
P0172,400,Fuel,Diesel,gallon,15304,3.84,58762.38
P0172,500,Subcontractor,Concrete Work,job,2,27096.79,54193.58
P0172,501,Subcontractor,Utility Work,job,3,22198.43,66595.28
P0173,100,Labor,General Labor,hour,6309,30.15,190219.2
P0173,101,Labor,Equipment Operators,hour,5394,44.93,242368.53
P0173,102,Labor,Supervisors,hour,2524,52.2,131763.8
P0173,103,Labor,Skilled Labor,hour,1954,51.13,99903.35
P0173,200,Materials,Gravel,ton,11418,33.05,377317.23
P0173,201,Materials,Concrete,cubic_yard,8712,153.94,1341112.72
P0173,202,Materials,Asphalt,ton,4106,89.77,368600.8
P0173,203,Materials,Topsoil,cubic_yard,2468,37.05,91427.09
P0173,300,Equipment,Excavator,hour,5131,140.12,718979.19
P0173,301,Equipment,Bulldozer,hour,2782,146.02,406229.0
P0173,302,Equipment,Loader,hour,3496,113.14,395545.49
P0173,303,Equipment,Compactor,hour,1876,101.95,191250.77
P0173,400,Fuel,Diesel,gallon,33160,3.74,124164.22
P0173,500,Subcontractor,Concrete Work,job,5,28535.75,142678.75
P0173,501,Subcontractor,Utility Work,job,4,21282.14,85128.57
P0174,100,Labor,General Labor,hour,6638,30.13,200005.68
P0174,101,Labor,Equipment Operators,hour,17668,43.37,766311.31
P0174,102,Labor,Supervisors,hour,5815,53.08,308655.0
P0174,103,Labor,Skilled Labor,hour,8224,51.42,422912.25
P0174,200,Materials,Gravel,ton,28435,36.28,1031512.88
P0174,201,Materials,Concrete,cubic_yard,6873,143.68,987502.52
P0174,202,Materials,Asphalt,ton,17626,88.14,1553544.65
P0174,203,Materials,Topsoil,cubic_yard,12022,40.55,487500.68
P0174,300,Equipment,Excavator,hour,9139,142.54,1302706.28
P0174,301,Equipment,Bulldozer,hour,4832,148.08,715502.22
P0174,302,Equipment,Loader,hour,1606,120.23,193096.02
P0174,303,Equipment,Compactor,hour,12970,98.82,1281681.25
P0174,400,Fuel,Diesel,gallon,29441,3.66,107814.1
P0174,500,Subcontractor,Concrete Work,job,14,28485.25,398793.54
P0174,501,Subcontractor,Utility Work,job,8,21069.62,168556.99
P0175,100,Labor,General Labor,hour,24213,29.98,725976.28
P0175,101,Labor,Equipment Operators,hour,19870,43.07,855864.56
P0175,102,Labor,Supervisors,hour,9323,59.05,550510.0
P0175,103,Labor,Skilled Labor,hour,22901,50.48,1155959.02
P0175,200,Materials,Gravel,ton,1446,32.1,46410.97
P0175,201,Materials,Concrete,cubic_yard,1632,139.42,227533.64
P0175,202,Materials,Asphalt,ton,28779,96.37,2773520.75
P0175,203,Materials,Topsoil,cubic_yard,11228,40.07,449876.46
P0175,300,Equipment,Excavator,hour,9297,144.39,1342416.44
P0175,301,Equipment,Bulldozer,hour,3587,144.71,519060.51
P0175,302,Equipment,Loader,hour,8244,122.73,1011777.62
P0175,303,Equipment,Compactor,hour,2312,89.59,207130.02
P0175,400,Fuel,Diesel,gallon,83690,3.92,328001.21
P0175,500,Subcontractor,Concrete Work,job,9,27226.19,245035.74
P0175,501,Subcontractor,Utility Work,job,4,22098.12,88392.47
P0176,100,Labor,General Labor,hour,4077,30.3,123542.4
P0176,101,Labor,Equipment Operators,hour,5324,43.51,231635.78
P0176,102,Labor,Supervisors,hour,4589,54.71,251059.21
P0176,103,Labor,Skilled Labor,hour,2159,46.59,100590.93
P0176,200,Materials,Gravel,ton,4735,34.29,162357.08
P0176,201,Materials,Concrete,cubic_yard,1170,148.52,173773.52
P0176,202,Materials,Asphalt,ton,860,94.74,81472.27
P0176,203,Materials,Topsoil,cubic_yard,6418,37.46,240427.89
P0176,300,Equipment,Excavator,hour,558,142.55,79544.56
P0176,301,Equipment,Bulldozer,hour,3218,146.48,471383.0
P0176,302,Equipment,Loader,hour,618,117.96,72896.23
P0176,303,Equipment,Compactor,hour,1902,97.24,184952.61
P0176,400,Fuel,Diesel,gallon,7127,3.8,27080.86
P0176,500,Subcontractor,Concrete Work,job,1,26734.91,26734.91
P0176,501,Subcontractor,Utility Work,job,3,23713.75,71141.26
P0177,100,Labor,General Labor,hour,1017,33.49,34062.99
P0177,101,Labor,Equipment Operators,hour,1630,41.21,67169.05
P0177,102,Labor,Supervisors,hour,2682,59.31,159073.5
P0177,103,Labor,Skilled Labor,hour,4529,45.3,205172.44
P0177,200,Materials,Gravel,ton,2190,31.94,69947.45
P0177,201,Materials,Concrete,cubic_yard,2151,138.76,298469.19
P0177,202,Materials,Asphalt,ton,2009,97.76,196394.29
P0177,203,Materials,Topsoil,cubic_yard,1090,38.03,41452.41
P0177,300,Equipment,Excavator,hour,2288,128.08,293042.57
P0177,301,Equipment,Bulldozer,hour,1054,154.29,162625.46
P0177,302,Equipment,Loader,hour,3223,116.0,373854.98
P0177,303,Equipment,Compactor,hour,3417,102.02,348606.63
P0177,400,Fuel,Diesel,gallon,24603,4.15,102025.4
P0177,500,Subcontractor,Concrete Work,job,2,28439.94,56879.89
P0177,501,Subcontractor,Utility Work,job,2,22679.62,45359.25
P0178,100,Labor,General Labor,hour,19261,31.05,598064.31
P0178,101,Labor,Equipment Operators,hour,16001,41.42,662753.5
P0178,102,Labor,Supervisors,hour,22105,57.86,1279056.6
P0178,103,Labor,Skilled Labor,hour,8573,49.86,427467.41
P0178,200,Materials,Gravel,ton,13953,34.63,483226.09
P0178,201,Materials,Concrete,cubic_yard,14799,148.09,2191514.89
P0178,202,Materials,Asphalt,ton,20425,95.47,1950053.12
P0178,203,Materials,Topsoil,cubic_yard,2870,36.5,104760.63
P0178,300,Equipment,Excavator,hour,8878,132.58,1177039.02
P0178,301,Equipment,Bulldozer,hour,3158,145.4,459173.76
P0178,302,Equipment,Loader,hour,10788,126.64,1366224.54
P0178,303,Equipment,Compactor,hour,4344,88.02,382379.34
P0178,400,Fuel,Diesel,gallon,32172,4.15,133431.07
P0178,500,Subcontractor,Concrete Work,job,12,28912.82,346953.79
P0178,501,Subcontractor,Utility Work,job,12,20599.15,247189.74
P0179,100,Labor,General Labor,hour,17616,31.33,551959.98
P0179,101,Labor,Equipment Operators,hour,10398,40.76,423772.19
P0179,102,Labor,Supervisors,hour,5800,50.72,294166.76
P0179,103,Labor,Skilled Labor,hour,20135,47.49,956270.78
P0179,200,Materials,Gravel,ton,6349,31.81,201969.79
P0179,201,Materials,Concrete,cubic_yard,21163,142.17,3008646.03
P0179,202,Materials,Asphalt,ton,522,89.5,46719.14
P0179,203,Materials,Topsoil,cubic_yard,17161,40.52,695433.37
P0179,300,Equipment,Excavator,hour,5345,127.08,679243.65
P0179,301,Equipment,Bulldozer,hour,3076,151.37,465626.86
P0179,302,Equipment,Loader,hour,9506,119.52,1136191.6
P0179,303,Equipment,Compactor,hour,3465,101.21,350694.81
P0179,400,Fuel,Diesel,gallon,5306,3.75,19898.9
P0179,500,Subcontractor,Concrete Work,job,5,26952.04,134760.18
P0179,501,Subcontractor,Utility Work,job,5,22379.84,111899.2
P0180,100,Labor,General Labor,hour,18647,33.36,621988.73
P0180,101,Labor,Equipment Operators,hour,3304,44.64,147479.75
P0180,102,Labor,Supervisors,hour,16719,54.18,905808.48
P0180,103,Labor,Skilled Labor,hour,12265,48.26,591914.38
P0180,200,Materials,Gravel,ton,4573,32.97,150761.24
P0180,201,Materials,Concrete,cubic_yard,6606,136.38,900900.81
P0180,202,Materials,Asphalt,ton,6972,96.71,674262.84
P0180,203,Materials,Topsoil,cubic_yard,14057,35.91,504779.6
P0180,300,Equipment,Excavator,hour,1537,127.43,195866.17
P0180,301,Equipment,Bulldozer,hour,3490,163.82,571741.57
P0180,302,Equipment,Loader,hour,7995,124.79,997673.95
P0180,303,Equipment,Compactor,hour,1960,87.65,171791.9
P0180,400,Fuel,Diesel,gallon,39626,4.11,162970.34
P0180,500,Subcontractor,Concrete Work,job,1,27461.26,27461.26
P0180,501,Subcontractor,Utility Work,job,3,20502.68,61508.03
P0181,100,Labor,General Labor,hour,6268,34.32,215133.11
P0181,101,Labor,Equipment Operators,hour,5471,41.11,224895.28
P0181,102,Labor,Supervisors,hour,1576,58.57,92304.38
P0181,103,Labor,Skilled Labor,hour,1638,48.41,79289.09
P0181,200,Materials,Gravel,ton,4735,34.67,164155.09
P0181,201,Materials,Concrete,cubic_yard,4606,136.25,627552.63
P0181,202,Materials,Asphalt,ton,4217,98.8,416641.22
P0181,203,Materials,Topsoil,cubic_yard,9290,40.34,374715.87
P0181,300,Equipment,Excavator,hour,4239,136.68,579398.36
P0181,301,Equipment,Bulldozer,hour,2103,152.39,320486.11
P0181,302,Equipment,Loader,hour,4963,117.47,582997.78
P0181,303,Equipment,Compactor,hour,1769,95.36,168693.64
P0181,400,Fuel,Diesel,gallon,37115,3.99,148052.39
P0181,500,Subcontractor,Concrete Work,job,3,26625.56,79876.67
P0181,501,Subcontractor,Utility Work,job,4,23478.17,93912.68
P0182,100,Labor,General Labor,hour,1614,34.32,55393.0
P0182,101,Labor,Equipment Operators,hour,791,43.51,34414.72
P0182,102,Labor,Supervisors,hour,1798,50.66,91083.11
P0182,103,Labor,Skilled Labor,hour,1104,47.51,52451.12
P0182,200,Materials,Gravel,ton,2025,36.62,74163.68
P0182,201,Materials,Concrete,cubic_yard,839,156.31,131143.25
P0182,202,Materials,Asphalt,ton,136,87.66,11921.26
P0182,203,Materials,Topsoil,cubic_yard,1356,36.24,49147.45
P0182,300,Equipment,Excavator,hour,520,133.14,69232.35
P0182,301,Equipment,Bulldozer,hour,261,156.78,40919.81
P0182,302,Equipment,Loader,hour,838,115.31,96633.39
P0182,303,Equipment,Compactor,hour,187,97.25,18185.92
P0182,400,Fuel,Diesel,gallon,2269,3.76,8541.73
P0182,500,Subcontractor,Concrete Work,job,1,26399.04,26399.04
P0182,501,Subcontractor,Utility Work,job,1,20828.53,20828.53
P0183,100,Labor,General Labor,hour,14367,30.54,438830.53
P0183,101,Labor,Equipment Operators,hour,15549,42.47,660333.6
P0183,102,Labor,Supervisors,hour,4159,56.64,235567.49
P0183,103,Labor,Skilled Labor,hour,12941,50.58,654505.14
P0183,200,Materials,Gravel,ton,10279,33.43,343590.69
P0183,201,Materials,Concrete,cubic_yard,10329,149.69,1546186.19
P0183,202,Materials,Asphalt,ton,8331,98.72,822450.13
P0183,203,Materials,Topsoil,cubic_yard,9205,40.95,376903.54
P0183,300,Equipment,Excavator,hour,4406,142.32,627073.79
P0183,301,Equipment,Bulldozer,hour,4876,145.73,710560.49
P0183,302,Equipment,Loader,hour,1512,111.52,168614.3
P0183,303,Equipment,Compactor,hour,1954,94.63,184899.28
P0183,400,Fuel,Diesel,gallon,48399,3.77,182574.85
P0183,500,Subcontractor,Concrete Work,job,7,29350.51,205453.57
P0183,501,Subcontractor,Utility Work,job,5,21175.89,105879.46
P0184,100,Labor,General Labor,hour,15514,30.63,475209.91
P0184,101,Labor,Equipment Operators,hour,30208,42.04,1269860.84
P0184,102,Labor,Supervisors,hour,14309,54.65,782052.44
P0184,103,Labor,Skilled Labor,hour,10342,50.25,519713.25
P0184,200,Materials,Gravel,ton,850,36.04,30632.94
P0184,201,Materials,Concrete,cubic_yard,14201,150.68,2139839.18
P0184,202,Materials,Asphalt,ton,35868,86.86,3115598.97
P0184,203,Materials,Topsoil,cubic_yard,24617,37.63,926341.07
P0184,300,Equipment,Excavator,hour,14674,138.88,2037992.77
P0184,301,Equipment,Bulldozer,hour,13306,144.87,1927579.82
P0184,302,Equipment,Loader,hour,17787,118.09,2100395.14
P0184,303,Equipment,Compactor,hour,7165,91.83,657946.71
P0184,400,Fuel,Diesel,gallon,127482,3.86,491918.5
P0184,500,Subcontractor,Concrete Work,job,4,28445.59,113782.35
P0184,501,Subcontractor,Utility Work,job,8,22023.5,176188.03
P0185,100,Labor,General Labor,hour,2982,32.19,95987.51
P0185,101,Labor,Equipment Operators,hour,3295,44.99,148243.85
P0185,102,Labor,Supervisors,hour,3129,56.3,176157.95
P0185,103,Labor,Skilled Labor,hour,4077,47.31,192877.39
P0185,200,Materials,Gravel,ton,5253,33.61,176564.97
P0185,201,Materials,Concrete,cubic_yard,477,154.46,73678.17
P0185,202,Materials,Asphalt,ton,4826,87.79,423677.75
P0185,203,Materials,Topsoil,cubic_yard,244,40.45,9870.03
P0185,300,Equipment,Excavator,hour,2149,127.25,273465.41
P0185,301,Equipment,Bulldozer,hour,880,153.87,135403.0
P0185,302,Equipment,Loader,hour,2476,112.67,278959.42
P0185,303,Equipment,Compactor,hour,1136,100.78,114485.26
P0185,400,Fuel,Diesel,gallon,11801,3.98,47011.42
P0185,500,Subcontractor,Concrete Work,job,1,28299.33,28299.33
P0185,501,Subcontractor,Utility Work,job,2,20789.97,41579.93
P0186,100,Labor,General Labor,hour,17419,33.35,580880.36
P0186,101,Labor,Equipment Operators,hour,6257,43.04,269283.93
P0186,102,Labor,Supervisors,hour,14389,58.09,835906.96
P0186,103,Labor,Skilled Labor,hour,11026,48.82,538268.55
P0186,200,Materials,Gravel,ton,6692,34.47,230658.85
P0186,201,Materials,Concrete,cubic_yard,1734,152.44,264330.89
P0186,202,Materials,Asphalt,ton,1199,85.69,102739.99
P0186,203,Materials,Topsoil,cubic_yard,11063,39.79,440215.04
P0186,300,Equipment,Excavator,hour,4646,139.07,646099.36
P0186,301,Equipment,Bulldozer,hour,3244,146.68,475820.5
P0186,302,Equipment,Loader,hour,3523,117.48,413880.28
P0186,303,Equipment,Compactor,hour,1529,102.19,156243.55
P0186,400,Fuel,Diesel,gallon,58412,3.91,228508.77
P0186,500,Subcontractor,Concrete Work,job,8,28961.33,231690.67
P0186,501,Subcontractor,Utility Work,job,5,22424.89,112124.46
P0187,100,Labor,General Labor,hour,12365,31.74,392423.07
P0187,101,Labor,Equipment Operators,hour,5964,42.82,255366.57
P0187,102,Labor,Supervisors,hour,11352,50.95,578399.88
P0187,103,Labor,Skilled Labor,hour,7648,50.78,388331.84
P0187,200,Materials,Gravel,ton,12500,35.69,446143.3
P0187,201,Materials,Concrete,cubic_yard,12387,139.11,1723131.01
P0187,202,Materials,Asphalt,ton,6909,87.77,606407.23
P0187,203,Materials,Topsoil,cubic_yard,7126,35.0,249380.45
P0187,300,Equipment,Excavator,hour,8184,130.69,1069557.57
P0187,301,Equipment,Bulldozer,hour,9672,155.3,1502023.02
P0187,302,Equipment,Loader,hour,7486,127.11,951538.84
P0187,303,Equipment,Compactor,hour,2199,92.46,203309.56
P0187,400,Fuel,Diesel,gallon,49826,3.65,182001.76
P0187,500,Subcontractor,Concrete Work,job,9,29275.11,263476.01
P0187,501,Subcontractor,Utility Work,job,8,23339.47,186715.74
P0188,100,Labor,General Labor,hour,19566,30.5,596737.99
P0188,101,Labor,Equipment Operators,hour,17032,39.72,676530.39
P0188,102,Labor,Supervisors,hour,12259,55.59,681429.9
P0188,103,Labor,Skilled Labor,hour,3286,48.69,159998.72
P0188,200,Materials,Gravel,ton,24022,32.57,782458.24
P0188,201,Materials,Concrete,cubic_yard,9126,152.45,1391287.02
P0188,202,Materials,Asphalt,ton,2108,98.55,207741.41
P0188,203,Materials,Topsoil,cubic_yard,16830,35.06,590143.05
P0188,300,Equipment,Excavator,hour,3972,135.69,538950.12
P0188,301,Equipment,Bulldozer,hour,6488,158.26,1026762.02
P0188,302,Equipment,Loader,hour,3923,115.26,452182.38
P0188,303,Equipment,Compactor,hour,917,88.78,81408.45
P0188,400,Fuel,Diesel,gallon,39195,3.88,152239.33
P0188,500,Subcontractor,Concrete Work,job,5,25767.9,128839.5
P0188,501,Subcontractor,Utility Work,job,13,20830.77,270799.97
P0189,100,Labor,General Labor,hour,7003,32.33,226374.66
P0189,101,Labor,Equipment Operators,hour,7696,40.03,308095.05
P0189,102,Labor,Supervisors,hour,6405,51.04,326923.37
P0189,103,Labor,Skilled Labor,hour,4063,46.4,188530.59
P0189,200,Materials,Gravel,ton,5645,33.34,188204.24
P0189,201,Materials,Concrete,cubic_yard,2110,150.31,317156.73
P0189,202,Materials,Asphalt,ton,1035,98.84,102304.34
P0189,203,Materials,Topsoil,cubic_yard,10187,37.13,378222.12
P0189,300,Equipment,Excavator,hour,8493,132.64,1126509.38
P0189,301,Equipment,Bulldozer,hour,5646,159.93,902939.56
P0189,302,Equipment,Loader,hour,6103,114.65,699720.41
P0189,303,Equipment,Compactor,hour,2014,91.48,184232.32
P0189,400,Fuel,Diesel,gallon,7047,3.72,26231.99
P0189,500,Subcontractor,Concrete Work,job,4,25876.73,103506.92
P0189,501,Subcontractor,Utility Work,job,3,22166.47,66499.41
P0190,100,Labor,General Labor,hour,10794,33.94,366308.28
P0190,101,Labor,Equipment Operators,hour,3666,38.75,142064.16
P0190,102,Labor,Supervisors,hour,5180,52.91,274087.02
P0190,103,Labor,Skilled Labor,hour,4165,48.48,201898.56
P0190,200,Materials,Gravel,ton,14883,33.44,497753.83
P0190,201,Materials,Concrete,cubic_yard,1827,133.77,244403.38
P0190,202,Materials,Asphalt,ton,9305,92.38,859614.48
P0190,203,Materials,Topsoil,cubic_yard,6779,39.46,267499.82
P0190,300,Equipment,Excavator,hour,7318,129.23,945712.13
P0190,301,Equipment,Bulldozer,hour,4330,160.77,696142.58
P0190,302,Equipment,Loader,hour,3348,119.66,400609.03
P0190,303,Equipment,Compactor,hour,5513,99.61,549176.95
P0190,400,Fuel,Diesel,gallon,65109,3.66,238497.54
P0190,500,Subcontractor,Concrete Work,job,4,26119.42,104477.7
P0190,501,Subcontractor,Utility Work,job,4,20627.08,82508.3
P0191,100,Labor,General Labor,hour,10668,31.66,337738.75
P0191,101,Labor,Equipment Operators,hour,10773,39.98,430751.2
P0191,102,Labor,Supervisors,hour,8935,54.8,489630.52
P0191,103,Labor,Skilled Labor,hour,7580,44.56,337742.66
P0191,200,Materials,Gravel,ton,8436,35.18,296812.75
P0191,201,Materials,Concrete,cubic_yard,11935,146.01,1742604.63
P0191,202,Materials,Asphalt,ton,3359,84.86,285028.48
P0191,203,Materials,Topsoil,cubic_yard,17998,40.7,732590.59
P0191,300,Equipment,Excavator,hour,5297,128.31,679666.59
P0191,301,Equipment,Bulldozer,hour,3041,161.18,490158.54
P0191,302,Equipment,Loader,hour,7575,122.26,926147.89
P0191,303,Equipment,Compactor,hour,6345,92.97,589863.36
P0191,400,Fuel,Diesel,gallon,54677,3.65,199761.51
P0191,500,Subcontractor,Concrete Work,job,6,29708.99,178253.97
P0191,501,Subcontractor,Utility Work,job,2,22858.85,45717.7
P0192,100,Labor,General Labor,hour,3897,29.67,115623.27
P0192,101,Labor,Equipment Operators,hour,7524,41.12,309371.35
P0192,102,Labor,Supervisors,hour,4788,51.41,246127.79
P0192,103,Labor,Skilled Labor,hour,3432,48.73,167240.21
P0192,200,Materials,Gravel,ton,18640,32.31,602313.54
P0192,201,Materials,Concrete,cubic_yard,1345,144.89,194876.61
P0192,202,Materials,Asphalt,ton,10420,86.27,898916.09
P0192,203,Materials,Topsoil,cubic_yard,10696,39.14,418620.22
P0192,300,Equipment,Excavator,hour,2075,143.27,297293.65
P0192,301,Equipment,Bulldozer,hour,4692,152.22,714206.15
P0192,302,Equipment,Loader,hour,5451,129.31,704892.92
P0192,303,Equipment,Compactor,hour,1195,100.65,120273.69
P0192,400,Fuel,Diesel,gallon,16637,3.98,66175.51
P0192,500,Subcontractor,Concrete Work,job,5,29624.33,148121.67
P0192,501,Subcontractor,Utility Work,job,10,22870.11,228701.09
P0193,100,Labor,General Labor,hour,20280,31.9,646835.2
P0193,101,Labor,Equipment Operators,hour,17294,41.67,720669.69
P0193,102,Labor,Supervisors,hour,19676,55.38,1089565.5
P0193,103,Labor,Skilled Labor,hour,13295,46.92,623821.96
P0193,200,Materials,Gravel,ton,9401,36.51,343225.44
P0193,201,Materials,Concrete,cubic_yard,21398,145.51,3113558.04
P0193,202,Materials,Asphalt,ton,14421,89.53,1291149.88
P0193,203,Materials,Topsoil,cubic_yard,12314,36.97,455292.33
P0193,300,Equipment,Excavator,hour,9842,126.11,1241219.33
P0193,301,Equipment,Bulldozer,hour,7273,158.35,1151649.5
P0193,302,Equipment,Loader,hour,10312,125.99,1299239.16
P0193,303,Equipment,Compactor,hour,6589,94.71,624033.35
P0193,400,Fuel,Diesel,gallon,62534,3.7,231600.13
P0193,500,Subcontractor,Concrete Work,job,7,26031.71,182221.98
P0193,501,Subcontractor,Utility Work,job,2,21417.64,42835.29
P0194,100,Labor,General Labor,hour,15212,34.33,522253.94
P0194,101,Labor,Equipment Operators,hour,6251,42.9,268166.84
P0194,102,Labor,Supervisors,hour,14536,58.98,857311.38
P0194,103,Labor,Skilled Labor,hour,4367,48.63,212384.03
P0194,200,Materials,Gravel,ton,1779,32.41,57649.96
P0194,201,Materials,Concrete,cubic_yard,10801,142.26,1536603.36
P0194,202,Materials,Asphalt,ton,14252,97.29,1386615.79
P0194,203,Materials,Topsoil,cubic_yard,17674,35.21,622253.57
P0194,300,Equipment,Excavator,hour,9043,125.35,1133523.12
P0194,301,Equipment,Bulldozer,hour,7410,166.63,1234726.3
P0194,302,Equipment,Loader,hour,8615,124.47,1072304.66
P0194,303,Equipment,Compactor,hour,9371,101.8,953944.26
P0194,400,Fuel,Diesel,gallon,41945,3.91,163941.07
P0194,500,Subcontractor,Concrete Work,job,9,29406.52,264658.66
P0194,501,Subcontractor,Utility Work,job,3,23003.54,69010.63
P0195,100,Labor,General Labor,hour,3086,32.41,100014.35
P0195,101,Labor,Equipment Operators,hour,1704,38.76,66049.44
P0195,102,Labor,Supervisors,hour,934,55.96,52264.96
P0195,103,Labor,Skilled Labor,hour,2921,45.7,133490.06
P0195,200,Materials,Gravel,ton,2237,33.7,75387.47
P0195,201,Materials,Concrete,cubic_yard,1076,145.24,156276.07
P0195,202,Materials,Asphalt,ton,213,97.26,20716.08
P0195,203,Materials,Topsoil,cubic_yard,866,37.16,32177.91
P0195,300,Equipment,Excavator,hour,80,125.52,10041.96
P0195,301,Equipment,Bulldozer,hour,282,148.48,41872.65
P0195,302,Equipment,Loader,hour,361,127.82,46144.26
P0195,303,Equipment,Compactor,hour,1355,95.58,129508.1
P0195,400,Fuel,Diesel,gallon,8708,3.88,33756.1
P0195,500,Subcontractor,Concrete Work,job,1,28402.86,28402.86
P0195,501,Subcontractor,Utility Work,job,2,21907.08,43814.16
P0196,100,Labor,General Labor,hour,2039,34.3,69946.98
P0196,101,Labor,Equipment Operators,hour,448,39.04,17490.65
P0196,102,Labor,Supervisors,hour,1298,59.39,77086.62
P0196,103,Labor,Skilled Labor,hour,504,48.12,24252.36
P0196,200,Materials,Gravel,ton,755,32.11,24243.93
P0196,201,Materials,Concrete,cubic_yard,452,156.36,70673.61
P0196,202,Materials,Asphalt,ton,948,88.98,84354.79
P0196,203,Materials,Topsoil,cubic_yard,241,35.79,8625.99
P0196,300,Equipment,Excavator,hour,390,135.31,52769.92
P0196,301,Equipment,Bulldozer,hour,204,152.83,31176.48
P0196,302,Equipment,Loader,hour,392,120.17,47108.55
P0196,303,Equipment,Compactor,hour,684,99.38,67973.97
P0196,400,Fuel,Diesel,gallon,2606,3.88,10101.23
P0196,500,Subcontractor,Concrete Work,job,1,27926.43,27926.43
P0196,501,Subcontractor,Utility Work,job,1,22926.96,22926.96
P0197,100,Labor,General Labor,hour,14310,33.43,478440.23
P0197,101,Labor,Equipment Operators,hour,4517,41.59,187865.56
P0197,102,Labor,Supervisors,hour,19411,52.86,1026111.03
P0197,103,Labor,Skilled Labor,hour,16433,46.85,769906.51
P0197,200,Materials,Gravel,ton,17147,35.92,615907.57
P0197,201,Materials,Concrete,cubic_yard,20072,137.98,2769624.34
P0197,202,Materials,Asphalt,ton,4316,93.27,402536.09
P0197,203,Materials,Topsoil,cubic_yard,4512,38.8,175053.47
P0197,300,Equipment,Excavator,hour,6993,127.22,889677.5
P0197,301,Equipment,Bulldozer,hour,10699,162.78,1741557.17
P0197,302,Equipment,Loader,hour,787,119.04,93682.91
P0197,303,Equipment,Compactor,hour,6255,97.46,609628.22
P0197,400,Fuel,Diesel,gallon,20154,4.1,82620.67
P0197,500,Subcontractor,Concrete Work,job,10,27804.17,278041.73
P0197,501,Subcontractor,Utility Work,job,4,22195.94,88783.75
P0198,100,Labor,General Labor,hour,6735,32.37,218037.04
P0198,101,Labor,Equipment Operators,hour,9889,44.54,440470.32
P0198,102,Labor,Supervisors,hour,12340,58.72,724615.41
P0198,103,Labor,Skilled Labor,hour,8156,44.85,365813.54
P0198,200,Materials,Gravel,ton,14877,32.27,480135.88
P0198,201,Materials,Concrete,cubic_yard,9640,142.86,1377150.82
P0198,202,Materials,Asphalt,ton,1801,84.75,152643.65
P0198,203,Materials,Topsoil,cubic_yard,605,35.91,21724.4
P0198,300,Equipment,Excavator,hour,6890,126.77,873458.62
P0198,301,Equipment,Bulldozer,hour,5845,150.64,880480.32
P0198,302,Equipment,Loader,hour,4097,128.48,526393.31
P0198,303,Equipment,Compactor,hour,4828,100.99,487565.85
P0198,400,Fuel,Diesel,gallon,52930,3.6,190353.16
P0198,500,Subcontractor,Concrete Work,job,8,26299.3,210394.44
P0198,501,Subcontractor,Utility Work,job,3,20365.39,61096.18
P0199,100,Labor,General Labor,hour,17166,34.14,585988.08
P0199,101,Labor,Equipment Operators,hour,24218,40.41,978704.93
P0199,102,Labor,Supervisors,hour,4710,54.91,258610.72
P0199,103,Labor,Skilled Labor,hour,17458,44.39,774876.11
P0199,200,Materials,Gravel,ton,21741,35.29,767226.44
P0199,201,Materials,Concrete,cubic_yard,3525,150.97,532155.61
P0199,202,Materials,Asphalt,ton,30107,86.62,2607976.94
P0199,203,Materials,Topsoil,cubic_yard,19959,38.43,766941.14
P0199,300,Equipment,Excavator,hour,2288,131.07,299886.96
P0199,301,Equipment,Bulldozer,hour,1331,154.8,206033.47
P0199,302,Equipment,Loader,hour,14505,112.53,1632191.71
P0199,303,Equipment,Compactor,hour,7198,89.79,646280.14
P0199,400,Fuel,Diesel,gallon,11267,3.59,40469.48
P0199,500,Subcontractor,Concrete Work,job,4,26522.26,106089.05
P0199,501,Subcontractor,Utility Work,job,8,22344.2,178753.61
P0200,100,Labor,General Labor,hour,4374,34.24,149748.15
P0200,101,Labor,Equipment Operators,hour,3823,42.07,160825.43
P0200,102,Labor,Supervisors,hour,2413,59.11,142644.19
P0200,103,Labor,Skilled Labor,hour,3280,48.99,160701.26
P0200,200,Materials,Gravel,ton,1616,32.97,53279.83
P0200,201,Materials,Concrete,cubic_yard,1917,135.63,260002.25
P0200,202,Materials,Asphalt,ton,5044,93.16,469883.76
P0200,203,Materials,Topsoil,cubic_yard,1681,37.44,62938.99
P0200,300,Equipment,Excavator,hour,2603,134.84,350975.88
P0200,301,Equipment,Bulldozer,hour,1157,166.32,192436.14
P0200,302,Equipment,Loader,hour,2444,127.89,312574.71
P0200,303,Equipment,Compactor,hour,2545,98.73,251258.06
P0200,400,Fuel,Diesel,gallon,16851,3.63,61115.29
P0200,500,Subcontractor,Concrete Work,job,3,28966.87,86900.62
P0200,501,Subcontractor,Utility Work,job,3,23684.02,71052.05
P0201,100,Labor,General Labor,hour,2277,30.1,68536.01
P0201,101,Labor,Equipment Operators,hour,886,41.99,37204.57
P0201,102,Labor,Supervisors,hour,2301,53.67,123499.85
P0201,103,Labor,Skilled Labor,hour,2457,47.14,115819.23
P0201,200,Materials,Gravel,ton,793,32.99,26159.69
P0201,201,Materials,Concrete,cubic_yard,1364,154.24,210376.78
P0201,202,Materials,Asphalt,ton,1889,87.48,165257.1
P0201,203,Materials,Topsoil,cubic_yard,2229,40.51,90307.35
P0201,300,Equipment,Excavator,hour,1080,142.01,153374.18
P0201,301,Equipment,Bulldozer,hour,51,166.9,8512.0
P0201,302,Equipment,Loader,hour,783,125.96,98629.73
P0201,303,Equipment,Compactor,hour,335,94.02,31498.16
P0201,400,Fuel,Diesel,gallon,9454,4.15,39219.68
P0201,500,Subcontractor,Concrete Work,job,1,27983.41,27983.41
P0201,501,Subcontractor,Utility Work,job,1,20723.98,20723.98
P0202,100,Labor,General Labor,hour,9175,30.44,279317.27
P0202,101,Labor,Equipment Operators,hour,11749,43.7,513381.38
P0202,102,Labor,Supervisors,hour,16570,59.08,978976.42
P0202,103,Labor,Skilled Labor,hour,5563,44.67,248501.36
P0202,200,Materials,Gravel,ton,10799,35.73,385854.02
P0202,201,Materials,Concrete,cubic_yard,19600,154.73,3032719.26
P0202,202,Materials,Asphalt,ton,14868,92.2,1370827.51
P0202,203,Materials,Topsoil,cubic_yard,3547,37.78,134016.81
P0202,300,Equipment,Excavator,hour,6008,137.86,828257.81
P0202,301,Equipment,Bulldozer,hour,4661,147.37,686912.18
P0202,302,Equipment,Loader,hour,4780,114.52,547402.93
P0202,303,Equipment,Compactor,hour,3164,89.94,284562.89
P0202,400,Fuel,Diesel,gallon,37038,3.63,134512.64
P0202,500,Subcontractor,Concrete Work,job,6,26697.88,160187.28
P0202,501,Subcontractor,Utility Work,job,6,21029.81,126178.87
P0203,100,Labor,General Labor,hour,3019,29.51,89101.19
P0203,101,Labor,Equipment Operators,hour,15106,44.87,677746.21
P0203,102,Labor,Supervisors,hour,2986,52.37,156381.1
P0203,103,Labor,Skilled Labor,hour,13519,50.78,686542.47
P0203,200,Materials,Gravel,ton,10746,36.68,394193.91
P0203,201,Materials,Concrete,cubic_yard,4733,146.42,693011.01
P0203,202,Materials,Asphalt,ton,3259,87.18,284111.88
P0203,203,Materials,Topsoil,cubic_yard,1507,38.28,57683.21
P0203,300,Equipment,Excavator,hour,9000,127.16,1144447.27
P0203,301,Equipment,Bulldozer,hour,7823,156.91,1227529.11
P0203,302,Equipment,Loader,hour,1582,116.98,185063.14
P0203,303,Equipment,Compactor,hour,7742,95.48,739215.99
P0203,400,Fuel,Diesel,gallon,42167,4.09,172429.56
P0203,500,Subcontractor,Concrete Work,job,5,27214.22,136071.11
P0203,501,Subcontractor,Utility Work,job,5,22528.63,112643.15
P0204,100,Labor,General Labor,hour,3547,30.75,109074.75
P0204,101,Labor,Equipment Operators,hour,7872,40.19,316375.35
P0204,102,Labor,Supervisors,hour,3781,55.43,209591.24
P0204,103,Labor,Skilled Labor,hour,6794,49.55,336668.1
P0204,200,Materials,Gravel,ton,1201,31.44,37765.09
P0204,201,Materials,Concrete,cubic_yard,3919,139.35,546093.38
P0204,202,Materials,Asphalt,ton,6072,94.15,571670.95
P0204,203,Materials,Topsoil,cubic_yard,4309,39.04,168214.01
P0204,300,Equipment,Excavator,hour,342,126.65,43316.0
P0204,301,Equipment,Bulldozer,hour,423,156.95,66390.78
P0204,302,Equipment,Loader,hour,1461,128.28,187418.64
P0204,303,Equipment,Compactor,hour,224,95.26,21337.88
P0204,400,Fuel,Diesel,gallon,2099,3.67,7699.32
P0204,500,Subcontractor,Concrete Work,job,2,29888.44,59776.88
P0204,501,Subcontractor,Utility Work,job,1,21152.48,21152.48
P0205,100,Labor,General Labor,hour,5711,32.79,187258.44
P0205,101,Labor,Equipment Operators,hour,7938,43.0,341349.24
P0205,102,Labor,Supervisors,hour,11384,55.81,635380.51
P0205,103,Labor,Skilled Labor,hour,10304,44.26,456023.31
P0205,200,Materials,Gravel,ton,10043,35.12,352754.51
P0205,201,Materials,Concrete,cubic_yard,11842,154.5,1829585.79
P0205,202,Materials,Asphalt,ton,4576,96.34,440858.07
P0205,203,Materials,Topsoil,cubic_yard,1546,37.17,57463.37
P0205,300,Equipment,Excavator,hour,1956,140.72,275250.31
P0205,301,Equipment,Bulldozer,hour,2293,164.93,378184.97
P0205,302,Equipment,Loader,hour,462,110.94,51253.34
P0205,303,Equipment,Compactor,hour,760,101.84,77401.3
P0205,400,Fuel,Diesel,gallon,37067,4.07,150926.53
P0205,500,Subcontractor,Concrete Work,job,7,27037.68,189263.74
P0205,501,Subcontractor,Utility Work,job,5,22473.51,112367.53
P0206,100,Labor,General Labor,hour,15333,31.84,488158.05
P0206,101,Labor,Equipment Operators,hour,6290,39.4,247836.1
P0206,102,Labor,Supervisors,hour,16849,51.17,862202.85
P0206,103,Labor,Skilled Labor,hour,14196,45.7,648724.83
P0206,200,Materials,Gravel,ton,6771,33.48,226708.57
P0206,201,Materials,Concrete,cubic_yard,7418,145.0,1075637.36
P0206,202,Materials,Asphalt,ton,12866,99.35,1278243.21
P0206,203,Materials,Topsoil,cubic_yard,21974,40.12,881497.15
P0206,300,Equipment,Excavator,hour,12063,138.41,1669601.67
P0206,301,Equipment,Bulldozer,hour,13760,147.44,2028732.83
P0206,302,Equipment,Loader,hour,13323,114.89,1530737.0
P0206,303,Equipment,Compactor,hour,13825,97.52,1348194.68
P0206,400,Fuel,Diesel,gallon,33232,3.99,132665.38
P0206,500,Subcontractor,Concrete Work,job,10,26949.42,269494.25
P0206,501,Subcontractor,Utility Work,job,12,22846.63,274159.61
P0207,100,Labor,General Labor,hour,5439,31.29,170162.88
P0207,101,Labor,Equipment Operators,hour,5615,42.85,240613.37
P0207,102,Labor,Supervisors,hour,4257,56.9,242235.05
P0207,103,Labor,Skilled Labor,hour,4321,44.55,192513.1
P0207,200,Materials,Gravel,ton,2345,31.61,74122.5
P0207,201,Materials,Concrete,cubic_yard,2161,135.48,292769.87
P0207,202,Materials,Asphalt,ton,1030,89.52,92202.21
P0207,203,Materials,Topsoil,cubic_yard,3242,37.73,122307.35
P0207,300,Equipment,Excavator,hour,1873,140.39,262959.8
P0207,301,Equipment,Bulldozer,hour,1549,160.78,249044.58
P0207,302,Equipment,Loader,hour,1066,123.71,131878.18
P0207,303,Equipment,Compactor,hour,624,100.13,62480.06
P0207,400,Fuel,Diesel,gallon,3710,4.06,15080.2
P0207,500,Subcontractor,Concrete Work,job,1,29107.91,29107.91
P0207,501,Subcontractor,Utility Work,job,2,20340.63,40681.27
P0208,100,Labor,General Labor,hour,12951,29.59,383247.37
P0208,101,Labor,Equipment Operators,hour,12100,40.03,484327.52
P0208,102,Labor,Supervisors,hour,6888,56.06,386134.2
P0208,103,Labor,Skilled Labor,hour,8256,50.63,418031.06
P0208,200,Materials,Gravel,ton,8165,32.17,262669.57
P0208,201,Materials,Concrete,cubic_yard,4122,151.1,622817.54
P0208,202,Materials,Asphalt,ton,12059,95.52,1151840.25
P0208,203,Materials,Topsoil,cubic_yard,13593,39.62,538617.14
P0208,300,Equipment,Excavator,hour,475,124.2,58995.1
P0208,301,Equipment,Bulldozer,hour,2575,142.65,367323.44
P0208,302,Equipment,Loader,hour,3291,123.43,406205.36
P0208,303,Equipment,Compactor,hour,5470,91.43,500126.73
P0208,400,Fuel,Diesel,gallon,55310,3.67,202792.76
P0208,500,Subcontractor,Concrete Work,job,6,27749.12,166494.69
P0208,501,Subcontractor,Utility Work,job,6,20928.68,125572.08
P0209,100,Labor,General Labor,hour,1901,34.11,64841.66
P0209,101,Labor,Equipment Operators,hour,7416,45.05,334080.68
P0209,102,Labor,Supervisors,hour,9682,57.24,554233.71
P0209,103,Labor,Skilled Labor,hour,11229,51.16,574488.16
P0209,200,Materials,Gravel,ton,2576,31.6,81398.43
P0209,201,Materials,Concrete,cubic_yard,15950,145.53,2321147.37
P0209,202,Materials,Asphalt,ton,941,89.28,84013.69
P0209,203,Materials,Topsoil,cubic_yard,14806,39.76,588731.83
P0209,300,Equipment,Excavator,hour,8077,126.13,1018740.57
P0209,301,Equipment,Bulldozer,hour,628,145.67,91479.79
P0209,302,Equipment,Loader,hour,2465,113.31,279315.21
P0209,303,Equipment,Compactor,hour,4555,89.33,406885.54
P0209,400,Fuel,Diesel,gallon,23172,3.94,91285.75
P0209,500,Subcontractor,Concrete Work,job,9,28576.15,257185.35
P0209,501,Subcontractor,Utility Work,job,2,21959.65,43919.29
P0210,100,Labor,General Labor,hour,1368,30.76,42077.13
P0210,101,Labor,Equipment Operators,hour,1436,43.09,61870.86
P0210,102,Labor,Supervisors,hour,893,55.17,49266.89
P0210,103,Labor,Skilled Labor,hour,2228,49.3,109837.83
P0210,200,Materials,Gravel,ton,4343,31.64,137417.24
P0210,201,Materials,Concrete,cubic_yard,5042,134.12,676232.64
P0210,202,Materials,Asphalt,ton,1442,93.41,134695.09
P0210,203,Materials,Topsoil,cubic_yard,2320,40.84,94737.61
P0210,300,Equipment,Excavator,hour,1718,124.7,214242.02
P0210,301,Equipment,Bulldozer,hour,621,161.76,100454.32
P0210,302,Equipment,Loader,hour,1750,123.19,215586.38
P0210,303,Equipment,Compactor,hour,2539,92.77,235539.1
P0210,400,Fuel,Diesel,gallon,6503,3.6,23436.79
P0210,500,Subcontractor,Concrete Work,job,3,28061.26,84183.79
P0210,501,Subcontractor,Utility Work,job,1,22919.82,22919.82
P0211,100,Labor,General Labor,hour,21745,31.97,695203.76
P0211,101,Labor,Equipment Operators,hour,7903,44.12,348704.19
P0211,102,Labor,Supervisors,hour,6571,57.09,375123.73
P0211,103,Labor,Skilled Labor,hour,5279,47.51,250795.2
P0211,200,Materials,Gravel,ton,15768,35.32,556930.6
P0211,201,Materials,Concrete,cubic_yard,20562,136.61,2808995.3
P0211,202,Materials,Asphalt,ton,14317,90.46,1295177.16
P0211,203,Materials,Topsoil,cubic_yard,20754,40.11,832409.26
P0211,300,Equipment,Excavator,hour,3126,138.02,431448.62
P0211,301,Equipment,Bulldozer,hour,6539,147.27,962982.79
P0211,302,Equipment,Loader,hour,2286,120.33,275077.2
P0211,303,Equipment,Compactor,hour,11657,98.07,1143145.77
P0211,400,Fuel,Diesel,gallon,47210,3.56,167922.34
P0211,500,Subcontractor,Concrete Work,job,10,26973.36,269733.59
P0211,501,Subcontractor,Utility Work,job,8,22596.54,180772.3
P0212,100,Labor,General Labor,hour,7926,30.7,243363.71
P0212,101,Labor,Equipment Operators,hour,19740,39.48,779283.69
P0212,102,Labor,Supervisors,hour,16758,56.3,943403.21
P0212,103,Labor,Skilled Labor,hour,16272,44.81,729168.64
P0212,200,Materials,Gravel,ton,1884,36.1,68011.07
P0212,201,Materials,Concrete,cubic_yard,6021,156.27,940885.62
P0212,202,Materials,Asphalt,ton,5309,87.05,462135.08
P0212,203,Materials,Topsoil,cubic_yard,10712,36.56,391630.96
P0212,300,Equipment,Excavator,hour,7736,138.16,1068767.99
P0212,301,Equipment,Bulldozer,hour,9681,161.78,1566219.95
P0212,302,Equipment,Loader,hour,6351,129.24,820834.17
P0212,303,Equipment,Compactor,hour,9997,88.0,879718.63
P0212,400,Fuel,Diesel,gallon,21503,3.58,76962.95
P0212,500,Subcontractor,Concrete Work,job,2,30104.08,60208.17
P0212,501,Subcontractor,Utility Work,job,8,21521.87,172174.97
P0213,100,Labor,General Labor,hour,4009,31.93,128020.63
P0213,101,Labor,Equipment Operators,hour,3270,43.04,140749.03
P0213,102,Labor,Supervisors,hour,1987,58.69,116622.19
P0213,103,Labor,Skilled Labor,hour,1362,45.46,61918.57
P0213,200,Materials,Gravel,ton,1404,32.83,46100.04
P0213,201,Materials,Concrete,cubic_yard,1497,142.86,213857.55
P0213,202,Materials,Asphalt,ton,2240,89.76,201059.39
P0213,203,Materials,Topsoil,cubic_yard,847,41.01,34736.06
P0213,300,Equipment,Excavator,hour,1233,131.06,161591.57
P0213,301,Equipment,Bulldozer,hour,182,144.51,26300.85
P0213,302,Equipment,Loader,hour,1845,124.21,229175.12
P0213,303,Equipment,Compactor,hour,1060,91.92,97439.96
P0213,400,Fuel,Diesel,gallon,16491,3.86,63660.7
P0213,500,Subcontractor,Concrete Work,job,1,28238.5,28238.5
P0213,501,Subcontractor,Utility Work,job,1,23695.46,23695.46
P0214,100,Labor,General Labor,hour,4748,33.08,157087.54
P0214,101,Labor,Equipment Operators,hour,5192,44.26,229781.3
P0214,102,Labor,Supervisors,hour,1413,56.54,79885.97
P0214,103,Labor,Skilled Labor,hour,2751,45.16,124223.08
P0214,200,Materials,Gravel,ton,6999,31.55,220784.66
P0214,201,Materials,Concrete,cubic_yard,5408,150.02,811329.39
P0214,202,Materials,Asphalt,ton,2568,91.51,234989.33
P0214,203,Materials,Topsoil,cubic_yard,4536,39.54,179345.44
P0214,300,Equipment,Excavator,hour,2132,140.01,298490.97
P0214,301,Equipment,Bulldozer,hour,1468,146.02,214356.45
P0214,302,Equipment,Loader,hour,2801,111.71,312909.46
P0214,303,Equipment,Compactor,hour,225,95.4,21465.69
P0214,400,Fuel,Diesel,gallon,4881,3.97,19377.8
P0214,500,Subcontractor,Concrete Work,job,2,27247.32,54494.64
P0214,501,Subcontractor,Utility Work,job,1,21522.42,21522.42
P0215,100,Labor,General Labor,hour,4770,30.45,145229.75
P0215,101,Labor,Equipment Operators,hour,7506,44.51,334101.01
P0215,102,Labor,Supervisors,hour,8628,57.08,492501.0
P0215,103,Labor,Skilled Labor,hour,1247,50.67,63190.98
P0215,200,Materials,Gravel,ton,7393,33.06,244378.61
P0215,201,Materials,Concrete,cubic_yard,1590,150.01,238522.91
P0215,202,Materials,Asphalt,ton,623,94.21,58690.45
P0215,203,Materials,Topsoil,cubic_yard,5392,39.17,211211.15
P0215,300,Equipment,Excavator,hour,684,129.26,88411.38
P0215,301,Equipment,Bulldozer,hour,2236,153.05,342225.04
P0215,302,Equipment,Loader,hour,1592,127.33,202715.13
P0215,303,Equipment,Compactor,hour,1870,93.81,175419.55
P0215,400,Fuel,Diesel,gallon,11048,4.15,45801.28
P0215,500,Subcontractor,Concrete Work,job,4,26133.05,104532.21
P0215,501,Subcontractor,Utility Work,job,4,21647.68,86590.71
P0216,100,Labor,General Labor,hour,2889,33.69,97342.61
P0216,101,Labor,Equipment Operators,hour,5140,45.21,232371.69
P0216,102,Labor,Supervisors,hour,5732,52.16,298974.68
P0216,103,Labor,Skilled Labor,hour,1467,47.13,69137.73
P0216,200,Materials,Gravel,ton,5907,33.23,196268.41
P0216,201,Materials,Concrete,cubic_yard,4646,150.48,699136.1
P0216,202,Materials,Asphalt,ton,2668,86.61,231073.11
P0216,203,Materials,Topsoil,cubic_yard,6479,37.44,242599.52
P0216,300,Equipment,Excavator,hour,837,136.95,114629.42
P0216,301,Equipment,Bulldozer,hour,2636,148.3,390920.76
P0216,302,Equipment,Loader,hour,2998,112.68,337819.67
P0216,303,Equipment,Compactor,hour,858,89.7,76961.61
P0216,400,Fuel,Diesel,gallon,14573,3.78,55072.37
P0216,500,Subcontractor,Concrete Work,job,3,28275.28,84825.84
P0216,501,Subcontractor,Utility Work,job,1,23272.45,23272.45
P0217,100,Labor,General Labor,hour,7263,32.37,235121.99
P0217,101,Labor,Equipment Operators,hour,4000,42.45,169809.28
P0217,102,Labor,Supervisors,hour,4466,54.81,244793.68
P0217,103,Labor,Skilled Labor,hour,7636,46.18,352602.03
P0217,200,Materials,Gravel,ton,1427,31.71,45248.71
P0217,201,Materials,Concrete,cubic_yard,4680,136.44,638517.04
P0217,202,Materials,Asphalt,ton,6845,96.92,663451.33
P0217,203,Materials,Topsoil,cubic_yard,8636,40.73,351752.94
P0217,300,Equipment,Excavator,hour,1688,143.06,241487.6
P0217,301,Equipment,Bulldozer,hour,4034,155.09,625651.37
P0217,302,Equipment,Loader,hour,1101,125.81,138518.23
P0217,303,Equipment,Compactor,hour,3538,97.63,345418.62
P0217,400,Fuel,Diesel,gallon,20648,4.14,85575.42
P0217,500,Subcontractor,Concrete Work,job,2,28815.73,57631.46
P0217,501,Subcontractor,Utility Work,job,3,23371.23,70113.7
P0218,100,Labor,General Labor,hour,6742,31.34,211311.14
P0218,101,Labor,Equipment Operators,hour,5707,43.54,248461.07
P0218,102,Labor,Supervisors,hour,4708,56.52,266076.02
P0218,103,Labor,Skilled Labor,hour,1668,48.68,81204.88
P0218,200,Materials,Gravel,ton,3088,34.33,106011.43
P0218,201,Materials,Concrete,cubic_yard,2477,145.69,360880.13
P0218,202,Materials,Asphalt,ton,4585,90.12,413208.88
P0218,203,Materials,Topsoil,cubic_yard,4979,36.87,183586.56
P0218,300,Equipment,Excavator,hour,991,128.88,127723.23
P0218,301,Equipment,Bulldozer,hour,766,166.0,127157.93
P0218,302,Equipment,Loader,hour,319,122.26,39000.93
P0218,303,Equipment,Compactor,hour,3342,88.27,294987.2
P0218,400,Fuel,Diesel,gallon,20289,3.6,73069.47
P0218,500,Subcontractor,Concrete Work,job,1,27759.58,27759.58
P0218,501,Subcontractor,Utility Work,job,1,21055.92,21055.92
P0219,100,Labor,General Labor,hour,17477,33.82,591035.63
P0219,101,Labor,Equipment Operators,hour,15874,45.22,717752.57
P0219,102,Labor,Supervisors,hour,20623,57.91,1194344.07
P0219,103,Labor,Skilled Labor,hour,12332,49.71,613041.68
P0219,200,Materials,Gravel,ton,16590,32.85,545026.47
P0219,201,Materials,Concrete,cubic_yard,5711,135.81,775618.65
P0219,202,Materials,Asphalt,ton,2446,88.16,215629.34
P0219,203,Materials,Topsoil,cubic_yard,16495,36.9,608664.58
P0219,300,Equipment,Excavator,hour,10302,136.33,1404437.75
P0219,301,Equipment,Bulldozer,hour,6745,146.46,987851.19
P0219,302,Equipment,Loader,hour,10769,123.14,1326085.76
P0219,303,Equipment,Compactor,hour,11240,94.64,1063737.66
P0219,400,Fuel,Diesel,gallon,54064,4.13,223026.55
P0219,500,Subcontractor,Concrete Work,job,11,27637.37,304011.03
P0219,501,Subcontractor,Utility Work,job,10,21265.56,212655.6
P0220,100,Labor,General Labor,hour,5901,34.16,201574.25
P0220,101,Labor,Equipment Operators,hour,21614,41.71,901442.22
P0220,102,Labor,Supervisors,hour,7539,59.23,446531.54
P0220,103,Labor,Skilled Labor,hour,4183,50.9,212896.28
P0220,200,Materials,Gravel,ton,9092,35.67,324305.84
P0220,201,Materials,Concrete,cubic_yard,8767,156.38,1371022.51
P0220,202,Materials,Asphalt,ton,1277,95.04,121366.92
P0220,203,Materials,Topsoil,cubic_yard,8355,39.7,331671.95
P0220,300,Equipment,Excavator,hour,2934,136.47,400416.69
P0220,301,Equipment,Bulldozer,hour,7232,145.97,1055682.21
P0220,302,Equipment,Loader,hour,2744,112.64,309096.81
P0220,303,Equipment,Compactor,hour,5464,101.21,553038.2
P0220,400,Fuel,Diesel,gallon,56024,4.15,232315.81
P0220,500,Subcontractor,Concrete Work,job,11,25920.58,285126.4
P0220,501,Subcontractor,Utility Work,job,7,21318.35,149228.47
P0221,100,Labor,General Labor,hour,7325,32.52,238197.29
P0221,101,Labor,Equipment Operators,hour,15577,41.25,642535.26
P0221,102,Labor,Supervisors,hour,15272,56.4,861370.81
P0221,103,Labor,Skilled Labor,hour,13047,50.8,662734.47
P0221,200,Materials,Gravel,ton,22268,35.26,785164.57
P0221,201,Materials,Concrete,cubic_yard,8592,143.2,1230356.77
P0221,202,Materials,Asphalt,ton,4998,90.51,452353.25
P0221,203,Materials,Topsoil,cubic_yard,3795,35.65,135274.3
P0221,300,Equipment,Excavator,hour,13671,131.94,1803751.14
P0221,301,Equipment,Bulldozer,hour,8369,154.85,1295909.39
P0221,302,Equipment,Loader,hour,6239,116.96,729727.99
P0221,303,Equipment,Compactor,hour,6363,87.46,556509.38
P0221,400,Fuel,Diesel,gallon,50542,4.05,204778.16
P0221,500,Subcontractor,Concrete Work,job,9,28831.84,259486.55
P0221,501,Subcontractor,Utility Work,job,9,20951.33,188561.97
P0222,100,Labor,General Labor,hour,10877,34.04,370261.19
P0222,101,Labor,Equipment Operators,hour,3832,42.17,161582.57
P0222,102,Labor,Supervisors,hour,5821,56.08,326435.56
P0222,103,Labor,Skilled Labor,hour,5007,48.43,242498.55
P0222,200,Materials,Gravel,ton,784,36.64,28724.91
P0222,201,Materials,Concrete,cubic_yard,4210,149.09,627685.03
P0222,202,Materials,Asphalt,ton,5961,93.95,560050.94
P0222,203,Materials,Topsoil,cubic_yard,10940,37.32,408263.67
P0222,300,Equipment,Excavator,hour,6850,139.77,957456.6
P0222,301,Equipment,Bulldozer,hour,3370,158.1,532810.36
P0222,302,Equipment,Loader,hour,6324,114.73,725529.19
P0222,303,Equipment,Compactor,hour,7574,92.83,703070.67
P0222,400,Fuel,Diesel,gallon,8293,3.67,30411.63
P0222,500,Subcontractor,Concrete Work,job,6,28393.2,170359.2
P0222,501,Subcontractor,Utility Work,job,8,23450.18,187601.47
P0223,100,Labor,General Labor,hour,1519,33.75,51258.76
P0223,101,Labor,Equipment Operators,hour,5682,39.85,226402.79
P0223,102,Labor,Supervisors,hour,6400,51.51,329649.56
P0223,103,Labor,Skilled Labor,hour,2779,50.5,140340.77
P0223,200,Materials,Gravel,ton,571,34.87,19913.3
P0223,201,Materials,Concrete,cubic_yard,7717,137.72,1062764.32
P0223,202,Materials,Asphalt,ton,5293,92.2,488027.09
P0223,203,Materials,Topsoil,cubic_yard,8306,37.36,310352.66
P0223,300,Equipment,Excavator,hour,1500,145.41,218110.86
P0223,301,Equipment,Bulldozer,hour,1304,144.89,188938.59
P0223,302,Equipment,Loader,hour,895,122.42,109567.06
P0223,303,Equipment,Compactor,hour,3835,93.51,358621.65
P0223,400,Fuel,Diesel,gallon,31218,3.96,123730.34
P0223,500,Subcontractor,Concrete Work,job,2,30201.01,60402.01
P0223,501,Subcontractor,Utility Work,job,2,22678.02,45356.04
P0224,100,Labor,General Labor,hour,10002,33.04,330427.61
P0224,101,Labor,Equipment Operators,hour,12814,42.08,539175.16
P0224,102,Labor,Supervisors,hour,2792,53.07,148174.81
P0224,103,Labor,Skilled Labor,hour,4419,51.23,226372.15
P0224,200,Materials,Gravel,ton,12337,32.2,397219.08
P0224,201,Materials,Concrete,cubic_yard,3454,145.78,503539.43
P0224,202,Materials,Asphalt,ton,13607,95.36,1297555.78
P0224,203,Materials,Topsoil,cubic_yard,13905,39.87,554391.62
P0224,300,Equipment,Excavator,hour,853,145.74,124315.36
P0224,301,Equipment,Bulldozer,hour,1423,155.37,221097.35
P0224,302,Equipment,Loader,hour,7725,114.76,886511.73
P0224,303,Equipment,Compactor,hour,2358,99.47,234547.56
P0224,400,Fuel,Diesel,gallon,6076,4.13,25068.25
P0224,500,Subcontractor,Concrete Work,job,6,25880.13,155280.75
P0224,501,Subcontractor,Utility Work,job,6,21304.52,127827.1
P0225,100,Labor,General Labor,hour,4006,30.55,122377.27
P0225,101,Labor,Equipment Operators,hour,1894,45.36,85905.26
P0225,102,Labor,Supervisors,hour,2004,52.89,106000.05
P0225,103,Labor,Skilled Labor,hour,4143,50.22,208047.31
P0225,200,Materials,Gravel,ton,4853,36.21,175713.79
P0225,201,Materials,Concrete,cubic_yard,3869,135.14,522868.19
P0225,202,Materials,Asphalt,ton,3135,86.22,270307.75
P0225,203,Materials,Topsoil,cubic_yard,480,36.76,17643.58
P0225,300,Equipment,Excavator,hour,850,137.15,116578.58
P0225,301,Equipment,Bulldozer,hour,1334,147.58,196867.33
P0225,302,Equipment,Loader,hour,1573,128.53,202171.52
P0225,303,Equipment,Compactor,hour,218,97.25,21200.68
P0225,400,Fuel,Diesel,gallon,1540,4.02,6196.64
P0225,500,Subcontractor,Concrete Work,job,2,29722.37,59444.74
P0225,501,Subcontractor,Utility Work,job,3,21296.64,63889.92
P0226,100,Labor,General Labor,hour,2402,31.65,76024.12
P0226,101,Labor,Equipment Operators,hour,6433,41.39,266274.62
P0226,102,Labor,Supervisors,hour,6742,56.02,377691.0
P0226,103,Labor,Skilled Labor,hour,6315,51.11,322784.53
P0226,200,Materials,Gravel,ton,11707,35.9,420310.07
P0226,201,Materials,Concrete,cubic_yard,1567,154.11,241497.6
P0226,202,Materials,Asphalt,ton,11409,97.33,1110453.03
P0226,203,Materials,Topsoil,cubic_yard,8219,39.29,322949.77
P0226,300,Equipment,Excavator,hour,3853,132.7,511308.66
P0226,301,Equipment,Bulldozer,hour,2843,147.77,420101.26
P0226,302,Equipment,Loader,hour,5732,111.5,639110.82
P0226,303,Equipment,Compactor,hour,1497,101.16,151442.88
P0226,400,Fuel,Diesel,gallon,41885,3.77,157826.5
P0226,500,Subcontractor,Concrete Work,job,2,29456.14,58912.27
P0226,501,Subcontractor,Utility Work,job,3,21032.69,63098.08
P0227,100,Labor,General Labor,hour,7294,34.48,251518.72
P0227,101,Labor,Equipment Operators,hour,20916,42.91,897607.9
P0227,102,Labor,Supervisors,hour,20443,55.28,1130016.55
P0227,103,Labor,Skilled Labor,hour,11112,47.34,526029.02
P0227,200,Materials,Gravel,ton,13566,34.63,469731.99
P0227,201,Materials,Concrete,cubic_yard,2251,154.23,347172.88
P0227,202,Materials,Asphalt,ton,18994,87.29,1658032.73
P0227,203,Materials,Topsoil,cubic_yard,19769,37.22,735840.45
P0227,300,Equipment,Excavator,hour,7335,144.23,1057941.13
P0227,301,Equipment,Bulldozer,hour,7840,152.71,1197220.18
P0227,302,Equipment,Loader,hour,1797,110.47,198507.57
P0227,303,Equipment,Compactor,hour,8155,100.37,818531.39
P0227,400,Fuel,Diesel,gallon,49117,3.78,185505.75
P0227,500,Subcontractor,Concrete Work,job,11,28573.52,314308.72
P0227,501,Subcontractor,Utility Work,job,7,20543.91,143807.34
P0228,100,Labor,General Labor,hour,6874,31.68,217786.45
P0228,101,Labor,Equipment Operators,hour,18951,42.72,809568.53
P0228,102,Labor,Supervisors,hour,22718,57.3,1301778.82
P0228,103,Labor,Skilled Labor,hour,5205,50.78,264290.69
P0228,200,Materials,Gravel,ton,10442,32.5,339354.66
P0228,201,Materials,Concrete,cubic_yard,8725,139.68,1218718.56
P0228,202,Materials,Asphalt,ton,22531,97.85,2204677.0
P0228,203,Materials,Topsoil,cubic_yard,12607,40.53,511016.3
P0228,300,Equipment,Excavator,hour,5626,127.14,715303.27
P0228,301,Equipment,Bulldozer,hour,4216,151.72,639669.44
P0228,302,Equipment,Loader,hour,9770,119.37,1166256.78
P0228,303,Equipment,Compactor,hour,4390,92.39,405580.03
P0228,400,Fuel,Diesel,gallon,75327,3.83,288675.38
P0228,500,Subcontractor,Concrete Work,job,7,28285.91,198001.37
P0228,501,Subcontractor,Utility Work,job,3,22346.89,67040.66
P0229,100,Labor,General Labor,hour,14340,33.69,483053.98
P0229,101,Labor,Equipment Operators,hour,5114,44.51,227646.77
P0229,102,Labor,Supervisors,hour,4116,54.58,224638.43
P0229,103,Labor,Skilled Labor,hour,13094,51.36,672501.86
P0229,200,Materials,Gravel,ton,5423,34.94,189489.85
P0229,201,Materials,Concrete,cubic_yard,10453,134.83,1409413.5
P0229,202,Materials,Asphalt,ton,919,88.55,81374.49
P0229,203,Materials,Topsoil,cubic_yard,4942,38.47,190133.43
P0229,300,Equipment,Excavator,hour,1969,143.27,282106.94
P0229,301,Equipment,Bulldozer,hour,5895,154.65,911663.38
P0229,302,Equipment,Loader,hour,4363,112.57,491149.3
P0229,303,Equipment,Compactor,hour,5078,91.12,462710.65
P0229,400,Fuel,Diesel,gallon,10897,3.76,41026.97
P0229,500,Subcontractor,Concrete Work,job,4,30189.84,120759.36
P0229,501,Subcontractor,Utility Work,job,4,22470.02,89880.08
P0230,100,Labor,General Labor,hour,2395,32.78,78517.18
P0230,101,Labor,Equipment Operators,hour,6909,41.21,284689.2
P0230,102,Labor,Supervisors,hour,5078,52.4,266105.77
P0230,103,Labor,Skilled Labor,hour,4357,46.0,200407.27
P0230,200,Materials,Gravel,ton,11261,35.53,400114.63
P0230,201,Materials,Concrete,cubic_yard,8623,140.26,1209425.81
P0230,202,Materials,Asphalt,ton,760,93.54,71090.19
P0230,203,Materials,Topsoil,cubic_yard,7651,40.09,306699.56
P0230,300,Equipment,Excavator,hour,5169,133.94,692350.16
P0230,301,Equipment,Bulldozer,hour,887,145.34,128912.25
P0230,302,Equipment,Loader,hour,689,125.57,86517.99
P0230,303,Equipment,Compactor,hour,3081,101.08,311428.11
P0230,400,Fuel,Diesel,gallon,34677,4.08,141624.85
P0230,500,Subcontractor,Concrete Work,job,4,27134.88,108539.53
P0230,501,Subcontractor,Utility Work,job,2,22677.29,45354.58
P0231,100,Labor,General Labor,hour,7598,32.15,244237.84
P0231,101,Labor,Equipment Operators,hour,7027,42.22,296645.93
P0231,102,Labor,Supervisors,hour,3199,56.85,181855.49
P0231,103,Labor,Skilled Labor,hour,3911,48.99,191584.24
P0231,200,Materials,Gravel,ton,4104,33.27,136545.26
P0231,201,Materials,Concrete,cubic_yard,425,133.48,56729.43
P0231,202,Materials,Asphalt,ton,5098,98.67,503039.25
P0231,203,Materials,Topsoil,cubic_yard,5564,37.11,206465.52
P0231,300,Equipment,Excavator,hour,699,136.99,95754.43
P0231,301,Equipment,Bulldozer,hour,1224,157.2,192408.01
P0231,302,Equipment,Loader,hour,2374,120.58,286254.89
P0231,303,Equipment,Compactor,hour,1836,94.15,172858.28
P0231,400,Fuel,Diesel,gallon,16357,4.01,65618.31
P0231,500,Subcontractor,Concrete Work,job,2,29084.48,58168.95
P0231,501,Subcontractor,Utility Work,job,3,21890.65,65671.96
P0232,100,Labor,General Labor,hour,1044,33.88,35370.59
P0232,101,Labor,Equipment Operators,hour,2383,39.95,95212.71
P0232,102,Labor,Supervisors,hour,820,57.62,47249.03
P0232,103,Labor,Skilled Labor,hour,2078,46.63,96894.51
P0232,200,Materials,Gravel,ton,377,32.78,12358.13
P0232,201,Materials,Concrete,cubic_yard,3089,141.4,436771.03
P0232,202,Materials,Asphalt,ton,1730,95.79,165721.57
P0232,203,Materials,Topsoil,cubic_yard,1903,40.29,76664.46
P0232,300,Equipment,Excavator,hour,1306,125.96,164504.59
P0232,301,Equipment,Bulldozer,hour,912,152.94,139482.78
P0232,302,Equipment,Loader,hour,811,110.77,89837.25
P0232,303,Equipment,Compactor,hour,1641,90.29,148167.26
P0232,400,Fuel,Diesel,gallon,7444,4.14,30838.48
P0232,500,Subcontractor,Concrete Work,job,1,29412.79,29412.79
P0232,501,Subcontractor,Utility Work,job,1,20468.28,20468.28
P0233,100,Labor,General Labor,hour,3254,32.37,105343.36
P0233,101,Labor,Equipment Operators,hour,7089,42.55,301648.89
P0233,102,Labor,Supervisors,hour,3912,57.05,223193.57
P0233,103,Labor,Skilled Labor,hour,3659,45.35,165933.65
P0233,200,Materials,Gravel,ton,4561,36.53,166635.75
P0233,201,Materials,Concrete,cubic_yard,5983,140.3,839429.33
P0233,202,Materials,Asphalt,ton,3299,91.75,302671.19
P0233,203,Materials,Topsoil,cubic_yard,5509,38.27,210812.58
P0233,300,Equipment,Excavator,hour,1528,144.45,220715.69
P0233,301,Equipment,Bulldozer,hour,2764,149.83,414128.58
P0233,302,Equipment,Loader,hour,4506,127.7,575435.74
P0233,303,Equipment,Compactor,hour,303,95.65,28982.24
P0233,400,Fuel,Diesel,gallon,14882,3.76,55975.06
P0233,500,Subcontractor,Concrete Work,job,5,27337.48,136687.4
P0233,501,Subcontractor,Utility Work,job,5,23146.9,115734.52
P0234,100,Labor,General Labor,hour,3271,29.7,97140.35
P0234,101,Labor,Equipment Operators,hour,1743,42.59,74227.27
P0234,102,Labor,Supervisors,hour,2386,55.4,132187.28
P0234,103,Labor,Skilled Labor,hour,6613,44.96,297291.12
P0234,200,Materials,Gravel,ton,4963,32.23,159968.26
P0234,201,Materials,Concrete,cubic_yard,7594,149.02,1131645.47
P0234,202,Materials,Asphalt,ton,5926,96.62,572552.42
P0234,203,Materials,Topsoil,cubic_yard,3015,39.76,119873.98
P0234,300,Equipment,Excavator,hour,1653,130.49,215699.06
P0234,301,Equipment,Bulldozer,hour,3120,159.35,497171.77
P0234,302,Equipment,Loader,hour,2021,128.03,258755.09
P0234,303,Equipment,Compactor,hour,632,87.95,55583.76
P0234,400,Fuel,Diesel,gallon,23353,4.07,94945.45
P0234,500,Subcontractor,Concrete Work,job,3,26669.02,80007.05
P0234,501,Subcontractor,Utility Work,job,4,23433.57,93734.29
P0235,100,Labor,General Labor,hour,10240,32.85,336410.11
P0235,101,Labor,Equipment Operators,hour,10634,41.54,441703.32
P0235,102,Labor,Supervisors,hour,4284,57.29,245442.26
P0235,103,Labor,Skilled Labor,hour,2052,47.8,98089.72
P0235,200,Materials,Gravel,ton,7267,32.49,236126.95
P0235,201,Materials,Concrete,cubic_yard,9749,150.55,1467742.14
P0235,202,Materials,Asphalt,ton,4642,88.02,408569.5
P0235,203,Materials,Topsoil,cubic_yard,368,40.38,14858.03
P0235,300,Equipment,Excavator,hour,4400,143.37,630824.57
P0235,301,Equipment,Bulldozer,hour,4248,164.56,699040.9
P0235,302,Equipment,Loader,hour,1138,119.19,135639.56
P0235,303,Equipment,Compactor,hour,1912,94.05,179815.71
P0235,400,Fuel,Diesel,gallon,20898,3.94,82363.15
P0235,500,Subcontractor,Concrete Work,job,3,27111.55,81334.64
P0235,501,Subcontractor,Utility Work,job,5,23182.5,115912.49
P0236,100,Labor,General Labor,hour,16055,32.09,515188.68
P0236,101,Labor,Equipment Operators,hour,20121,41.94,843792.11
P0236,102,Labor,Supervisors,hour,6742,56.39,380156.02
P0236,103,Labor,Skilled Labor,hour,7160,44.84,321041.03
P0236,200,Materials,Gravel,ton,19662,36.23,712315.35
P0236,201,Materials,Concrete,cubic_yard,2285,153.74,351305.3
P0236,202,Materials,Asphalt,ton,8725,86.72,756641.12
P0236,203,Materials,Topsoil,cubic_yard,8692,35.36,307373.99
P0236,300,Equipment,Excavator,hour,2726,137.22,374060.83
P0236,301,Equipment,Bulldozer,hour,3996,145.66,582058.08
P0236,302,Equipment,Loader,hour,8721,117.61,1025652.42
P0236,303,Equipment,Compactor,hour,9162,88.47,810569.13
P0236,400,Fuel,Diesel,gallon,50583,4.1,207385.29
P0236,500,Subcontractor,Concrete Work,job,3,27908.0,83724.0
P0236,501,Subcontractor,Utility Work,job,10,22762.34,227623.35
P0237,100,Labor,General Labor,hour,5091,30.1,153229.57
P0237,101,Labor,Equipment Operators,hour,2441,43.08,105168.59
P0237,102,Labor,Supervisors,hour,4034,58.31,235223.8
P0237,103,Labor,Skilled Labor,hour,2424,45.27,109744.39
P0237,200,Materials,Gravel,ton,3749,36.01,135006.49
P0237,201,Materials,Concrete,cubic_yard,1460,139.5,203662.78
P0237,202,Materials,Asphalt,ton,190,95.01,18051.43
P0237,203,Materials,Topsoil,cubic_yard,190,40.34,7665.0
P0237,300,Equipment,Excavator,hour,1930,126.3,243754.48
P0237,301,Equipment,Bulldozer,hour,2407,165.89,399304.58
P0237,302,Equipment,Loader,hour,588,110.83,65166.76
P0237,303,Equipment,Compactor,hour,1783,89.6,159764.32
P0237,400,Fuel,Diesel,gallon,18358,3.91,71857.98
P0237,500,Subcontractor,Concrete Work,job,2,29781.43,59562.86
P0237,501,Subcontractor,Utility Work,job,2,22213.76,44427.52
P0238,100,Labor,General Labor,hour,9688,30.53,295807.68
P0238,101,Labor,Equipment Operators,hour,3378,40.55,136962.9
P0238,102,Labor,Supervisors,hour,4865,51.11,248673.13
P0238,103,Labor,Skilled Labor,hour,4453,45.51,202638.46
P0238,200,Materials,Gravel,ton,6305,35.87,226151.97
P0238,201,Materials,Concrete,cubic_yard,11526,137.7,1587119.3
P0238,202,Materials,Asphalt,ton,6660,91.26,607812.19
P0238,203,Materials,Topsoil,cubic_yard,4444,38.79,172403.62
P0238,300,Equipment,Excavator,hour,5261,138.7,729677.72
P0238,301,Equipment,Bulldozer,hour,2866,157.15,450393.47
P0238,302,Equipment,Loader,hour,2622,113.15,296676.29
P0238,303,Equipment,Compactor,hour,5041,90.29,455162.89
P0238,400,Fuel,Diesel,gallon,48077,3.73,179221.36
P0238,500,Subcontractor,Concrete Work,job,5,28933.58,144667.91
P0238,501,Subcontractor,Utility Work,job,6,22481.45,134888.71
P0239,100,Labor,General Labor,hour,28404,33.24,944265.3
P0239,101,Labor,Equipment Operators,hour,4394,43.1,189390.15
P0239,102,Labor,Supervisors,hour,15109,52.1,787182.93
P0239,103,Labor,Skilled Labor,hour,25797,44.91,1158521.88
P0239,200,Materials,Gravel,ton,27194,33.2,902712.63
P0239,201,Materials,Concrete,cubic_yard,13501,139.27,1880253.52
P0239,202,Materials,Asphalt,ton,5312,94.34,501154.27
P0239,203,Materials,Topsoil,cubic_yard,22434,40.33,904687.96
P0239,300,Equipment,Excavator,hour,3965,127.93,507256.97
P0239,301,Equipment,Bulldozer,hour,7052,164.04,1156808.62
P0239,302,Equipment,Loader,hour,7065,113.84,804301.26
P0239,303,Equipment,Compactor,hour,8886,95.23,846194.37
P0239,400,Fuel,Diesel,gallon,88894,4.03,358196.55
P0239,500,Subcontractor,Concrete Work,job,10,28636.99,286369.94
P0239,501,Subcontractor,Utility Work,job,10,20657.76,206577.56
P0240,100,Labor,General Labor,hour,386,31.25,12060.78
P0240,101,Labor,Equipment Operators,hour,217,40.43,8773.7
P0240,102,Labor,Supervisors,hour,1698,57.46,97567.57
P0240,103,Labor,Skilled Labor,hour,529,46.74,24726.63
P0240,200,Materials,Gravel,ton,1603,35.17,56375.04
P0240,201,Materials,Concrete,cubic_yard,311,150.86,46918.87
P0240,202,Materials,Asphalt,ton,1761,85.29,150191.83
P0240,203,Materials,Topsoil,cubic_yard,1718,39.25,67440.05
P0240,300,Equipment,Excavator,hour,552,144.94,80009.61
P0240,301,Equipment,Bulldozer,hour,513,158.91,81522.05
P0240,302,Equipment,Loader,hour,765,128.76,98500.18
P0240,303,Equipment,Compactor,hour,970,87.61,84977.96
P0240,400,Fuel,Diesel,gallon,2904,3.68,10678.24
P0240,500,Subcontractor,Concrete Work,job,1,29802.28,29802.28
P0240,501,Subcontractor,Utility Work,job,1,21112.16,21112.16
P0241,100,Labor,General Labor,hour,4362,30.34,132347.1
P0241,101,Labor,Equipment Operators,hour,10530,40.81,429752.97
P0241,102,Labor,Supervisors,hour,8842,58.19,514524.02
P0241,103,Labor,Skilled Labor,hour,12699,46.19,586575.08
P0241,200,Materials,Gravel,ton,14489,34.44,499009.2
P0241,201,Materials,Concrete,cubic_yard,10849,133.7,1450547.19
P0241,202,Materials,Asphalt,ton,2371,98.7,234028.76
P0241,203,Materials,Topsoil,cubic_yard,8248,40.27,332133.53
P0241,300,Equipment,Excavator,hour,5396,144.95,782162.8
P0241,301,Equipment,Bulldozer,hour,2543,156.79,398712.04
P0241,302,Equipment,Loader,hour,3724,113.08,421113.75
P0241,303,Equipment,Compactor,hour,2364,93.85,221868.97
P0241,400,Fuel,Diesel,gallon,70998,3.66,259851.26
P0241,500,Subcontractor,Concrete Work,job,9,28431.75,255885.78
P0241,501,Subcontractor,Utility Work,job,5,23457.52,117287.59
P0242,100,Labor,General Labor,hour,25924,33.5,868466.71
P0242,101,Labor,Equipment Operators,hour,15902,40.2,639316.64
P0242,102,Labor,Supervisors,hour,9460,51.7,489068.89
P0242,103,Labor,Skilled Labor,hour,15906,44.68,710746.16
P0242,200,Materials,Gravel,ton,14508,35.9,520907.11
P0242,201,Materials,Concrete,cubic_yard,6535,150.71,984901.17
P0242,202,Materials,Asphalt,ton,28063,89.94,2523885.07
P0242,203,Materials,Topsoil,cubic_yard,5647,41.0,231547.31
P0242,300,Equipment,Excavator,hour,13425,142.5,1913072.97
P0242,301,Equipment,Bulldozer,hour,10663,159.67,1702569.12
P0242,302,Equipment,Loader,hour,3766,118.62,446721.31
P0242,303,Equipment,Compactor,hour,4232,90.42,382651.36
P0242,400,Fuel,Diesel,gallon,59411,3.83,227521.19
P0242,500,Subcontractor,Concrete Work,job,12,26620.44,319445.29
P0242,501,Subcontractor,Utility Work,job,15,20757.79,311366.88
P0243,100,Labor,General Labor,hour,11321,30.5,345346.87
P0243,101,Labor,Equipment Operators,hour,16986,42.07,714565.44
P0243,102,Labor,Supervisors,hour,8042,55.04,442638.5
P0243,103,Labor,Skilled Labor,hour,5770,48.68,280859.15
P0243,200,Materials,Gravel,ton,17027,33.1,563612.92
P0243,201,Materials,Concrete,cubic_yard,7346,152.68,1121607.93
P0243,202,Materials,Asphalt,ton,2154,95.09,204820.11
P0243,203,Materials,Topsoil,cubic_yard,5314,39.05,207527.22
P0243,300,Equipment,Excavator,hour,6112,129.56,791843.92
P0243,301,Equipment,Bulldozer,hour,4484,165.96,744142.29
P0243,302,Equipment,Loader,hour,7533,125.18,942954.14
P0243,303,Equipment,Compactor,hour,2409,99.43,239534.5
P0243,400,Fuel,Diesel,gallon,10948,4.09,44815.82
P0243,500,Subcontractor,Concrete Work,job,9,28202.5,253822.49
P0243,501,Subcontractor,Utility Work,job,7,21498.67,150490.7
P0244,100,Labor,General Labor,hour,17198,31.44,540686.63
P0244,101,Labor,Equipment Operators,hour,2405,43.41,104411.79
P0244,102,Labor,Supervisors,hour,5294,57.28,303221.53
P0244,103,Labor,Skilled Labor,hour,18921,49.34,933529.2
P0244,200,Materials,Gravel,ton,13362,33.59,448835.49
P0244,201,Materials,Concrete,cubic_yard,21589,137.54,2969450.99
P0244,202,Materials,Asphalt,ton,15078,98.12,1479496.24
P0244,203,Materials,Topsoil,cubic_yard,9002,35.89,323121.2
P0244,300,Equipment,Excavator,hour,5544,137.66,763166.41
P0244,301,Equipment,Bulldozer,hour,7596,147.69,1121884.21
P0244,302,Equipment,Loader,hour,8480,117.29,994617.29
P0244,303,Equipment,Compactor,hour,6180,98.16,606625.46
P0244,400,Fuel,Diesel,gallon,27138,3.69,100023.87
P0244,500,Subcontractor,Concrete Work,job,10,27009.03,270090.25
P0244,501,Subcontractor,Utility Work,job,7,20831.23,145818.59
P0245,100,Labor,General Labor,hour,7625,34.55,263448.13
P0245,101,Labor,Equipment Operators,hour,9776,43.8,428140.02
P0245,102,Labor,Supervisors,hour,5808,55.89,324608.69
P0245,103,Labor,Skilled Labor,hour,8642,47.88,413740.26
P0245,200,Materials,Gravel,ton,1533,32.77,50235.07
P0245,201,Materials,Concrete,cubic_yard,27516,133.6,3676247.35
P0245,202,Materials,Asphalt,ton,17995,99.13,1783921.3
P0245,203,Materials,Topsoil,cubic_yard,13109,40.89,536031.15
P0245,300,Equipment,Excavator,hour,1286,129.95,167121.01
P0245,301,Equipment,Bulldozer,hour,10314,152.48,1572697.08
P0245,302,Equipment,Loader,hour,12647,118.25,1495542.48
P0245,303,Equipment,Compactor,hour,4729,94.65,447577.59
P0245,400,Fuel,Diesel,gallon,75809,3.65,276922.22
P0245,500,Subcontractor,Concrete Work,job,6,28196.12,169176.73
P0245,501,Subcontractor,Utility Work,job,8,22674.29,181394.28
P0246,100,Labor,General Labor,hour,4382,32.69,143226.85
P0246,101,Labor,Equipment Operators,hour,12295,40.34,495975.61
P0246,102,Labor,Supervisors,hour,4542,56.79,257932.95
P0246,103,Labor,Skilled Labor,hour,13131,46.39,609185.22
P0246,200,Materials,Gravel,ton,5934,33.84,200787.25
P0246,201,Materials,Concrete,cubic_yard,8858,147.84,1309569.67
P0246,202,Materials,Asphalt,ton,11386,89.6,1020157.71
P0246,203,Materials,Topsoil,cubic_yard,5707,38.65,220552.69
P0246,300,Equipment,Excavator,hour,5479,134.49,736860.81
P0246,301,Equipment,Bulldozer,hour,6342,162.07,1027878.28
P0246,302,Equipment,Loader,hour,7354,115.4,848664.28
P0246,303,Equipment,Compactor,hour,665,91.98,61163.71
P0246,400,Fuel,Diesel,gallon,40481,3.87,156551.67
P0246,500,Subcontractor,Concrete Work,job,6,28913.33,173480.0
P0246,501,Subcontractor,Utility Work,job,3,21155.5,63466.5
P0247,100,Labor,General Labor,hour,6145,33.9,208340.92
P0247,101,Labor,Equipment Operators,hour,11539,40.51,467437.14
P0247,102,Labor,Supervisors,hour,3750,58.68,220044.38
P0247,103,Labor,Skilled Labor,hour,7970,46.15,367820.31
P0247,200,Materials,Gravel,ton,6040,35.44,214055.0
P0247,201,Materials,Concrete,cubic_yard,16911,150.58,2546410.04
P0247,202,Materials,Asphalt,ton,9163,85.24,781032.44
P0247,203,Materials,Topsoil,cubic_yard,3458,38.08,131684.44
P0247,300,Equipment,Excavator,hour,3266,140.67,459433.6
P0247,301,Equipment,Bulldozer,hour,351,163.5,57388.32
P0247,302,Equipment,Loader,hour,3999,128.65,514464.16
P0247,303,Equipment,Compactor,hour,4854,101.54,492877.86
P0247,400,Fuel,Diesel,gallon,28686,3.57,102428.72
P0247,500,Subcontractor,Concrete Work,job,9,29985.48,269869.35
P0247,501,Subcontractor,Utility Work,job,7,20557.25,143900.77
P0248,100,Labor,General Labor,hour,1531,31.3,47913.01
P0248,101,Labor,Equipment Operators,hour,2435,40.16,97795.13
P0248,102,Labor,Supervisors,hour,2499,52.52,131244.79
P0248,103,Labor,Skilled Labor,hour,1043,45.22,47165.54
P0248,200,Materials,Gravel,ton,482,33.55,16172.97
P0248,201,Materials,Concrete,cubic_yard,4217,148.03,624244.56
P0248,202,Materials,Asphalt,ton,4047,98.8,399840.86
P0248,203,Materials,Topsoil,cubic_yard,5417,38.81,210229.94
P0248,300,Equipment,Excavator,hour,492,128.25,63099.0
P0248,301,Equipment,Bulldozer,hour,897,153.53,137716.93
P0248,302,Equipment,Loader,hour,1774,115.34,204610.04
P0248,303,Equipment,Compactor,hour,1002,96.25,96439.42
P0248,400,Fuel,Diesel,gallon,7590,3.69,28013.18
P0248,500,Subcontractor,Concrete Work,job,2,27856.58,55713.16
P0248,501,Subcontractor,Utility Work,job,3,21833.15,65499.46
P0249,100,Labor,General Labor,hour,9829,31.14,306086.29
P0249,101,Labor,Equipment Operators,hour,12810,38.68,495538.69
P0249,102,Labor,Supervisors,hour,17157,53.1,911092.6
P0249,103,Labor,Skilled Labor,hour,8458,46.3,391641.89
P0249,200,Materials,Gravel,ton,14969,33.87,506977.93
P0249,201,Materials,Concrete,cubic_yard,17686,155.47,2749729.04
P0249,202,Materials,Asphalt,ton,1596,93.12,148612.33
P0249,203,Materials,Topsoil,cubic_yard,6776,38.96,264021.82
P0249,300,Equipment,Excavator,hour,2596,131.55,341513.33
P0249,301,Equipment,Bulldozer,hour,4137,157.59,651962.9
P0249,302,Equipment,Loader,hour,3481,112.83,392769.79
P0249,303,Equipment,Compactor,hour,6515,88.62,577384.37
P0249,400,Fuel,Diesel,gallon,42657,4.12,175796.96
P0249,500,Subcontractor,Concrete Work,job,2,29618.7,59237.41
P0249,501,Subcontractor,Utility Work,job,4,20809.84,83239.37
P0250,100,Labor,General Labor,hour,10426,34.16,356136.58
P0250,101,Labor,Equipment Operators,hour,17633,43.92,774496.08
P0250,102,Labor,Supervisors,hour,11943,53.99,644805.03
P0250,103,Labor,Skilled Labor,hour,17272,51.05,881791.71
P0250,200,Materials,Gravel,ton,12216,36.63,447486.64
P0250,201,Materials,Concrete,cubic_yard,18154,144.89,2630370.22
P0250,202,Materials,Asphalt,ton,15406,91.45,1408853.25
P0250,203,Materials,Topsoil,cubic_yard,3523,36.1,127172.53
P0250,300,Equipment,Excavator,hour,1651,144.61,238752.73
P0250,301,Equipment,Bulldozer,hour,8634,152.77,1319012.28
P0250,302,Equipment,Loader,hour,7190,118.42,851450.2
P0250,303,Equipment,Compactor,hour,7090,88.59,628097.76
P0250,400,Fuel,Diesel,gallon,52752,4.1,216437.86
P0250,500,Subcontractor,Concrete Work,job,4,25966.23,103864.93
P0250,501,Subcontractor,Utility Work,job,2,21542.83,43085.66
P0251,100,Labor,General Labor,hour,18150,32.35,587123.77
P0251,101,Labor,Equipment Operators,hour,14471,41.9,606326.07
P0251,102,Labor,Supervisors,hour,15941,58.44,931662.78
P0251,103,Labor,Skilled Labor,hour,17998,46.09,829529.01
P0251,200,Materials,Gravel,ton,1926,33.4,64326.74
P0251,201,Materials,Concrete,cubic_yard,8105,142.91,1158323.17
P0251,202,Materials,Asphalt,ton,788,92.28,72717.54
P0251,203,Materials,Topsoil,cubic_yard,9103,40.76,371042.32
P0251,300,Equipment,Excavator,hour,7761,131.17,1018006.54
P0251,301,Equipment,Bulldozer,hour,899,147.48,132586.59
P0251,302,Equipment,Loader,hour,3128,117.45,367390.93
P0251,303,Equipment,Compactor,hour,2573,95.13,244764.02
P0251,400,Fuel,Diesel,gallon,16503,3.67,60525.27
P0251,500,Subcontractor,Concrete Work,job,6,29196.93,175181.57
P0251,501,Subcontractor,Utility Work,job,8,21943.87,175550.98
P0252,100,Labor,General Labor,hour,1023,31.07,31784.07
P0252,101,Labor,Equipment Operators,hour,1205,38.98,46965.77
P0252,102,Labor,Supervisors,hour,2079,59.24,123167.34
P0252,103,Labor,Skilled Labor,hour,667,49.92,33299.52
P0252,200,Materials,Gravel,ton,1965,36.09,70909.68
P0252,201,Materials,Concrete,cubic_yard,701,139.27,97627.22
P0252,202,Materials,Asphalt,ton,692,97.24,67289.29
P0252,203,Materials,Topsoil,cubic_yard,1613,40.24,64900.45
P0252,300,Equipment,Excavator,hour,794,131.23,104193.63
P0252,301,Equipment,Bulldozer,hour,1031,151.38,156072.61
P0252,302,Equipment,Loader,hour,680,114.98,78187.48
P0252,303,Equipment,Compactor,hour,702,98.98,69484.27
P0252,400,Fuel,Diesel,gallon,471,3.8,1788.87
P0252,500,Subcontractor,Concrete Work,job,1,26075.81,26075.81
P0252,501,Subcontractor,Utility Work,job,1,20643.72,20643.72
P0253,100,Labor,General Labor,hour,1543,31.12,48025.16
P0253,101,Labor,Equipment Operators,hour,4673,41.26,192813.2
P0253,102,Labor,Supervisors,hour,6142,56.29,345731.22
P0253,103,Labor,Skilled Labor,hour,10673,44.63,476286.79
P0253,200,Materials,Gravel,ton,11504,36.01,414246.38
P0253,201,Materials,Concrete,cubic_yard,8538,134.99,1152556.31
P0253,202,Materials,Asphalt,ton,7291,91.43,666639.29
P0253,203,Materials,Topsoil,cubic_yard,9804,35.41,347191.75
P0253,300,Equipment,Excavator,hour,6361,130.3,828856.99
P0253,301,Equipment,Bulldozer,hour,2655,159.49,423435.34
P0253,302,Equipment,Loader,hour,506,129.11,65331.67
P0253,303,Equipment,Compactor,hour,6241,93.29,582193.08
P0253,400,Fuel,Diesel,gallon,9506,4.03,38340.88
P0253,500,Subcontractor,Concrete Work,job,2,26843.64,53687.29
P0253,501,Subcontractor,Utility Work,job,2,21247.43,42494.85
P0254,100,Labor,General Labor,hour,673,30.59,20584.32
P0254,101,Labor,Equipment Operators,hour,353,43.69,15420.84
P0254,102,Labor,Supervisors,hour,1569,56.46,88584.93
P0254,103,Labor,Skilled Labor,hour,1530,45.81,70085.49
P0254,200,Materials,Gravel,ton,2187,34.97,76474.86
P0254,201,Materials,Concrete,cubic_yard,1521,140.77,214116.76
P0254,202,Materials,Asphalt,ton,2190,93.29,204307.46
P0254,203,Materials,Topsoil,cubic_yard,1796,39.23,70460.34
P0254,300,Equipment,Excavator,hour,228,136.49,31119.79
P0254,301,Equipment,Bulldozer,hour,1221,148.24,181004.58
P0254,302,Equipment,Loader,hour,641,123.87,79399.94
P0254,303,Equipment,Compactor,hour,906,89.66,81236.34
P0254,400,Fuel,Diesel,gallon,1163,3.9,4539.2
P0254,500,Subcontractor,Concrete Work,job,2,29563.07,59126.13
P0254,501,Subcontractor,Utility Work,job,1,20456.44,20456.44
P0255,100,Labor,General Labor,hour,16791,34.52,579687.28
P0255,101,Labor,Equipment Operators,hour,9568,44.8,428669.39
P0255,102,Labor,Supervisors,hour,17172,58.4,1002905.25
P0255,103,Labor,Skilled Labor,hour,4875,50.02,243863.97
P0255,200,Materials,Gravel,ton,17610,32.66,575191.13
P0255,201,Materials,Concrete,cubic_yard,3481,140.84,490249.53
P0255,202,Materials,Asphalt,ton,7284,95.79,697697.94
P0255,203,Materials,Topsoil,cubic_yard,16978,38.76,658079.82
P0255,300,Equipment,Excavator,hour,1636,136.34,223053.83
P0255,301,Equipment,Bulldozer,hour,6493,167.18,1085527.92
P0255,302,Equipment,Loader,hour,7653,119.63,915539.17
P0255,303,Equipment,Compactor,hour,9734,97.35,947640.95
P0255,400,Fuel,Diesel,gallon,15494,4.15,64361.22
P0255,500,Subcontractor,Concrete Work,job,12,29670.54,356046.45
P0255,501,Subcontractor,Utility Work,job,7,23572.87,165010.11
P0256,100,Labor,General Labor,hour,2792,33.5,93530.03
P0256,101,Labor,Equipment Operators,hour,3773,40.04,151054.41
P0256,102,Labor,Supervisors,hour,2409,57.29,138011.25
P0256,103,Labor,Skilled Labor,hour,3726,49.38,183979.29
P0256,200,Materials,Gravel,ton,6070,34.28,208079.47
P0256,201,Materials,Concrete,cubic_yard,5358,135.95,728414.09
P0256,202,Materials,Asphalt,ton,3644,89.46,325981.38
P0256,203,Materials,Topsoil,cubic_yard,3059,37.96,116120.35
P0256,300,Equipment,Excavator,hour,2214,140.78,311695.48
P0256,301,Equipment,Bulldozer,hour,3390,154.0,522068.0
P0256,302,Equipment,Loader,hour,1636,110.94,181498.41
P0256,303,Equipment,Compactor,hour,2355,90.19,212403.06
P0256,400,Fuel,Diesel,gallon,16220,4.03,65417.77
P0256,500,Subcontractor,Concrete Work,job,1,30095.03,30095.03
P0256,501,Subcontractor,Utility Work,job,2,22036.67,44073.35
P0257,100,Labor,General Labor,hour,3012,34.47,103830.08
P0257,101,Labor,Equipment Operators,hour,1664,45.27,75324.47
P0257,102,Labor,Supervisors,hour,1627,52.77,85863.91
P0257,103,Labor,Skilled Labor,hour,4525,50.05,226462.23
P0257,200,Materials,Gravel,ton,136,35.29,4799.62
P0257,201,Materials,Concrete,cubic_yard,3179,151.17,480554.57
P0257,202,Materials,Asphalt,ton,3147,90.3,284176.64
P0257,203,Materials,Topsoil,cubic_yard,1937,37.6,72836.16
P0257,300,Equipment,Excavator,hour,1511,144.81,218815.06
P0257,301,Equipment,Bulldozer,hour,1170,162.31,189907.85
P0257,302,Equipment,Loader,hour,474,117.67,55777.02
P0257,303,Equipment,Compactor,hour,1646,96.32,158549.45
P0257,400,Fuel,Diesel,gallon,17509,3.85,67435.16
P0257,500,Subcontractor,Concrete Work,job,2,26048.17,52096.34
P0257,501,Subcontractor,Utility Work,job,1,23390.16,23390.16
P0258,100,Labor,General Labor,hour,2540,33.47,85011.93
P0258,101,Labor,Equipment Operators,hour,16533,42.2,697652.83
P0258,102,Labor,Supervisors,hour,12557,52.21,655540.73
P0258,103,Labor,Skilled Labor,hour,8969,44.69,400792.61
P0258,200,Materials,Gravel,ton,19869,36.55,726187.7
P0258,201,Materials,Concrete,cubic_yard,14463,144.13,2084541.07
P0258,202,Materials,Asphalt,ton,2088,97.18,202921.75
P0258,203,Materials,Topsoil,cubic_yard,15173,38.04,577214.07
P0258,300,Equipment,Excavator,hour,9341,126.55,1182097.89
P0258,301,Equipment,Bulldozer,hour,3793,159.99,606844.76
P0258,302,Equipment,Loader,hour,10235,119.47,1222749.54
P0258,303,Equipment,Compactor,hour,7631,93.99,717257.06
P0258,400,Fuel,Diesel,gallon,21498,3.97,85368.65
P0258,500,Subcontractor,Concrete Work,job,8,28541.2,228329.56
P0258,501,Subcontractor,Utility Work,job,10,22263.06,222630.62
P0259,100,Labor,General Labor,hour,1509,30.2,45569.18
P0259,101,Labor,Equipment Operators,hour,3221,41.62,134059.49
P0259,102,Labor,Supervisors,hour,2168,50.75,110020.89
P0259,103,Labor,Skilled Labor,hour,2076,51.78,107495.43
P0259,200,Materials,Gravel,ton,312,34.73,10835.33
P0259,201,Materials,Concrete,cubic_yard,639,138.17,88292.24
P0259,202,Materials,Asphalt,ton,2873,92.59,266000.07
P0259,203,Materials,Topsoil,cubic_yard,2101,37.03,77798.04
P0259,300,Equipment,Excavator,hour,1452,127.95,185787.93
P0259,301,Equipment,Bulldozer,hour,226,149.66,33822.08
P0259,302,Equipment,Loader,hour,135,122.91,16592.82
P0259,303,Equipment,Compactor,hour,1215,96.09,116745.76
P0259,400,Fuel,Diesel,gallon,3718,3.8,14121.06
P0259,500,Subcontractor,Concrete Work,job,2,26831.23,53662.46
P0259,501,Subcontractor,Utility Work,job,1,20645.56,20645.56
P0260,100,Labor,General Labor,hour,14634,32.71,478620.44
P0260,101,Labor,Equipment Operators,hour,15648,45.32,709186.92
P0260,102,Labor,Supervisors,hour,12833,55.81,716197.56
P0260,103,Labor,Skilled Labor,hour,14214,46.49,660762.21
P0260,200,Materials,Gravel,ton,5886,32.76,192837.83
P0260,201,Materials,Concrete,cubic_yard,9856,139.92,1379003.86
P0260,202,Materials,Asphalt,ton,4662,96.82,451353.24
P0260,203,Materials,Topsoil,cubic_yard,14175,37.5,531630.4
P0260,300,Equipment,Excavator,hour,5873,129.57,760975.37
P0260,301,Equipment,Bulldozer,hour,3434,148.7,510643.22
P0260,302,Equipment,Loader,hour,2974,114.18,339578.06
P0260,303,Equipment,Compactor,hour,7709,101.09,779331.04
P0260,400,Fuel,Diesel,gallon,8490,4.05,34361.94
P0260,500,Subcontractor,Concrete Work,job,3,29214.33,87643.0
P0260,501,Subcontractor,Utility Work,job,3,22632.19,67896.58
P0261,100,Labor,General Labor,hour,11323,30.92,350147.07
P0261,101,Labor,Equipment Operators,hour,3816,42.32,161491.2
P0261,102,Labor,Supervisors,hour,5396,59.0,318360.66
P0261,103,Labor,Skilled Labor,hour,2071,46.81,96941.93
P0261,200,Materials,Gravel,ton,2796,36.26,101373.53
P0261,201,Materials,Concrete,cubic_yard,7630,143.13,1092085.51
P0261,202,Materials,Asphalt,ton,10725,94.37,1012077.09
P0261,203,Materials,Topsoil,cubic_yard,2919,36.72,107187.02
P0261,300,Equipment,Excavator,hour,5220,128.65,671532.79
P0261,301,Equipment,Bulldozer,hour,1376,151.66,208682.47
P0261,302,Equipment,Loader,hour,6051,123.57,747697.05
P0261,303,Equipment,Compactor,hour,4546,88.64,402979.11
P0261,400,Fuel,Diesel,gallon,18300,4.03,73691.33
P0261,500,Subcontractor,Concrete Work,job,1,29471.22,29471.22
P0261,501,Subcontractor,Utility Work,job,6,20409.93,122459.56
P0262,100,Labor,General Labor,hour,12585,33.53,421984.64
P0262,101,Labor,Equipment Operators,hour,15771,40.19,633840.87
P0262,102,Labor,Supervisors,hour,4918,59.25,291373.83
P0262,103,Labor,Skilled Labor,hour,5143,45.37,233330.25
P0262,200,Materials,Gravel,ton,21802,35.86,781886.97
P0262,201,Materials,Concrete,cubic_yard,10909,135.58,1479058.73
P0262,202,Materials,Asphalt,ton,15343,98.23,1507097.38
P0262,203,Materials,Topsoil,cubic_yard,1540,39.76,61236.89
P0262,300,Equipment,Excavator,hour,6481,134.96,874686.34
P0262,301,Equipment,Bulldozer,hour,10329,156.01,1611389.84
P0262,302,Equipment,Loader,hour,5616,111.39,625549.86
P0262,303,Equipment,Compactor,hour,2845,99.49,283062.18
P0262,400,Fuel,Diesel,gallon,30233,3.7,111743.67
P0262,500,Subcontractor,Concrete Work,job,10,26058.49,260584.89
P0262,501,Subcontractor,Utility Work,job,2,22539.04,45078.08
P0263,100,Labor,General Labor,hour,6634,33.16,219967.27
P0263,101,Labor,Equipment Operators,hour,10649,39.44,420021.12
P0263,102,Labor,Supervisors,hour,7755,54.08,419361.68
P0263,103,Labor,Skilled Labor,hour,16271,46.93,763527.05
P0263,200,Materials,Gravel,ton,18916,33.42,632181.82
P0263,201,Materials,Concrete,cubic_yard,3115,155.34,483874.58
P0263,202,Materials,Asphalt,ton,6372,99.32,632886.6
P0263,203,Materials,Topsoil,cubic_yard,14325,37.75,540839.19
P0263,300,Equipment,Excavator,hour,9815,134.92,1324212.26
P0263,301,Equipment,Bulldozer,hour,4953,151.08,748293.67
P0263,302,Equipment,Loader,hour,2493,128.17,319535.12
P0263,303,Equipment,Compactor,hour,1500,88.2,132304.71
P0263,400,Fuel,Diesel,gallon,66299,3.66,242730.77
P0263,500,Subcontractor,Concrete Work,job,8,26347.41,210779.24
P0263,501,Subcontractor,Utility Work,job,9,20706.56,186359.0
P0264,100,Labor,General Labor,hour,2411,30.4,73299.31
P0264,101,Labor,Equipment Operators,hour,2287,42.96,98241.84
P0264,102,Labor,Supervisors,hour,8359,59.06,493677.94
P0264,103,Labor,Skilled Labor,hour,1354,51.43,69642.6
P0264,200,Materials,Gravel,ton,5455,34.01,185521.58
P0264,201,Materials,Concrete,cubic_yard,1477,144.64,213631.31
P0264,202,Materials,Asphalt,ton,7884,89.0,701677.72
P0264,203,Materials,Topsoil,cubic_yard,8494,38.62,328053.97
P0264,300,Equipment,Excavator,hour,2497,145.57,363493.7
P0264,301,Equipment,Bulldozer,hour,1133,158.45,179525.04
P0264,302,Equipment,Loader,hour,2683,123.12,330318.09
P0264,303,Equipment,Compactor,hour,3551,88.61,314649.36
P0264,400,Fuel,Diesel,gallon,25390,3.78,95917.64
P0264,500,Subcontractor,Concrete Work,job,2,28841.36,57682.73
P0264,501,Subcontractor,Utility Work,job,4,23330.76,93323.06
P0265,100,Labor,General Labor,hour,10829,30.52,330480.35
P0265,101,Labor,Equipment Operators,hour,8810,39.09,344371.76
P0265,102,Labor,Supervisors,hour,8625,53.06,457672.28
P0265,103,Labor,Skilled Labor,hour,12317,50.73,624879.91
P0265,200,Materials,Gravel,ton,2133,31.82,67875.05
P0265,201,Materials,Concrete,cubic_yard,1867,145.37,271413.36
P0265,202,Materials,Asphalt,ton,8452,95.34,805841.99
P0265,203,Materials,Topsoil,cubic_yard,5992,35.39,212075.11
P0265,300,Equipment,Excavator,hour,1380,130.0,179401.76
P0265,301,Equipment,Bulldozer,hour,2717,147.66,401187.51
P0265,302,Equipment,Loader,hour,6216,113.92,708117.12
P0265,303,Equipment,Compactor,hour,2216,93.33,206827.66
P0265,400,Fuel,Diesel,gallon,24242,3.86,93515.18
P0265,500,Subcontractor,Concrete Work,job,3,28667.68,86003.05
P0265,501,Subcontractor,Utility Work,job,7,23642.63,165498.44
P0266,100,Labor,General Labor,hour,23273,34.23,796583.54
P0266,101,Labor,Equipment Operators,hour,6269,42.24,264794.16
P0266,102,Labor,Supervisors,hour,12704,58.51,743296.89
P0266,103,Labor,Skilled Labor,hour,22260,47.67,1061114.73
P0266,200,Materials,Gravel,ton,17048,35.09,598163.88
P0266,201,Materials,Concrete,cubic_yard,1623,144.13,233926.42
P0266,202,Materials,Asphalt,ton,6027,89.33,538362.72
P0266,203,Materials,Topsoil,cubic_yard,23873,40.24,960687.57
P0266,300,Equipment,Excavator,hour,9879,134.47,1328403.63
P0266,301,Equipment,Bulldozer,hour,4894,145.15,710371.9
P0266,302,Equipment,Loader,hour,1645,115.44,189893.79
P0266,303,Equipment,Compactor,hour,3077,92.71,285280.76
P0266,400,Fuel,Diesel,gallon,67762,3.63,245639.46
P0266,500,Subcontractor,Concrete Work,job,8,28804.8,230438.39
P0266,501,Subcontractor,Utility Work,job,7,21869.59,153087.13
P0267,100,Labor,General Labor,hour,22082,30.68,677419.99
P0267,101,Labor,Equipment Operators,hour,8444,44.0,371560.03
P0267,102,Labor,Supervisors,hour,5615,56.87,319318.2
P0267,103,Labor,Skilled Labor,hour,14925,44.56,665034.79
P0267,200,Materials,Gravel,ton,1630,34.16,55683.94
P0267,201,Materials,Concrete,cubic_yard,17332,151.06,2618091.99
P0267,202,Materials,Asphalt,ton,1935,97.74,189133.63
P0267,203,Materials,Topsoil,cubic_yard,17245,37.4,644909.05
P0267,300,Equipment,Excavator,hour,6654,135.53,901817.05
P0267,301,Equipment,Bulldozer,hour,10300,167.23,1722499.6
P0267,302,Equipment,Loader,hour,1220,116.73,142416.09
P0267,303,Equipment,Compactor,hour,9077,90.36,820193.14
P0267,400,Fuel,Diesel,gallon,37432,3.91,146460.21
P0267,500,Subcontractor,Concrete Work,job,6,26066.35,156398.08
P0267,501,Subcontractor,Utility Work,job,4,21201.22,84804.89
P0268,100,Labor,General Labor,hour,6461,31.33,202416.14
P0268,101,Labor,Equipment Operators,hour,9101,40.83,371593.09
P0268,102,Labor,Supervisors,hour,14078,53.1,747592.08
P0268,103,Labor,Skilled Labor,hour,4891,46.31,226515.06
P0268,200,Materials,Gravel,ton,12872,36.29,467179.98
P0268,201,Materials,Concrete,cubic_yard,8599,148.08,1273360.6
P0268,202,Materials,Asphalt,ton,6352,86.81,551441.31
P0268,203,Materials,Topsoil,cubic_yard,8274,36.76,304159.33
P0268,300,Equipment,Excavator,hour,6453,144.61,933154.87
P0268,301,Equipment,Bulldozer,hour,3082,159.7,492187.39
P0268,302,Equipment,Loader,hour,5565,116.65,649172.26
P0268,303,Equipment,Compactor,hour,1763,100.76,177647.74
P0268,400,Fuel,Diesel,gallon,13050,3.88,50636.64
P0268,500,Subcontractor,Concrete Work,job,1,28567.71,28567.71
P0268,501,Subcontractor,Utility Work,job,1,20613.26,20613.26
P0269,100,Labor,General Labor,hour,16915,32.46,549024.27
P0269,101,Labor,Equipment Operators,hour,19238,39.73,764294.08
P0269,102,Labor,Supervisors,hour,14608,58.75,858224.87
P0269,103,Labor,Skilled Labor,hour,16337,47.3,772691.27
P0269,200,Materials,Gravel,ton,14314,31.94,457199.96
P0269,201,Materials,Concrete,cubic_yard,5687,142.1,808136.91
P0269,202,Materials,Asphalt,ton,14743,94.12,1387599.45
P0269,203,Materials,Topsoil,cubic_yard,11379,39.98,454959.35
P0269,300,Equipment,Excavator,hour,7367,135.13,995494.72
P0269,301,Equipment,Bulldozer,hour,5200,150.99,785164.41
P0269,302,Equipment,Loader,hour,1734,127.98,221916.28
P0269,303,Equipment,Compactor,hour,6796,102.04,693433.64
P0269,400,Fuel,Diesel,gallon,59955,3.92,235158.08
P0269,500,Subcontractor,Concrete Work,job,11,27679.37,304473.09
P0269,501,Subcontractor,Utility Work,job,6,20670.92,124025.51
P0270,100,Labor,General Labor,hour,1793,30.45,54590.16
P0270,101,Labor,Equipment Operators,hour,2190,41.17,90156.72
P0270,102,Labor,Supervisors,hour,3517,56.5,198718.45
P0270,103,Labor,Skilled Labor,hour,3096,47.04,145625.55
P0270,200,Materials,Gravel,ton,3543,36.38,128907.81
P0270,201,Materials,Concrete,cubic_yard,363,149.84,54392.2
P0270,202,Materials,Asphalt,ton,1817,93.05,169070.3
P0270,203,Materials,Topsoil,cubic_yard,3497,36.82,128767.32
P0270,300,Equipment,Excavator,hour,1385,125.54,173867.55
P0270,301,Equipment,Bulldozer,hour,812,156.87,127377.74
P0270,302,Equipment,Loader,hour,1531,117.36,179676.08
P0270,303,Equipment,Compactor,hour,1223,98.3,120225.35
P0270,400,Fuel,Diesel,gallon,2963,3.73,11060.27
P0270,500,Subcontractor,Concrete Work,job,2,30058.39,60116.79
P0270,501,Subcontractor,Utility Work,job,1,23086.38,23086.38
P0271,100,Labor,General Labor,hour,3697,32.5,120140.86
P0271,101,Labor,Equipment Operators,hour,4915,43.76,215084.71
P0271,102,Labor,Supervisors,hour,1425,52.22,74418.49
P0271,103,Labor,Skilled Labor,hour,4269,45.22,193027.09
P0271,200,Materials,Gravel,ton,5602,34.44,192949.3
P0271,201,Materials,Concrete,cubic_yard,1556,149.36,232405.91
P0271,202,Materials,Asphalt,ton,6282,87.02,546677.26
P0271,203,Materials,Topsoil,cubic_yard,1362,38.51,52454.52
P0271,300,Equipment,Excavator,hour,1367,128.23,175296.65
P0271,301,Equipment,Bulldozer,hour,363,156.94,56970.08
P0271,302,Equipment,Loader,hour,2632,117.5,309263.52
P0271,303,Equipment,Compactor,hour,1284,94.32,121109.71
P0271,400,Fuel,Diesel,gallon,8552,3.55,30380.71
P0271,500,Subcontractor,Concrete Work,job,2,27769.96,55539.93
P0271,501,Subcontractor,Utility Work,job,2,21152.07,42304.13
P0272,100,Labor,General Labor,hour,3854,31.9,122951.46
P0272,101,Labor,Equipment Operators,hour,5070,44.69,226571.74
P0272,102,Labor,Supervisors,hour,4800,56.68,272073.55
P0272,103,Labor,Skilled Labor,hour,1435,46.65,66941.24
P0272,200,Materials,Gravel,ton,970,31.32,30380.66
P0272,201,Materials,Concrete,cubic_yard,264,141.05,37237.68
P0272,202,Materials,Asphalt,ton,370,88.17,32624.28
P0272,203,Materials,Topsoil,cubic_yard,3608,39.31,141817.79
P0272,300,Equipment,Excavator,hour,266,132.41,35222.05
P0272,301,Equipment,Bulldozer,hour,1825,154.54,282033.49
P0272,302,Equipment,Loader,hour,821,111.25,91337.94
P0272,303,Equipment,Compactor,hour,1716,94.58,162293.38
P0272,400,Fuel,Diesel,gallon,15643,4.13,64662.31
P0272,500,Subcontractor,Concrete Work,job,1,28563.94,28563.94
P0272,501,Subcontractor,Utility Work,job,1,23584.37,23584.37
P0273,100,Labor,General Labor,hour,19450,31.7,616478.82
P0273,101,Labor,Equipment Operators,hour,13260,42.35,561601.33
P0273,102,Labor,Supervisors,hour,9513,52.48,499232.06
P0273,103,Labor,Skilled Labor,hour,5143,44.26,227642.8
P0273,200,Materials,Gravel,ton,14334,36.17,518464.09
P0273,201,Materials,Concrete,cubic_yard,11277,134.79,1519976.99
P0273,202,Materials,Asphalt,ton,20431,86.39,1765026.66
P0273,203,Materials,Topsoil,cubic_yard,22665,38.43,870965.12
P0273,300,Equipment,Excavator,hour,6449,133.52,861054.71
P0273,301,Equipment,Bulldozer,hour,596,159.66,95155.73
P0273,302,Equipment,Loader,hour,1461,114.79,167702.98
P0273,303,Equipment,Compactor,hour,8509,98.03,834140.86
P0273,400,Fuel,Diesel,gallon,63946,3.79,242104.24
P0273,500,Subcontractor,Concrete Work,job,10,25874.26,258742.59
P0273,501,Subcontractor,Utility Work,job,4,23260.27,93041.07
P0274,100,Labor,General Labor,hour,11060,34.56,382223.53
P0274,101,Labor,Equipment Operators,hour,14255,42.09,600024.91
P0274,102,Labor,Supervisors,hour,14719,53.95,794057.74
P0274,103,Labor,Skilled Labor,hour,7998,46.23,369734.45
P0274,200,Materials,Gravel,ton,469,31.71,14870.15
P0274,201,Materials,Concrete,cubic_yard,11193,146.89,1644152.84
P0274,202,Materials,Asphalt,ton,11118,99.13,1102085.78
P0274,203,Materials,Topsoil,cubic_yard,2284,37.72,86162.85
P0274,300,Equipment,Excavator,hour,5684,126.99,721786.63
P0274,301,Equipment,Bulldozer,hour,5279,165.25,872331.2
P0274,302,Equipment,Loader,hour,3381,123.56,417768.71
P0274,303,Equipment,Compactor,hour,1701,94.31,160416.07
P0274,400,Fuel,Diesel,gallon,42116,3.7,156009.46
P0274,500,Subcontractor,Concrete Work,job,4,29439.27,117757.1
P0274,501,Subcontractor,Utility Work,job,3,20494.56,61483.67
P0275,100,Labor,General Labor,hour,16285,29.78,484975.82
P0275,101,Labor,Equipment Operators,hour,26339,41.79,1100833.99
P0275,102,Labor,Supervisors,hour,16112,58.12,936383.16
P0275,103,Labor,Skilled Labor,hour,6759,45.93,310432.44
P0275,200,Materials,Gravel,ton,16132,35.66,575237.76
P0275,201,Materials,Concrete,cubic_yard,5782,150.24,868665.4
P0275,202,Materials,Asphalt,ton,27016,88.34,2386465.85
P0275,203,Materials,Topsoil,cubic_yard,13217,40.82,539574.03
P0275,300,Equipment,Excavator,hour,2970,125.88,373862.78
P0275,301,Equipment,Bulldozer,hour,2166,149.62,324087.07
P0275,302,Equipment,Loader,hour,2722,122.85,334392.84
P0275,303,Equipment,Compactor,hour,11964,97.21,1162997.02
P0275,400,Fuel,Diesel,gallon,80383,3.92,315472.72
P0275,500,Subcontractor,Concrete Work,job,6,26067.17,156403.02
P0275,501,Subcontractor,Utility Work,job,10,20931.51,209315.07
P0276,100,Labor,General Labor,hour,4061,32.3,131182.97
P0276,101,Labor,Equipment Operators,hour,2556,39.05,99820.04
P0276,102,Labor,Supervisors,hour,3498,52.3,182949.26
P0276,103,Labor,Skilled Labor,hour,3464,46.17,159925.34
P0276,200,Materials,Gravel,ton,1611,33.18,53448.23
P0276,201,Materials,Concrete,cubic_yard,1306,138.01,180235.06
P0276,202,Materials,Asphalt,ton,3033,91.76,278306.6
P0276,203,Materials,Topsoil,cubic_yard,1799,35.14,63210.62
P0276,300,Equipment,Excavator,hour,981,142.58,139875.36
P0276,301,Equipment,Bulldozer,hour,454,165.93,75333.41
P0276,302,Equipment,Loader,hour,1935,120.75,233647.09
P0276,303,Equipment,Compactor,hour,1087,94.65,102879.6
P0276,400,Fuel,Diesel,gallon,6172,3.79,23418.61
P0276,500,Subcontractor,Concrete Work,job,2,26027.54,52055.07
P0276,501,Subcontractor,Utility Work,job,1,21414.55,21414.55
P0277,100,Labor,General Labor,hour,4401,34.47,151696.91
P0277,101,Labor,Equipment Operators,hour,16085,40.54,652150.98
P0277,102,Labor,Supervisors,hour,15273,52.92,808277.2
P0277,103,Labor,Skilled Labor,hour,14182,48.54,688379.82
P0277,200,Materials,Gravel,ton,17376,35.09,609678.46
P0277,201,Materials,Concrete,cubic_yard,7144,154.64,1104758.65
P0277,202,Materials,Asphalt,ton,5254,87.88,461738.14
P0277,203,Materials,Topsoil,cubic_yard,14633,37.69,551453.3
P0277,300,Equipment,Excavator,hour,6474,124.89,808560.61
P0277,301,Equipment,Bulldozer,hour,6466,149.26,965111.59
P0277,302,Equipment,Loader,hour,7637,118.12,902087.57
P0277,303,Equipment,Compactor,hour,3228,89.0,287280.47
P0277,400,Fuel,Diesel,gallon,21879,3.56,77867.44
P0277,500,Subcontractor,Concrete Work,job,4,25850.64,103402.55
P0277,501,Subcontractor,Utility Work,job,1,21006.04,21006.04
P0278,100,Labor,General Labor,hour,32050,34.25,1097578.46
P0278,101,Labor,Equipment Operators,hour,16614,42.58,707397.01
P0278,102,Labor,Supervisors,hour,22505,59.23,1333011.28
P0278,103,Labor,Skilled Labor,hour,27462,44.77,1229439.8
P0278,200,Materials,Gravel,ton,5190,33.75,175175.12
P0278,201,Materials,Concrete,cubic_yard,31611,143.79,4545386.39
P0278,202,Materials,Asphalt,ton,16753,94.16,1577423.89
P0278,203,Materials,Topsoil,cubic_yard,24588,35.12,863536.04
P0278,300,Equipment,Excavator,hour,7548,140.08,1057319.92
P0278,301,Equipment,Bulldozer,hour,7363,164.0,1207535.18
P0278,302,Equipment,Loader,hour,16349,115.21,1883563.28
P0278,303,Equipment,Compactor,hour,4194,91.59,384124.1
P0278,400,Fuel,Diesel,gallon,56833,4.07,231392.15
P0278,500,Subcontractor,Concrete Work,job,11,29299.24,322291.64
P0278,501,Subcontractor,Utility Work,job,12,23203.34,278440.06
P0279,100,Labor,General Labor,hour,22691,29.83,676878.0
P0279,101,Labor,Equipment Operators,hour,5509,43.29,238494.3
P0279,102,Labor,Supervisors,hour,32659,57.16,1866750.46
P0279,103,Labor,Skilled Labor,hour,27933,48.8,1363157.93
P0279,200,Materials,Gravel,ton,25461,32.76,833988.56
P0279,201,Materials,Concrete,cubic_yard,31985,138.86,4441287.37
P0279,202,Materials,Asphalt,ton,23705,87.36,2070853.14
P0279,203,Materials,Topsoil,cubic_yard,24044,39.06,939171.49
P0279,300,Equipment,Excavator,hour,6398,127.75,817345.4
P0279,301,Equipment,Bulldozer,hour,12390,162.24,2010099.91
P0279,302,Equipment,Loader,hour,16274,118.36,1926263.69
P0279,303,Equipment,Compactor,hour,13056,94.03,1227654.84
P0279,400,Fuel,Diesel,gallon,125797,3.91,491783.44
P0279,500,Subcontractor,Concrete Work,job,17,29744.78,505661.31
P0279,501,Subcontractor,Utility Work,job,3,22109.9,66329.71
P0280,100,Labor,General Labor,hour,12314,33.51,412620.91
P0280,101,Labor,Equipment Operators,hour,17463,40.58,708588.04
P0280,102,Labor,Supervisors,hour,9507,55.53,527930.08
P0280,103,Labor,Skilled Labor,hour,16462,47.42,780568.23
P0280,200,Materials,Gravel,ton,9908,31.92,316276.07
P0280,201,Materials,Concrete,cubic_yard,8589,141.27,1213351.85
P0280,202,Materials,Asphalt,ton,8041,87.76,705698.57
P0280,203,Materials,Topsoil,cubic_yard,4742,40.03,189801.0
P0280,300,Equipment,Excavator,hour,8293,129.7,1075622.24
P0280,301,Equipment,Bulldozer,hour,4013,163.8,657327.92
P0280,302,Equipment,Loader,hour,9057,124.44,1127033.87
P0280,303,Equipment,Compactor,hour,1217,88.21,107357.29
P0280,400,Fuel,Diesel,gallon,65252,3.63,236966.45
P0280,500,Subcontractor,Concrete Work,job,8,29713.38,237707.05
P0280,501,Subcontractor,Utility Work,job,7,23354.91,163484.37
P0281,100,Labor,General Labor,hour,26504,32.94,873021.17
P0281,101,Labor,Equipment Operators,hour,14388,43.81,630329.09
P0281,102,Labor,Supervisors,hour,16024,57.58,922724.01
P0281,103,Labor,Skilled Labor,hour,31089,49.38,1535103.63
P0281,200,Materials,Gravel,ton,14636,36.61,535880.29
P0281,201,Materials,Concrete,cubic_yard,19770,148.85,2942680.94
P0281,202,Materials,Asphalt,ton,29963,93.94,2814770.53
P0281,203,Materials,Topsoil,cubic_yard,10912,40.78,444939.82
P0281,300,Equipment,Excavator,hour,9695,142.3,1379612.42
P0281,301,Equipment,Bulldozer,hour,8556,155.9,1333871.32
P0281,302,Equipment,Loader,hour,13603,110.59,1504414.99
P0281,303,Equipment,Compactor,hour,1683,102.13,171878.25
P0281,400,Fuel,Diesel,gallon,68940,4.01,276558.08
P0281,500,Subcontractor,Concrete Work,job,8,25903.34,207226.76
P0281,501,Subcontractor,Utility Work,job,9,21093.42,189840.78
P0282,100,Labor,General Labor,hour,5569,31.8,177079.21
P0282,101,Labor,Equipment Operators,hour,2566,40.23,103224.77
P0282,102,Labor,Supervisors,hour,5060,59.1,299040.42
P0282,103,Labor,Skilled Labor,hour,6118,45.54,278590.36
P0282,200,Materials,Gravel,ton,5627,33.5,188481.08
P0282,201,Materials,Concrete,cubic_yard,5376,143.02,768890.95
P0282,202,Materials,Asphalt,ton,6089,97.07,591050.01
P0282,203,Materials,Topsoil,cubic_yard,6004,39.64,238019.88
P0282,300,Equipment,Excavator,hour,271,131.34,35593.67
P0282,301,Equipment,Bulldozer,hour,2915,148.27,432206.92
P0282,302,Equipment,Loader,hour,1046,127.68,133556.77
P0282,303,Equipment,Compactor,hour,2966,88.85,263531.65
P0282,400,Fuel,Diesel,gallon,14203,3.74,53116.24
P0282,500,Subcontractor,Concrete Work,job,2,27008.72,54017.44
P0282,501,Subcontractor,Utility Work,job,2,21039.6,42079.2
P0283,100,Labor,General Labor,hour,1762,31.79,56017.7
P0283,101,Labor,Equipment Operators,hour,1816,41.01,74470.8
P0283,102,Labor,Supervisors,hour,751,56.62,42520.15
P0283,103,Labor,Skilled Labor,hour,766,44.63,34185.32
P0283,200,Materials,Gravel,ton,710,34.82,24720.3
P0283,201,Materials,Concrete,cubic_yard,1402,155.51,218030.15
P0283,202,Materials,Asphalt,ton,2231,98.72,220253.17
P0283,203,Materials,Topsoil,cubic_yard,1006,39.94,40179.92
P0283,300,Equipment,Excavator,hour,398,145.13,57762.57
P0283,301,Equipment,Bulldozer,hour,1074,160.03,171877.38
P0283,302,Equipment,Loader,hour,53,115.74,6134.02
P0283,303,Equipment,Compactor,hour,217,90.46,19630.81
P0283,400,Fuel,Diesel,gallon,916,4.07,3727.88
P0283,500,Subcontractor,Concrete Work,job,1,26099.15,26099.15
P0283,501,Subcontractor,Utility Work,job,1,22364.77,22364.77
P0284,100,Labor,General Labor,hour,15284,32.55,497495.08
P0284,101,Labor,Equipment Operators,hour,10480,42.11,441334.34
P0284,102,Labor,Supervisors,hour,18616,51.15,952279.26
P0284,103,Labor,Skilled Labor,hour,10662,45.19,481799.65
P0284,200,Materials,Gravel,ton,4469,31.51,140808.07
P0284,201,Materials,Concrete,cubic_yard,18147,145.79,2645584.82
P0284,202,Materials,Asphalt,ton,2498,94.95,237192.99
P0284,203,Materials,Topsoil,cubic_yard,10039,40.0,401568.16
P0284,300,Equipment,Excavator,hour,3149,142.79,449660.39
P0284,301,Equipment,Bulldozer,hour,2144,166.89,357812.29
P0284,302,Equipment,Loader,hour,9671,127.45,1232601.95
P0284,303,Equipment,Compactor,hour,8021,99.48,797943.13
P0284,400,Fuel,Diesel,gallon,78000,3.9,304261.81
P0284,500,Subcontractor,Concrete Work,job,3,26334.45,79003.34
P0284,501,Subcontractor,Utility Work,job,7,21588.69,151120.82
P0285,100,Labor,General Labor,hour,7873,33.8,266109.98
P0285,101,Labor,Equipment Operators,hour,7553,41.81,315767.01
P0285,102,Labor,Supervisors,hour,18862,53.64,1011816.89
P0285,103,Labor,Skilled Labor,hour,13940,45.02,627530.01
P0285,200,Materials,Gravel,ton,4712,34.56,162833.99
P0285,201,Materials,Concrete,cubic_yard,20558,151.7,3118600.78
P0285,202,Materials,Asphalt,ton,16668,88.49,1474905.96
P0285,203,Materials,Topsoil,cubic_yard,15465,38.31,592499.49
P0285,300,Equipment,Excavator,hour,5435,144.44,785049.94
P0285,301,Equipment,Bulldozer,hour,8022,165.68,1329100.93
P0285,302,Equipment,Loader,hour,3591,116.82,419507.07
P0285,303,Equipment,Compactor,hour,6127,97.77,599047.02
P0285,400,Fuel,Diesel,gallon,14215,3.88,55163.02
P0285,500,Subcontractor,Concrete Work,job,10,27012.04,270120.4
P0285,501,Subcontractor,Utility Work,job,7,21754.99,152284.93
P0286,100,Labor,General Labor,hour,6536,31.72,207337.95
P0286,101,Labor,Equipment Operators,hour,4166,39.09,162830.31
P0286,102,Labor,Supervisors,hour,7452,50.7,377829.09
P0286,103,Labor,Skilled Labor,hour,1042,49.92,52014.61
P0286,200,Materials,Gravel,ton,1939,36.34,70462.22
P0286,201,Materials,Concrete,cubic_yard,1767,147.09,259904.3
P0286,202,Materials,Asphalt,ton,8628,98.21,847372.98
P0286,203,Materials,Topsoil,cubic_yard,1291,36.85,47568.2
P0286,300,Equipment,Excavator,hour,4137,139.03,575161.13
P0286,301,Equipment,Bulldozer,hour,2128,156.39,332799.26
P0286,302,Equipment,Loader,hour,1074,113.74,122153.49
P0286,303,Equipment,Compactor,hour,2550,90.12,229814.51
P0286,400,Fuel,Diesel,gallon,4437,4.07,18072.06
P0286,500,Subcontractor,Concrete Work,job,3,25919.94,77759.83
P0286,501,Subcontractor,Utility Work,job,4,20401.82,81607.29
P0287,100,Labor,General Labor,hour,1878,30.3,56906.07
P0287,101,Labor,Equipment Operators,hour,2624,38.78,101754.37
P0287,102,Labor,Supervisors,hour,2595,50.75,131694.51
P0287,103,Labor,Skilled Labor,hour,2061,44.78,92299.49
P0287,200,Materials,Gravel,ton,253,36.49,9231.01
P0287,201,Materials,Concrete,cubic_yard,146,154.09,22497.18
P0287,202,Materials,Asphalt,ton,1596,86.55,138133.22
P0287,203,Materials,Topsoil,cubic_yard,1072,39.8,42670.73
P0287,300,Equipment,Excavator,hour,1367,140.97,192711.71
P0287,301,Equipment,Bulldozer,hour,719,145.68,104744.74
P0287,302,Equipment,Loader,hour,1302,115.95,150966.19
P0287,303,Equipment,Compactor,hour,770,100.2,77153.29
P0287,400,Fuel,Diesel,gallon,781,3.64,2844.12
P0287,500,Subcontractor,Concrete Work,job,1,25983.3,25983.3
P0287,501,Subcontractor,Utility Work,job,1,23527.04,23527.04
P0288,100,Labor,General Labor,hour,5216,32.72,170658.45
P0288,101,Labor,Equipment Operators,hour,3070,39.91,122515.55
P0288,102,Labor,Supervisors,hour,2300,54.58,125545.23
P0288,103,Labor,Skilled Labor,hour,4426,46.31,204984.36
P0288,200,Materials,Gravel,ton,779,36.71,28593.61
P0288,201,Materials,Concrete,cubic_yard,2759,135.4,373566.43
P0288,202,Materials,Asphalt,ton,1997,93.82,187351.88
P0288,203,Materials,Topsoil,cubic_yard,5055,38.28,193497.81
P0288,300,Equipment,Excavator,hour,1274,127.45,162375.97
P0288,301,Equipment,Bulldozer,hour,3244,163.33,529853.45
P0288,302,Equipment,Loader,hour,3001,122.7,368224.32
P0288,303,Equipment,Compactor,hour,796,97.46,77577.7
P0288,400,Fuel,Diesel,gallon,8553,3.6,30784.16
P0288,500,Subcontractor,Concrete Work,job,1,25800.43,25800.43
P0288,501,Subcontractor,Utility Work,job,3,22623.46,67870.39
P0289,100,Labor,General Labor,hour,4448,32.32,143757.04
P0289,101,Labor,Equipment Operators,hour,4634,42.84,198499.71
P0289,102,Labor,Supervisors,hour,7445,57.12,425250.31
P0289,103,Labor,Skilled Labor,hour,4021,45.26,181994.72
P0289,200,Materials,Gravel,ton,870,31.73,27607.58
P0289,201,Materials,Concrete,cubic_yard,11386,155.64,1772109.86
P0289,202,Materials,Asphalt,ton,7774,94.5,734652.36
P0289,203,Materials,Topsoil,cubic_yard,10772,39.11,421298.51
P0289,300,Equipment,Excavator,hour,1729,131.64,227597.93
P0289,301,Equipment,Bulldozer,hour,3540,146.95,520201.53
P0289,302,Equipment,Loader,hour,6347,118.98,755159.23
P0289,303,Equipment,Compactor,hour,2285,98.9,225995.73
P0289,400,Fuel,Diesel,gallon,14794,4.06,60059.1
P0289,500,Subcontractor,Concrete Work,job,7,27506.33,192544.32
P0289,501,Subcontractor,Utility Work,job,7,20397.44,142782.08
P0290,100,Labor,General Labor,hour,8583,32.32,277396.03
P0290,101,Labor,Equipment Operators,hour,15967,42.57,679680.54
P0290,102,Labor,Supervisors,hour,8326,56.23,468164.78
P0290,103,Labor,Skilled Labor,hour,19883,45.47,904081.54
P0290,200,Materials,Gravel,ton,10824,31.46,340562.07
P0290,201,Materials,Concrete,cubic_yard,7157,152.01,1087953.7
P0290,202,Materials,Asphalt,ton,5229,98.24,513719.3
P0290,203,Materials,Topsoil,cubic_yard,14033,39.01,547438.41
P0290,300,Equipment,Excavator,hour,10001,142.73,1427448.21
P0290,301,Equipment,Bulldozer,hour,7331,163.78,1200683.46
P0290,302,Equipment,Loader,hour,9193,110.41,1015039.37
P0290,303,Equipment,Compactor,hour,4007,102.35,410136.24
P0290,400,Fuel,Diesel,gallon,58087,4.13,239899.22
P0290,500,Subcontractor,Concrete Work,job,2,28248.24,56496.48
P0290,501,Subcontractor,Utility Work,job,6,22451.82,134710.9
P0291,100,Labor,General Labor,hour,6722,32.33,217348.31
P0291,101,Labor,Equipment Operators,hour,2726,43.18,117699.07
P0291,102,Labor,Supervisors,hour,6343,55.63,352858.74
P0291,103,Labor,Skilled Labor,hour,3831,45.03,172526.09
P0291,200,Materials,Gravel,ton,8349,31.95,266759.34
P0291,201,Materials,Concrete,cubic_yard,3445,143.11,493016.72
P0291,202,Materials,Asphalt,ton,2295,86.77,199132.95
P0291,203,Materials,Topsoil,cubic_yard,7960,35.34,281314.0
P0291,300,Equipment,Excavator,hour,449,144.09,64695.16
P0291,301,Equipment,Bulldozer,hour,3261,165.45,539547.95
P0291,302,Equipment,Loader,hour,2020,115.89,234100.91
P0291,303,Equipment,Compactor,hour,1769,100.86,178419.62
P0291,400,Fuel,Diesel,gallon,29978,4.07,122084.75
P0291,500,Subcontractor,Concrete Work,job,2,25955.16,51910.31
P0291,501,Subcontractor,Utility Work,job,2,20261.11,40522.23
P0292,100,Labor,General Labor,hour,5232,30.17,157860.73
P0292,101,Labor,Equipment Operators,hour,2205,40.86,90092.06
P0292,102,Labor,Supervisors,hour,2847,56.51,160885.29
P0292,103,Labor,Skilled Labor,hour,4832,51.76,250081.95
P0292,200,Materials,Gravel,ton,3830,34.03,130353.03
P0292,201,Materials,Concrete,cubic_yard,2196,152.36,334578.68
P0292,202,Materials,Asphalt,ton,4825,98.47,475120.91
P0292,203,Materials,Topsoil,cubic_yard,1907,39.57,75450.61
P0292,300,Equipment,Excavator,hour,637,133.15,84819.34
P0292,301,Equipment,Bulldozer,hour,1999,144.01,287866.69
P0292,302,Equipment,Loader,hour,268,110.8,29694.72
P0292,303,Equipment,Compactor,hour,363,92.02,33403.62
P0292,400,Fuel,Diesel,gallon,2210,4.14,9141.86
P0292,500,Subcontractor,Concrete Work,job,2,26641.67,53283.35
P0292,501,Subcontractor,Utility Work,job,2,23102.52,46205.05
P0293,100,Labor,General Labor,hour,5865,33.23,194907.78
P0293,101,Labor,Equipment Operators,hour,3265,45.0,146935.07
P0293,102,Labor,Supervisors,hour,3333,55.11,183689.1
P0293,103,Labor,Skilled Labor,hour,2987,45.35,135470.7
P0293,200,Materials,Gravel,ton,4603,33.13,152490.16
P0293,201,Materials,Concrete,cubic_yard,2148,142.34,305753.25
P0293,202,Materials,Asphalt,ton,4524,88.39,399892.14
P0293,203,Materials,Topsoil,cubic_yard,7769,39.25,304960.09
P0293,300,Equipment,Excavator,hour,3306,142.2,470114.76
P0293,301,Equipment,Bulldozer,hour,3179,148.77,472939.37
P0293,302,Equipment,Loader,hour,4079,113.32,462221.29
P0293,303,Equipment,Compactor,hour,522,95.48,49843.16
P0293,400,Fuel,Diesel,gallon,17314,4.16,71979.92
P0293,500,Subcontractor,Concrete Work,job,3,28316.14,84948.42
P0293,501,Subcontractor,Utility Work,job,1,23735.14,23735.14
P0294,100,Labor,General Labor,hour,14466,31.64,457650.73
P0294,101,Labor,Equipment Operators,hour,14398,43.65,628407.2
P0294,102,Labor,Supervisors,hour,2369,52.2,123652.69
P0294,103,Labor,Skilled Labor,hour,9093,50.06,455209.78
P0294,200,Materials,Gravel,ton,499,32.94,16437.73
P0294,201,Materials,Concrete,cubic_yard,1156,149.85,173228.75
P0294,202,Materials,Asphalt,ton,13388,88.31,1182329.63
P0294,203,Materials,Topsoil,cubic_yard,4687,37.0,173404.56
P0294,300,Equipment,Excavator,hour,4336,144.88,628201.57
P0294,301,Equipment,Bulldozer,hour,5407,165.36,894117.73
P0294,302,Equipment,Loader,hour,3850,124.23,478266.46
P0294,303,Equipment,Compactor,hour,5176,98.28,508671.59
P0294,400,Fuel,Diesel,gallon,42232,3.77,159288.43
P0294,500,Subcontractor,Concrete Work,job,8,26216.51,209732.1
P0294,501,Subcontractor,Utility Work,job,2,21426.51,42853.03
P0295,100,Labor,General Labor,hour,4582,32.61,149433.99
P0295,101,Labor,Equipment Operators,hour,3382,42.92,145153.45
P0295,102,Labor,Supervisors,hour,6609,52.58,347482.73
P0295,103,Labor,Skilled Labor,hour,4354,49.89,217214.17
P0295,200,Materials,Gravel,ton,8156,31.29,255231.24
P0295,201,Materials,Concrete,cubic_yard,200,151.72,30343.63
P0295,202,Materials,Asphalt,ton,5230,92.65,484551.5
P0295,203,Materials,Topsoil,cubic_yard,7436,36.2,269181.37
P0295,300,Equipment,Excavator,hour,2274,145.11,329987.23
P0295,301,Equipment,Bulldozer,hour,3592,144.7,519762.43
P0295,302,Equipment,Loader,hour,715,119.76,85631.28
P0295,303,Equipment,Compactor,hour,2754,102.3,281731.03
P0295,400,Fuel,Diesel,gallon,14916,3.7,55238.67
P0295,500,Subcontractor,Concrete Work,job,3,25790.75,77372.24
P0295,501,Subcontractor,Utility Work,job,1,23555.09,23555.09
P0296,100,Labor,General Labor,hour,18531,29.86,553373.45
P0296,101,Labor,Equipment Operators,hour,12526,40.27,504388.05
P0296,102,Labor,Supervisors,hour,13094,54.41,712446.37
P0296,103,Labor,Skilled Labor,hour,6687,46.37,310109.39
P0296,200,Materials,Gravel,ton,15065,32.69,492416.14
P0296,201,Materials,Concrete,cubic_yard,28960,144.5,4184793.09
P0296,202,Materials,Asphalt,ton,24553,96.96,2380757.6
P0296,203,Materials,Topsoil,cubic_yard,16506,35.4,584341.53
P0296,300,Equipment,Excavator,hour,14501,131.22,1902808.22
P0296,301,Equipment,Bulldozer,hour,7372,143.81,1060175.65
P0296,302,Equipment,Loader,hour,5663,126.36,715595.88
P0296,303,Equipment,Compactor,hour,14141,98.22,1388887.9
P0296,400,Fuel,Diesel,gallon,24461,3.8,93050.45
P0296,500,Subcontractor,Concrete Work,job,6,28594.51,171567.04
P0296,501,Subcontractor,Utility Work,job,6,20409.95,122459.7
P0297,100,Labor,General Labor,hour,10667,34.14,364160.03
P0297,101,Labor,Equipment Operators,hour,20932,42.57,891051.94
P0297,102,Labor,Supervisors,hour,3191,52.71,168197.46
P0297,103,Labor,Skilled Labor,hour,14739,47.68,702779.33
P0297,200,Materials,Gravel,ton,17393,36.49,634714.68
P0297,201,Materials,Concrete,cubic_yard,11092,143.66,1593466.14
P0297,202,Materials,Asphalt,ton,17475,90.4,1579806.17
P0297,203,Materials,Topsoil,cubic_yard,1832,35.17,64424.02
P0297,300,Equipment,Excavator,hour,5174,145.39,752224.59
P0297,301,Equipment,Bulldozer,hour,10161,165.3,1679567.73
P0297,302,Equipment,Loader,hour,3818,115.77,442017.2
P0297,303,Equipment,Compactor,hour,10959,100.59,1102367.24
P0297,400,Fuel,Diesel,gallon,71721,3.93,281666.49
P0297,500,Subcontractor,Concrete Work,job,7,30147.99,211035.96
P0297,501,Subcontractor,Utility Work,job,5,23261.94,116309.68
P0298,100,Labor,General Labor,hour,20128,30.33,610404.01
P0298,101,Labor,Equipment Operators,hour,16453,41.65,685282.29
P0298,102,Labor,Supervisors,hour,5200,57.12,297009.65
P0298,103,Labor,Skilled Labor,hour,10350,46.15,477655.17
P0298,200,Materials,Gravel,ton,9089,32.95,299502.32
P0298,201,Materials,Concrete,cubic_yard,19176,145.81,2796040.32
P0298,202,Materials,Asphalt,ton,21445,95.55,2049093.44
P0298,203,Materials,Topsoil,cubic_yard,4133,37.56,155225.18
P0298,300,Equipment,Excavator,hour,1760,133.13,234301.76
P0298,301,Equipment,Bulldozer,hour,4724,159.42,753094.98
P0298,302,Equipment,Loader,hour,7871,124.93,983349.44
P0298,303,Equipment,Compactor,hour,6493,100.93,655360.92
P0298,400,Fuel,Diesel,gallon,81500,3.71,302555.8
P0298,500,Subcontractor,Concrete Work,job,11,28369.76,312067.36
P0298,501,Subcontractor,Utility Work,job,2,21412.43,42824.85
P0299,100,Labor,General Labor,hour,4551,31.54,143550.88
P0299,101,Labor,Equipment Operators,hour,11446,43.29,495481.67
P0299,102,Labor,Supervisors,hour,5684,52.98,301123.37
P0299,103,Labor,Skilled Labor,hour,9910,45.46,450550.51
P0299,200,Materials,Gravel,ton,8632,36.14,312003.61
P0299,201,Materials,Concrete,cubic_yard,1559,143.0,222941.9
P0299,202,Materials,Asphalt,ton,3050,98.11,299233.63
P0299,203,Materials,Topsoil,cubic_yard,10665,40.13,427944.55
P0299,300,Equipment,Excavator,hour,3048,125.74,383254.28
P0299,301,Equipment,Bulldozer,hour,8291,162.87,1350314.71
P0299,302,Equipment,Loader,hour,7944,124.76,991118.0
P0299,303,Equipment,Compactor,hour,3665,93.84,343916.82
P0299,400,Fuel,Diesel,gallon,65628,3.94,258782.96
P0299,500,Subcontractor,Concrete Work,job,8,29019.39,232155.08
P0299,501,Subcontractor,Utility Work,job,2,20614.07,41228.14
P0300,100,Labor,General Labor,hour,2646,31.41,83106.3
P0300,101,Labor,Equipment Operators,hour,5528,44.32,245024.52
P0300,102,Labor,Supervisors,hour,4145,56.56,234423.93
P0300,103,Labor,Skilled Labor,hour,2632,48.56,127802.04
P0300,200,Materials,Gravel,ton,784,36.06,28268.75
P0300,201,Materials,Concrete,cubic_yard,3533,138.51,489364.92
P0300,202,Materials,Asphalt,ton,3379,86.53,292373.84
P0300,203,Materials,Topsoil,cubic_yard,3277,35.22,115426.29
P0300,300,Equipment,Excavator,hour,2163,139.23,301157.69
P0300,301,Equipment,Bulldozer,hour,1346,157.01,211334.16
P0300,302,Equipment,Loader,hour,2400,128.85,309228.26
P0300,303,Equipment,Compactor,hour,2276,97.22,221272.42
P0300,400,Fuel,Diesel,gallon,5381,4.05,21792.38
P0300,500,Subcontractor,Concrete Work,job,3,26041.53,78124.58
P0300,501,Subcontractor,Utility Work,job,2,20820.1,41640.21
