project_id,cost_code,category,subcategory,unit,estimated_quantity,estimated_unit_cost,estimated_cost,actual_quantity,actual_unit_cost,actual_cost,variance,variance_pct,budget_status
P0001,100,Labor,General Labor,hour,3256,31.08,101192.27,3379,29.57,99900.74,-1291.5299999999988,-1.2763129041378347,On Budget
P0001,101,Labor,Equipment Operators,hour,16559,39.37,651851.36,15702,40.09,629495.0,-22356.359999999986,-3.429671451479366,On Budget
P0001,102,Labor,Supervisors,hour,8950,54.24,485430.68,9483,58.44,554154.53,68723.85000000003,14.157294302041237,Over Budget
P0001,103,Labor,Skilled Labor,hour,4283,45.32,194122.92,4873,49.41,240779.66,46656.73999999999,24.034637434878885,Over Budget
P0001,200,Materials,Gravel,ton,9761,32.16,313865.09,10306,33.79,348217.95,34352.859999999986,10.945103834262033,Over Budget
P0001,201,Materials,Concrete,cubic_yard,19381,139.85,2710381.08,20163,147.21,2968271.22,257890.14000000013,9.514903343407346,Watch
P0001,202,Materials,Asphalt,ton,7120,95.57,680439.63,7922,101.09,800850.01,120410.38,17.695968119905068,Over Budget
P0001,203,Materials,Topsoil,cubic_yard,8503,38.24,325114.5,8791,39.36,346027.52,20913.02000000002,6.432509162156723,Watch
P0001,300,Equipment,Excavator,hour,9203,124.44,1145205.52,9814,132.51,1300479.73,155274.20999999996,13.558632689790034,Over Budget
P0001,301,Equipment,Bulldozer,hour,8399,163.48,1373075.79,8027,166.79,1338813.31,-34262.47999999998,-2.4953087258205886,On Budget
P0001,302,Equipment,Loader,hour,4495,122.75,551772.99,4461,123.45,550715.96,-1057.030000000028,-0.19156972507842907,On Budget
P0001,303,Equipment,Compactor,hour,7418,87.43,648545.16,8033,90.34,725736.47,77191.30999999994,11.902225898964373,Over Budget
P0001,400,Fuel,Diesel,gallon,19495,3.78,73706.83,19919,4.02,80055.36,6348.529999999999,8.613218069478771,Watch
P0001,500,Subcontractor,Concrete Work,job,9,26226.54,236038.82,9,26867.32,241805.92,5767.100000000006,2.4432845410767627,On Budget
P0001,501,Subcontractor,Utility Work,job,6,22349.78,134098.67,6,23141.75,138850.51,4751.8399999999965,3.5435399918582307,On Budget
P0002,100,Labor,General Labor,hour,8977,33.26,298567.27,9455,33.27,314543.63,15976.359999999986,5.3510085013672075,Watch
P0002,101,Labor,Equipment Operators,hour,7028,41.15,289199.87,8107,42.75,346566.95,57367.080000000016,19.836481945859802,Over Budget
P0002,102,Labor,Supervisors,hour,5371,51.15,274728.65,5728,53.98,309188.31,34459.659999999974,12.543162134710004,Over Budget
P0002,103,Labor,Skilled Labor,hour,4570,45.49,207899.93,4297,46.37,199266.44,-8633.48999999999,-4.152714240933122,On Budget
P0002,200,Materials,Gravel,ton,8560,36.67,313909.99,8887,35.39,314473.04,563.0499999999884,0.17936670317500517,On Budget
P0002,201,Materials,Concrete,cubic_yard,12120,137.23,1663286.06,13589,149.17,2027049.74,363763.67999999993,21.870181488805354,Over Budget
P0002,202,Materials,Asphalt,ton,8703,98.32,855713.43,8572,95.17,815831.94,-39881.49000000011,-4.6606128409133545,On Budget
P0002,203,Materials,Topsoil,cubic_yard,5843,37.88,221355.68,6015,39.14,235455.02,14099.339999999997,6.369540641559321,Watch
P0002,300,Equipment,Excavator,hour,3994,125.28,500354.69,4098,128.51,526648.5,26293.809999999998,5.255034183850659,Watch
P0002,301,Equipment,Bulldozer,hour,289,144.02,41621.94,290,141.14,40931.79,-690.1500000000015,-1.6581399137089754,On Budget
P0002,302,Equipment,Loader,hour,5724,119.46,683809.42,6906,125.97,869945.26,186135.83999999997,27.220426416471415,Over Budget
P0002,303,Equipment,Compactor,hour,463,91.59,42406.61,443,86.33,38243.33,-4163.279999999999,-9.817526088503653,Under Budget
P0002,400,Fuel,Diesel,gallon,42174,3.71,156346.34,49146,3.8,186514.38,30168.040000000008,19.295648366312896,Over Budget
P0002,500,Subcontractor,Concrete Work,job,4,28277.73,113110.91,4,28019.66,112078.63,-1032.2799999999988,-0.9126263770665437,On Budget
P0002,501,Subcontractor,Utility Work,job,1,21073.48,21073.48,1,21611.35,21611.35,537.869999999999,2.552354902939614,On Budget
P0003,100,Labor,General Labor,hour,2794,31.45,87883.74,2941,33.66,98999.2,11115.459999999992,12.64791416478178,Over Budget
P0003,101,Labor,Equipment Operators,hour,1703,45.22,77014.06,1963,46.82,91905.16,14891.100000000006,19.335560286004927,Over Budget
P0003,102,Labor,Supervisors,hour,1264,53.32,67392.12,1227,54.03,66298.17,-1093.949999999997,-1.6232609984668789,On Budget
P0003,103,Labor,Skilled Labor,hour,2236,48.35,108102.57,2215,46.61,103246.6,-4855.970000000001,-4.492002364051105,On Budget
P0003,200,Materials,Gravel,ton,1724,35.59,61351.73,1620,37.08,60075.62,-1276.1100000000006,-2.0799902464038107,On Budget
P0003,201,Materials,Concrete,cubic_yard,2656,143.34,380722.27,3045,148.69,452758.43,72036.15999999997,18.92092101678212,Over Budget
P0003,202,Materials,Asphalt,ton,361,97.33,35135.57,350,103.18,36113.01,977.4400000000023,2.7819101838962688,On Budget
P0003,203,Materials,Topsoil,cubic_yard,2473,35.64,88139.13,2206,36.3,80080.67,-8058.460000000006,-9.142885798850074,Under Budget
P0003,300,Equipment,Excavator,hour,1371,135.97,186413.1,1428,134.13,191543.52,5130.419999999984,2.752177824412546,On Budget
P0003,301,Equipment,Bulldozer,hour,305,148.94,45425.55,340,154.18,52420.52,6994.969999999994,15.398756867005448,Over Budget
P0003,302,Equipment,Loader,hour,899,121.01,108786.43,1002,126.16,126414.87,17628.440000000002,16.20463140485445,Over Budget
P0003,303,Equipment,Compactor,hour,649,99.53,64598.11,576,97.4,56099.53,-8498.580000000002,-13.156081501455697,Under Budget
P0003,400,Fuel,Diesel,gallon,1734,3.81,6612.96,1901,3.78,7189.73,576.7699999999995,8.721812924923174,Watch
P0003,500,Subcontractor,Concrete Work,job,1,27159.32,27159.32,1,28857.73,28857.73,1698.4099999999999,6.253507083387949,Watch
P0003,501,Subcontractor,Utility Work,job,1,20824.44,20824.44,1,21014.43,21014.43,189.9900000000016,0.9123414603225903,On Budget
P0004,100,Labor,General Labor,hour,851,32.04,27262.72,863,32.26,27843.85,581.1299999999974,2.131592152213709,On Budget
P0004,101,Labor,Equipment Operators,hour,2564,44.15,113208.13,2483,47.05,116834.04,3625.909999999989,3.202870677220787,On Budget
P0004,102,Labor,Supervisors,hour,3341,54.87,183324.54,3851,57.39,220995.42,37670.880000000005,20.548738319485217,Over Budget
P0004,103,Labor,Skilled Labor,hour,3368,51.68,174074.17,3514,51.12,179641.43,5567.25999999998,3.1982114290707115,On Budget
P0004,200,Materials,Gravel,ton,375,31.44,11789.9,371,30.49,11310.86,-479.03999999999905,-4.0631387882848795,On Budget
P0004,201,Materials,Concrete,cubic_yard,3289,141.21,464455.15,3409,148.17,505127.05,40671.899999999965,8.756905806728586,Watch
P0004,202,Materials,Asphalt,ton,1107,88.38,97840.67,1134,93.84,106409.11,8568.440000000002,8.757544280921218,Watch
P0004,203,Materials,Topsoil,cubic_yard,876,35.65,31226.5,1009,37.56,37895.72,6669.220000000001,21.35756488879638,Over Budget
P0004,300,Equipment,Excavator,hour,1535,140.18,215171.54,1461,154.28,225400.18,10228.639999999985,4.753714176140574,On Budget
P0004,301,Equipment,Bulldozer,hour,1003,160.9,161386.83,994,168.41,167401.11,6014.279999999999,3.72662378956201,On Budget
P0004,302,Equipment,Loader,hour,118,124.59,14702.15,131,127.12,16653.3,1951.1499999999996,13.271188227572155,Over Budget
P0004,303,Equipment,Compactor,hour,1172,89.94,105410.16,1180,89.6,105729.88,319.72000000000116,0.3033104209309626,On Budget
P0004,400,Fuel,Diesel,gallon,11791,3.67,43329.17,13058,3.67,47955.03,4625.860000000001,10.676087264076374,Over Budget
P0004,500,Subcontractor,Concrete Work,job,2,26802.78,53605.56,2,27709.98,55419.95,1814.3899999999994,3.3847048701664524,On Budget
P0004,501,Subcontractor,Utility Work,job,1,20835.17,20835.17,1,20769.11,20769.11,-66.05999999999767,-0.3170600479861584,On Budget
P0005,100,Labor,General Labor,hour,5168,30.1,155555.28,5241,32.4,169815.64,14260.360000000015,9.167390525091797,Watch
P0005,101,Labor,Equipment Operators,hour,1354,41.47,56153.23,1819,44.07,80171.13,24017.9,42.772072060681104,Over Budget
P0005,102,Labor,Supervisors,hour,8588,59.16,508069.79,9194,61.52,565573.7,57503.909999999974,11.318112419161938,Over Budget
P0005,103,Labor,Skilled Labor,hour,11463,48.93,560906.66,12084,54.28,655968.56,95061.90000000002,16.947900030283115,Over Budget
P0005,200,Materials,Gravel,ton,7486,33.73,252481.38,6872,35.11,241306.23,-11175.149999999994,-4.426128374298332,On Budget
P0005,201,Materials,Concrete,cubic_yard,9650,135.12,1303931.05,10223,146.08,1493396.52,189465.46999999997,14.530328885104774,Over Budget
P0005,202,Materials,Asphalt,ton,970,97.55,94626.38,920,94.54,86973.12,-7653.260000000009,-8.087871479390852,Under Budget
P0005,203,Materials,Topsoil,cubic_yard,11529,38.77,446946.49,11410,40.78,465247.32,18300.830000000016,4.094635579306153,On Budget
P0005,300,Equipment,Excavator,hour,2634,129.98,342377.79,2981,137.05,408550.57,66172.78000000003,19.327416068664977,Over Budget
P0005,301,Equipment,Bulldozer,hour,1644,148.06,243413.25,1695,161.15,273141.22,29727.969999999972,12.21296293443351,Over Budget
P0005,302,Equipment,Loader,hour,416,127.08,52863.69,558,133.75,74632.22,21768.53,41.17860482308367,Over Budget
P0005,303,Equipment,Compactor,hour,4118,88.65,365058.84,3924,90.03,353288.32,-11770.520000000019,-3.224280228359904,On Budget
P0005,400,Fuel,Diesel,gallon,17424,3.64,63484.9,20470,3.85,78731.39,15246.489999999998,24.015931347454273,Over Budget
P0005,500,Subcontractor,Concrete Work,job,5,28625.43,143127.16,5,28622.46,143112.28,-14.880000000004657,-0.010396349651599777,On Budget
P0005,501,Subcontractor,Utility Work,job,5,23657.1,118285.49,5,22474.26,112371.32,-5914.169999999998,-4.9999116544218545,On Budget
P0006,100,Labor,General Labor,hour,21616,30.82,666141.78,22186,30.85,684540.21,18398.429999999935,2.761939057478114,On Budget
P0006,101,Labor,Equipment Operators,hour,20106,40.25,809168.32,18801,36.88,693297.41,-115870.90999999992,-14.31975364532313,Under Budget
P0006,102,Labor,Supervisors,hour,14483,54.73,792708.83,16932,54.29,919226.64,126517.81000000006,15.960186793932907,Over Budget
P0006,103,Labor,Skilled Labor,hour,12795,50.72,648959.39,16847,57.54,969310.99,320351.6,49.36389008871572,Over Budget
P0006,200,Materials,Gravel,ton,6563,33.8,221815.71,6500,32.66,212279.46,-9536.25,-4.299177005992949,On Budget
P0006,201,Materials,Concrete,cubic_yard,1393,139.85,194804.74,1492,139.42,208021.08,13216.339999999997,6.78440370598785,Watch
P0006,202,Materials,Asphalt,ton,11866,97.59,1158021.67,12058,97.24,1172509.95,14488.280000000028,1.2511233921900642,On Budget
P0006,203,Materials,Topsoil,cubic_yard,20418,35.96,734321.93,21536,37.18,800810.68,66488.75,9.05444155807794,Watch
P0006,300,Equipment,Excavator,hour,7503,129.78,973713.4,8127,127.29,1034487.91,60774.51000000001,6.241519321804549,Watch
P0006,301,Equipment,Bulldozer,hour,10483,160.49,1682422.52,10456,167.4,1750299.45,67876.92999999993,4.034475834286855,On Budget
P0006,302,Equipment,Loader,hour,7443,125.77,936082.39,7678,124.16,953330.87,17248.47999999998,1.8426241305532924,On Budget
P0006,303,Equipment,Compactor,hour,6225,101.08,629253.4,6773,99.82,676092.42,46839.02000000002,7.443586319915001,Watch
P0006,400,Fuel,Diesel,gallon,38784,3.94,152808.78,40100,4.16,166927.38,14118.600000000006,9.239390563814464,Watch
P0006,500,Subcontractor,Concrete Work,job,7,26382.14,184675.0,8,27272.48,218179.88,33504.880000000005,18.142618112901047,Over Budget
P0006,501,Subcontractor,Utility Work,job,8,22848.25,182786.03,8,24143.79,193150.33,10364.299999999988,5.670181687298525,Watch
P0007,100,Labor,General Labor,hour,11107,31.74,352515.38,12439,34.68,431431.39,78916.01000000001,22.38654381547835,Over Budget
P0007,101,Labor,Equipment Operators,hour,15862,40.09,635937.17,17177,40.36,693192.21,57255.03999999992,9.00325420512846,Watch
P0007,102,Labor,Supervisors,hour,8888,51.28,455803.38,9206,54.47,501404.83,45601.45000000001,10.004631821729802,Over Budget
P0007,103,Labor,Skilled Labor,hour,5823,47.11,274327.12,6462,48.91,316087.44,41760.32000000001,15.222818655333825,Over Budget
P0007,200,Materials,Gravel,ton,2241,36.12,80944.26,2743,38.02,104301.84,23357.58,28.856375980211574,Over Budget
P0007,201,Materials,Concrete,cubic_yard,7768,145.6,1131011.88,8133,142.51,1159068.67,28056.790000000037,2.4806803974508242,On Budget
P0007,202,Materials,Asphalt,ton,1225,95.86,117422.7,1266,89.66,113508.92,-3913.779999999999,-3.3330693298655194,On Budget
P0007,203,Materials,Topsoil,cubic_yard,7504,35.0,262646.0,7851,37.56,294865.79,32219.78999999998,12.267382712853033,Over Budget
P0007,300,Equipment,Excavator,hour,1315,142.5,187385.15,1363,151.95,207106.93,19721.78,10.524729414257212,Over Budget
P0007,301,Equipment,Bulldozer,hour,5535,145.21,803739.72,6516,150.77,982410.34,178670.62,22.229910449119025,Over Budget
P0007,302,Equipment,Loader,hour,9380,120.61,1131347.35,10224,125.04,1278412.15,147064.7999999998,12.999084675453545,Over Budget
P0007,303,Equipment,Compactor,hour,8903,93.7,834167.33,8633,93.91,810693.87,-23473.459999999963,-2.813998961095727,On Budget
P0007,400,Fuel,Diesel,gallon,39382,3.62,142645.91,36853,3.48,128396.25,-14249.660000000003,-9.989532822917953,Under Budget
P0007,500,Subcontractor,Concrete Work,job,6,27749.69,166498.15,6,28410.13,170460.81,3962.6600000000035,2.3800024204473162,On Budget
P0007,501,Subcontractor,Utility Work,job,7,20773.58,145415.04,9,23419.17,210772.55,65357.50999999998,44.94549532152931,Over Budget
P0008,100,Labor,General Labor,hour,8110,31.89,258601.44,8021,31.66,253957.78,-4643.6600000000035,-1.7956821895500672,On Budget
P0008,101,Labor,Equipment Operators,hour,7058,41.03,289614.92,6835,42.77,292320.69,2705.7700000000186,0.9342647126052825,On Budget
P0008,102,Labor,Supervisors,hour,4597,56.56,260010.96,4736,60.54,286733.41,26722.449999999983,10.277432151321616,Over Budget
P0008,103,Labor,Skilled Labor,hour,2054,48.64,99901.06,2135,48.91,104430.86,4529.800000000003,4.534286222788831,On Budget
P0008,200,Materials,Gravel,ton,1843,35.54,65493.2,1764,34.54,60928.06,-4565.139999999999,-6.970403034208131,Under Budget
P0008,201,Materials,Concrete,cubic_yard,6579,144.11,948070.32,6744,146.5,987993.91,39923.590000000084,4.211036793135776,On Budget
P0008,202,Materials,Asphalt,ton,5918,97.99,579905.99,6742,104.65,705527.63,125621.64000000001,21.662414626894957,Over Budget
P0008,203,Materials,Topsoil,cubic_yard,3026,37.75,114223.86,3931,41.71,163955.73,49731.87000000001,43.53895061854853,Over Budget
P0008,300,Equipment,Excavator,hour,394,138.9,54728.3,402,145.31,58416.45,3688.149999999994,6.739018021754731,Watch
P0008,301,Equipment,Bulldozer,hour,536,161.31,86464.63,544,152.12,82754.9,-3709.7300000000105,-4.290459578673974,On Budget
P0008,302,Equipment,Loader,hour,2236,121.2,271012.29,2380,124.54,296397.56,25385.27000000002,9.366833511498692,Watch
P0008,303,Equipment,Compactor,hour,1601,98.43,157587.86,1422,93.66,133180.58,-24407.28,-15.488045843125226,Under Budget
P0008,400,Fuel,Diesel,gallon,20546,3.91,80258.97,21158,3.98,84277.07,4018.100000000006,5.006418597198551,Watch
P0008,500,Subcontractor,Concrete Work,job,1,25774.19,25774.19,1,25470.65,25470.65,-303.53999999999724,-1.1776897741500207,On Budget
P0008,501,Subcontractor,Utility Work,job,2,21141.29,42282.57,3,22665.04,67995.11,25712.54,60.81120423853139,Over Budget
P0009,100,Labor,General Labor,hour,7131,33.34,237779.58,8232,34.63,285033.13,47253.55000000002,19.872837692790952,Over Budget
P0009,101,Labor,Equipment Operators,hour,6375,44.15,281450.14,6583,48.08,316510.04,35059.899999999965,12.456877797253881,Over Budget
P0009,102,Labor,Supervisors,hour,7632,59.32,452705.86,8338,57.09,475995.8,23289.940000000002,5.144607582504014,Watch
P0009,103,Labor,Skilled Labor,hour,1520,44.2,67189.34,1593,45.95,73193.31,6003.970000000001,8.935896676466834,Watch
P0009,200,Materials,Gravel,ton,8313,35.09,291688.09,9310,37.82,352102.99,60414.899999999965,20.71215866235744,Over Budget
P0009,201,Materials,Concrete,cubic_yard,2763,149.35,412648.05,3347,165.02,552309.76,139661.71000000002,33.84523687922432,Over Budget
P0009,202,Materials,Asphalt,ton,5995,93.13,558338.56,6255,97.95,612681.51,54342.94999999995,9.732974559378443,Watch
P0009,203,Materials,Topsoil,cubic_yard,1225,40.08,49097.77,1164,40.77,47452.63,-1645.1399999999994,-3.350742813777488,On Budget
P0009,300,Equipment,Excavator,hour,3383,138.6,468897.52,3394,147.07,499168.8,30271.27999999997,6.455841353138308,Watch
P0009,301,Equipment,Bulldozer,hour,1504,146.38,220152.17,1539,147.3,226700.15,6547.979999999981,2.9742972781054036,On Budget
P0009,302,Equipment,Loader,hour,3978,120.94,481101.01,4411,121.04,533925.34,52824.32999999996,10.979883413672308,Over Budget
P0009,303,Equipment,Compactor,hour,1033,98.34,101586.08,1134,99.57,112917.55,11331.470000000001,11.154549914712725,Over Budget
P0009,400,Fuel,Diesel,gallon,21635,3.93,85121.78,20036,3.98,79722.35,-5399.429999999993,-6.343182673106687,Under Budget
P0009,500,Subcontractor,Concrete Work,job,2,27059.07,54118.13,2,29285.59,58571.19,4453.060000000005,8.228407005194018,Watch
P0009,501,Subcontractor,Utility Work,job,1,23344.61,23344.61,1,24685.42,24685.42,1340.8099999999977,5.743552794413775,Watch
P0010,100,Labor,General Labor,hour,4928,29.97,147672.8,5236,31.68,165878.77,18205.97,12.328587255066608,Over Budget
P0010,101,Labor,Equipment Operators,hour,6761,44.66,301941.42,6055,44.79,271179.37,-30762.04999999999,-10.18808549022522,Under Budget
P0010,102,Labor,Supervisors,hour,10090,51.33,517898.47,10189,52.66,536568.99,18670.52000000002,3.6050540948692165,On Budget
P0010,103,Labor,Skilled Labor,hour,6487,50.82,329637.48,5885,49.41,290804.19,-38833.28999999998,-11.780605166621218,Under Budget
P0010,200,Materials,Gravel,ton,9996,34.95,349387.81,10838,37.23,403505.73,54117.919999999984,15.48935551014215,Over Budget
P0010,201,Materials,Concrete,cubic_yard,9931,152.99,1519309.63,9883,152.32,1505399.13,-13910.5,-0.9155803218334106,On Budget
P0010,202,Materials,Asphalt,ton,9360,87.33,817417.43,9762,86.27,842158.55,24741.119999999995,3.026742407486955,On Budget
P0010,203,Materials,Topsoil,cubic_yard,10076,36.6,368734.5,10275,35.91,368947.79,213.28999999997905,0.057843787332072,On Budget
P0010,300,Equipment,Excavator,hour,2184,142.9,312097.35,2265,140.99,319350.26,7252.910000000033,2.3239255315689267,On Budget
P0010,301,Equipment,Bulldozer,hour,4158,142.67,593227.91,4296,137.96,592663.48,-564.4300000000512,-0.09514555712661112,On Budget
P0010,302,Equipment,Loader,hour,2341,124.22,290792.82,2443,129.83,317174.59,26381.77000000002,9.072359489481212,Watch
P0010,303,Equipment,Compactor,hour,3528,99.5,351046.08,3578,99.77,356961.6,5915.51999999996,1.6851121083590965,On Budget
P0010,400,Fuel,Diesel,gallon,39841,3.62,144202.35,39817,3.98,158323.52,14121.169999999984,9.79260740202915,Watch
P0010,500,Subcontractor,Concrete Work,job,4,26142.33,104569.32,5,29601.77,148008.84,43439.51999999999,41.54136222746786,Over Budget
P0010,501,Subcontractor,Utility Work,job,5,22154.2,110770.98,6,23025.99,138155.93,27384.949999999997,24.72213390185769,Over Budget
P0011,100,Labor,General Labor,hour,2300,33.73,77583.41,2227,36.02,80215.2,2631.7899999999936,3.392207174188391,On Budget
P0011,101,Labor,Equipment Operators,hour,2289,40.43,92548.98,2529,40.35,102044.44,9495.460000000006,10.259929390901993,Over Budget
P0011,102,Labor,Supervisors,hour,1274,52.95,67460.62,1241,54.3,67384.31,-76.30999999999767,-0.11311784564090527,On Budget
P0011,103,Labor,Skilled Labor,hour,1111,46.98,52199.44,1007,46.56,46887.01,-5312.43,-10.177178145972448,Under Budget
P0011,200,Materials,Gravel,ton,887,35.3,31311.37,956,38.72,37012.46,5701.09,18.20773092969104,Over Budget
P0011,201,Materials,Concrete,cubic_yard,1442,148.78,214543.31,1502,156.33,234809.25,20265.940000000002,9.44608340385911,Watch
P0011,202,Materials,Asphalt,ton,1390,96.85,134627.22,1340,96.21,128921.5,-5705.720000000001,-4.2381622379189,On Budget
P0011,203,Materials,Topsoil,cubic_yard,423,40.43,17101.33,435,42.27,18385.42,1284.0899999999965,7.508714234506886,Watch
P0011,300,Equipment,Excavator,hour,618,125.49,77552.74,636,128.13,81488.97,3936.229999999996,5.075552456302635,Watch
P0011,301,Equipment,Bulldozer,hour,337,155.76,52491.89,361,171.22,61811.77,9319.879999999997,17.754895089508107,Over Budget
P0011,302,Equipment,Loader,hour,982,114.34,112277.6,1051,117.77,123780.35,11502.75,10.24491973465767,Over Budget
P0011,303,Equipment,Compactor,hour,1067,92.19,98366.98,1090,95.43,104015.38,5648.400000000009,5.742170797558296,Watch
P0011,400,Fuel,Diesel,gallon,9111,3.64,33190.92,9973,3.58,35751.57,2560.6500000000015,7.714911186553436,Watch
P0011,500,Subcontractor,Concrete Work,job,1,26031.62,26031.62,1,26758.93,26758.93,727.3100000000013,2.79394828289596,On Budget
P0011,501,Subcontractor,Utility Work,job,1,21050.48,21050.48,1,22738.56,22738.56,1688.0800000000017,8.019199562195265,Watch
P0012,100,Labor,General Labor,hour,18707,31.25,584665.79,19202,32.39,622024.29,37358.5,6.389718816967211,Watch
P0012,101,Labor,Equipment Operators,hour,22301,43.75,975734.34,22519,42.33,953189.36,-22544.97999999998,-2.3105653942649984,On Budget
P0012,102,Labor,Supervisors,hour,14413,58.2,838877.85,14962,60.97,912211.97,73334.12,8.741930663683634,Watch
P0012,103,Labor,Skilled Labor,hour,5321,51.8,275635.55,5944,50.56,300534.05,24898.5,9.033123630097787,Watch
P0012,200,Materials,Gravel,ton,3020,34.74,104923.17,3179,35.28,112158.65,7235.479999999996,6.895979219842477,Watch
P0012,201,Materials,Concrete,cubic_yard,12680,138.48,1755971.1,12308,148.55,1828332.23,72361.12999999989,4.120861100732232,On Budget
P0012,202,Materials,Asphalt,ton,16785,90.46,1518327.98,17028,93.72,1595872.76,77544.78000000003,5.107248303492374,Watch
P0012,203,Materials,Topsoil,cubic_yard,20427,39.66,810142.61,20540,38.0,780551.76,-29590.849999999977,-3.6525482840607504,On Budget
P0012,300,Equipment,Excavator,hour,9414,144.94,1364461.62,9775,153.95,1504889.93,140428.30999999982,10.291847564023076,Over Budget
P0012,301,Equipment,Bulldozer,hour,10033,162.05,1625884.14,11057,166.81,1844378.2,218494.06000000006,13.438476618635327,Over Budget
P0012,302,Equipment,Loader,hour,1003,125.92,126292.87,1135,136.58,155013.03,28720.160000000003,22.740919578437012,Over Budget
P0012,303,Equipment,Compactor,hour,3380,91.14,308040.6,4157,87.62,364253.9,56213.30000000005,18.24866592260892,Over Budget
P0012,400,Fuel,Diesel,gallon,48375,3.93,190279.84,52403,4.03,211197.69,20917.850000000006,10.993203483879325,Over Budget
P0012,500,Subcontractor,Concrete Work,job,7,26994.45,188961.18,6,29272.97,175637.83,-13323.350000000006,-7.050839754493493,Under Budget
P0012,501,Subcontractor,Utility Work,job,11,23415.87,257574.59,12,24500.05,294000.6,36426.00999999998,14.141926810404698,Over Budget
P0013,100,Labor,General Labor,hour,5239,34.34,179888.18,6014,35.64,214344.01,34455.830000000016,19.154026684799422,Over Budget
P0013,101,Labor,Equipment Operators,hour,8363,43.47,363562.65,7615,43.02,327580.36,-35982.29000000004,-9.897136023186109,Under Budget
P0013,102,Labor,Supervisors,hour,14657,51.87,760193.61,16199,51.79,839003.63,78810.02000000002,10.367098455352712,Over Budget
P0013,103,Labor,Skilled Labor,hour,14403,50.99,734360.8,14124,50.39,711704.34,-22656.46000000008,-3.0851946345720083,On Budget
P0013,200,Materials,Gravel,ton,5306,34.51,183111.57,6777,37.49,254091.39,70979.82,38.76315407049374,Over Budget
P0013,201,Materials,Concrete,cubic_yard,5299,153.8,815009.09,5197,164.35,854102.73,39093.640000000014,4.796712144646143,On Budget
P0013,202,Materials,Asphalt,ton,14188,92.23,1308566.43,14329,96.53,1383217.77,74651.34000000008,5.704818516550214,Watch
P0013,203,Materials,Topsoil,cubic_yard,9520,38.19,363613.47,9611,38.11,366320.91,2707.4400000000023,0.7445928777060988,On Budget
P0013,300,Equipment,Excavator,hour,6288,128.53,808209.85,6403,129.97,832204.47,23994.619999999995,2.968860129581444,On Budget
P0013,301,Equipment,Bulldozer,hour,7600,143.89,1093542.29,8257,141.54,1168721.91,75179.61999999988,6.874870838328519,Watch
P0013,302,Equipment,Loader,hour,5610,118.39,664146.15,6010,121.87,732456.45,68310.29999999993,10.285431903806101,Over Budget
P0013,303,Equipment,Compactor,hour,7068,91.24,644903.88,7057,90.06,635553.74,-9350.140000000014,-1.4498501699198978,On Budget
P0013,400,Fuel,Diesel,gallon,68488,3.79,259702.57,70901,4.11,291102.06,31399.48999999999,12.090558056472059,Over Budget
P0013,500,Subcontractor,Concrete Work,job,2,27465.49,54930.98,2,26093.07,52186.14,-2744.840000000004,-4.996888823028469,On Budget
P0013,501,Subcontractor,Utility Work,job,3,22452.09,67356.26,3,22769.7,68309.11,952.8500000000058,1.4146420837499083,On Budget
P0014,100,Labor,General Labor,hour,8560,30.11,257701.37,9097,31.86,289863.32,32161.95000000001,12.480317819032166,Over Budget
P0014,101,Labor,Equipment Operators,hour,3262,45.17,147359.75,3258,45.39,147895.55,535.7999999999884,0.36359996539081285,On Budget
P0014,102,Labor,Supervisors,hour,2411,57.67,139044.68,2634,62.75,165278.71,26234.03,18.867338182230345,Over Budget
P0014,103,Labor,Skilled Labor,hour,5249,44.4,233039.79,6186,47.56,294232.39,61192.600000000006,26.258434235629892,Over Budget
P0014,200,Materials,Gravel,ton,8597,32.14,276271.95,9942,34.5,343036.45,66764.5,24.166224620342383,Over Budget
P0014,201,Materials,Concrete,cubic_yard,5715,146.14,835212.88,6272,129.27,810771.2,-24441.68000000005,-2.9264012307856233,On Budget
P0014,202,Materials,Asphalt,ton,5112,97.98,500898.01,6678,104.1,695198.11,194300.09999999998,38.79035175244557,Over Budget
P0014,203,Materials,Topsoil,cubic_yard,10258,38.7,397033.27,10544,38.09,401591.78,4558.510000000009,1.148143076271671,On Budget
P0014,300,Equipment,Excavator,hour,3334,139.45,464938.88,2934,149.77,439430.75,-25508.130000000005,-5.48634048415138,Under Budget
P0014,301,Equipment,Bulldozer,hour,2153,154.56,332768.02,2532,166.48,421539.8,88771.77999999997,26.67677621184871,Over Budget
P0014,302,Equipment,Loader,hour,6106,114.75,700682.83,6441,121.69,783800.12,83117.29000000004,11.862327210158702,Over Budget
P0014,303,Equipment,Compactor,hour,4095,92.21,377606.32,3985,94.07,374852.9,-2753.4199999999837,-0.7291774141915802,On Budget
P0014,400,Fuel,Diesel,gallon,17773,4.12,73191.76,18157,4.22,76573.24,3381.4800000000105,4.620028265476893,On Budget
P0014,500,Subcontractor,Concrete Work,job,2,26489.41,52978.82,2,26765.01,53530.02,551.1999999999971,1.0404157736997484,On Budget
P0014,501,Subcontractor,Utility Work,job,2,21689.03,43378.05,2,21961.94,43923.87,545.8199999999997,1.2582861608578526,On Budget
P0015,100,Labor,General Labor,hour,2619,30.71,80417.22,2633,30.57,80477.66,60.44000000000233,0.07515803207323297,On Budget
P0015,101,Labor,Equipment Operators,hour,2882,39.12,112757.06,2968,39.84,118256.01,5498.949999999997,4.876812148170587,On Budget
P0015,102,Labor,Supervisors,hour,3274,57.05,186797.03,3792,61.78,234269.9,47472.869999999995,25.414146038617417,Over Budget
P0015,103,Labor,Skilled Labor,hour,2603,51.77,134746.84,2651,52.25,138509.2,3762.360000000015,2.792169374806871,On Budget
P0015,200,Materials,Gravel,ton,3969,31.84,126376.85,4059,32.96,133784.98,7408.130000000005,5.861935947920845,Watch
P0015,201,Materials,Concrete,cubic_yard,836,146.91,122813.96,813,150.06,121999.98,-813.9800000000105,-0.6627748181070054,On Budget
P0015,202,Materials,Asphalt,ton,2490,92.25,229695.4,2659,101.88,270901.5,41206.100000000006,17.939453728720736,Over Budget
P0015,203,Materials,Topsoil,cubic_yard,2826,35.84,101270.18,2863,35.52,101680.57,410.39000000001397,0.40524268842023786,On Budget
P0015,300,Equipment,Excavator,hour,1437,134.09,192692.04,1631,143.66,234306.57,41614.53,21.59639287642603,Over Budget
P0015,301,Equipment,Bulldozer,hour,1453,151.86,220647.99,1652,151.5,250280.33,29632.339999999997,13.429689524930636,Over Budget
P0015,302,Equipment,Loader,hour,1218,120.49,146762.32,1233,118.05,145556.87,-1205.4500000000116,-0.8213620498776605,On Budget
P0015,303,Equipment,Compactor,hour,1274,90.64,115473.95,1189,97.64,116090.95,617.0,0.5343196452533233,On Budget
P0015,400,Fuel,Diesel,gallon,1591,3.93,6250.29,1629,4.12,6712.54,462.25,7.395656841522554,Watch
P0015,500,Subcontractor,Concrete Work,job,2,26747.77,53495.53,2,28029.12,56058.23,2562.7000000000044,4.790493710409083,On Budget
P0015,501,Subcontractor,Utility Work,job,1,22580.78,22580.78,1,24090.47,24090.47,1509.6900000000023,6.68573007664041,Watch
P0016,100,Labor,General Labor,hour,6731,29.87,201065.89,6971,30.82,214874.68,13808.789999999979,6.867793438260452,Watch
P0016,101,Labor,Equipment Operators,hour,4194,41.59,174411.46,4344,39.88,173246.96,-1164.5,-0.6676740163748415,On Budget
P0016,102,Labor,Supervisors,hour,5256,56.77,298370.69,5695,59.07,336384.56,38013.869999999995,12.740483993250141,Over Budget
P0016,103,Labor,Skilled Labor,hour,1083,51.16,55406.8,1323,53.8,71176.62,15769.819999999992,28.461885544734567,Over Budget
P0016,200,Materials,Gravel,ton,714,36.24,25873.04,668,36.42,24330.21,-1542.8300000000017,-5.963079715410333,Under Budget
P0016,201,Materials,Concrete,cubic_yard,4521,147.2,665488.64,4820,148.18,714235.87,48747.22999999998,7.325028117685071,Watch
P0016,202,Materials,Asphalt,ton,2955,91.9,271577.31,2930,98.62,288947.51,17370.20000000001,6.396042438155092,Watch
P0016,203,Materials,Topsoil,cubic_yard,3910,36.5,142716.61,4218,36.13,152401.63,9685.020000000019,6.7861897784707885,Watch
P0016,300,Equipment,Excavator,hour,1682,128.65,216396.53,1802,129.23,232865.98,16469.45000000001,7.610773610833784,Watch
P0016,301,Equipment,Bulldozer,hour,3431,163.92,562421.98,4486,178.86,802377.8,239955.82000000007,42.664730137325016,Over Budget
P0016,302,Equipment,Loader,hour,3282,122.65,402533.11,3990,124.84,498120.34,95587.23000000004,23.746426722512354,Over Budget
P0016,303,Equipment,Compactor,hour,667,99.32,66244.18,740,101.3,74965.41,8721.23000000001,13.165277311908778,Over Budget
P0016,400,Fuel,Diesel,gallon,18494,3.67,67796.73,17974,3.38,60803.22,-6993.509999999995,-10.315409017514554,Under Budget
P0016,500,Subcontractor,Concrete Work,job,1,26700.93,26700.93,1,27065.54,27065.54,364.6100000000006,1.3655329608369469,On Budget
P0016,501,Subcontractor,Utility Work,job,1,22057.81,22057.81,1,22981.12,22981.12,923.3099999999977,4.185864326512911,On Budget
P0017,100,Labor,General Labor,hour,1254,33.57,42091.67,1674,36.73,61489.74,19398.07,46.0852943112022,Over Budget
P0017,101,Labor,Equipment Operators,hour,1495,40.35,60327.45,1481,42.08,62318.94,1991.4900000000052,3.30113406086285,On Budget
P0017,102,Labor,Supervisors,hour,2071,57.52,119123.81,1937,56.87,110165.87,-8957.940000000002,-7.519856861529196,Under Budget
P0017,103,Labor,Skilled Labor,hour,772,46.61,35980.54,802,43.52,34901.88,-1078.6600000000035,-2.997898308363364,On Budget
P0017,200,Materials,Gravel,ton,1996,36.09,72037.65,1753,35.29,61862.55,-10175.099999999991,-14.124697293706824,Under Budget
P0017,201,Materials,Concrete,cubic_yard,82,140.27,11501.8,91,139.49,12693.3,1191.5,10.359248117685928,Over Budget
P0017,202,Materials,Asphalt,ton,993,91.84,91200.72,1050,95.19,99948.88,8748.160000000003,9.592204973820385,Watch
P0017,203,Materials,Topsoil,cubic_yard,1353,39.76,53794.94,1213,41.43,50256.08,-3538.8600000000006,-6.5784254058095435,Under Budget
P0017,300,Equipment,Excavator,hour,547,140.02,76591.02,568,137.88,78318.0,1726.979999999996,2.254807417370856,On Budget
P0017,301,Equipment,Bulldozer,hour,749,145.54,109006.98,724,145.48,105327.56,-3679.4199999999983,-3.3753985295253557,On Budget
P0017,302,Equipment,Loader,hour,342,115.54,39513.97,358,125.04,44764.32,5250.3499999999985,13.287325976104144,Over Budget
P0017,303,Equipment,Compactor,hour,1233,93.7,115537.01,1286,98.54,126726.45,11189.440000000002,9.684723535774383,Watch
P0017,400,Fuel,Diesel,gallon,4413,4.01,17679.42,4642,3.77,17511.95,-167.46999999999753,-0.9472595820450985,On Budget
P0017,500,Subcontractor,Concrete Work,job,1,25859.19,25859.19,1,28374.2,28374.2,2515.010000000002,9.725788008054398,Watch
P0017,501,Subcontractor,Utility Work,job,1,21785.62,21785.62,1,22249.56,22249.56,463.9400000000023,2.129569872236835,On Budget
P0018,100,Labor,General Labor,hour,23087,32.92,759930.68,24972,34.0,848945.59,89014.90999999992,11.71355655755337,Over Budget
P0018,101,Labor,Equipment Operators,hour,20673,41.38,855501.66,21987,40.65,893841.02,38339.359999999986,4.481506207714428,On Budget
P0018,102,Labor,Supervisors,hour,26164,57.04,1492279.06,26334,61.88,1629671.07,137392.01,9.20685773075178,Watch
P0018,103,Labor,Skilled Labor,hour,25969,45.72,1187364.8,28788,48.58,1398556.71,211191.90999999992,17.78660694674458,Over Budget
P0018,200,Materials,Gravel,ton,15239,35.74,544703.69,15246,36.44,555624.42,10920.730000000098,2.004893706521448,On Budget
P0018,201,Materials,Concrete,cubic_yard,12345,148.43,1832348.13,14890,158.94,2366563.63,534215.5,29.154694528490065,Over Budget
P0018,202,Materials,Asphalt,ton,1791,91.69,164225.22,1898,95.23,180745.09,16519.869999999995,10.059277131734087,Over Budget
P0018,203,Materials,Topsoil,cubic_yard,16244,40.93,664847.11,16854,41.76,703830.6,38983.48999999999,5.863527029545183,Watch
P0018,300,Equipment,Excavator,hour,3841,144.56,555251.09,4760,152.8,727322.79,172071.70000000007,30.98988963713697,Over Budget
P0018,301,Equipment,Bulldozer,hour,10837,157.69,1708870.73,10109,152.03,1536868.04,-172002.68999999994,-10.06528387316927,Under Budget
P0018,302,Equipment,Loader,hour,1223,117.12,143236.47,1329,117.57,156245.01,13008.540000000008,9.081863019941784,Watch
P0018,303,Equipment,Compactor,hour,12426,93.07,1156528.4,12752,92.78,1183117.28,26588.88000000012,2.2990252552380146,On Budget
P0018,400,Fuel,Diesel,gallon,53273,3.88,206677.29,58616,3.78,221678.48,15001.190000000002,7.258267224231556,Watch
P0018,500,Subcontractor,Concrete Work,job,12,25825.53,309906.42,12,27898.21,334778.53,24872.110000000044,8.025684011321884,Watch
P0018,501,Subcontractor,Utility Work,job,11,21461.31,236074.39,11,21298.65,234285.16,-1789.2300000000105,-0.7579094030487638,On Budget
P0019,100,Labor,General Labor,hour,21350,31.66,675893.93,21953,33.76,741191.67,65297.73999999999,9.660944876365436,Watch
P0019,101,Labor,Equipment Operators,hour,25905,40.7,1054395.63,25172,43.97,1106747.58,52351.950000000186,4.965114470362533,On Budget
P0019,102,Labor,Supervisors,hour,20846,52.23,1088813.27,22442,55.07,1235962.07,147148.80000000005,13.514603840197505,Over Budget
P0019,103,Labor,Skilled Labor,hour,19935,48.65,969842.75,22415,51.38,1151630.84,181788.09000000008,18.744078872580126,Over Budget
P0019,200,Materials,Gravel,ton,31761,33.63,1067967.2,36566,35.01,1280290.64,212323.43999999994,19.881082490173853,Over Budget
P0019,201,Materials,Concrete,cubic_yard,24939,138.62,3457068.41,25219,148.55,3746240.14,289171.73,8.364651655823033,Watch
P0019,202,Materials,Asphalt,ton,9697,94.28,914207.15,9800,101.1,990747.11,76539.95999999996,8.372277552193719,Watch
P0019,203,Materials,Topsoil,cubic_yard,32566,39.74,1294276.62,31964,41.26,1318879.35,24602.72999999998,1.900886535368303,On Budget
P0019,300,Equipment,Excavator,hour,4114,134.22,552190.08,4427,135.81,601234.75,49044.67000000004,8.881845541303466,Watch
P0019,301,Equipment,Bulldozer,hour,13762,158.22,2177492.3,13744,170.38,2341702.28,164209.97999999998,7.541242740559863,Watch
P0019,302,Equipment,Loader,hour,3857,120.27,463891.65,4373,119.2,521258.41,57366.75999999995,12.366413579550299,Over Budget
P0019,303,Equipment,Compactor,hour,2161,98.77,213441.26,2522,96.1,242358.51,28917.25,13.548106865561044,Over Budget
P0019,400,Fuel,Diesel,gallon,44871,3.74,167725.66,45255,3.81,172294.71,4569.049999999988,2.7241210438521977,On Budget
P0019,500,Subcontractor,Concrete Work,job,3,27158.64,81475.92,3,31005.94,93017.82,11541.900000000009,14.166025986573713,Over Budget
P0019,501,Subcontractor,Utility Work,job,13,21327.53,277257.83,15,21763.2,326447.96,49190.130000000005,17.74165584430925,Over Budget
P0020,100,Labor,General Labor,hour,13596,31.56,429142.15,13325,31.98,426154.39,-2987.7600000000093,-0.6962168596116716,On Budget
P0020,101,Labor,Equipment Operators,hour,9708,43.57,422936.63,10038,42.57,427308.05,4371.419999999984,1.0335874667559495,On Budget
P0020,102,Labor,Supervisors,hour,8817,58.24,513519.85,9729,55.9,543810.81,30290.96000000008,5.898693107968481,Watch
P0020,103,Labor,Skilled Labor,hour,9640,47.76,460446.03,10493,48.68,510841.86,50395.82999999996,10.945002609752104,Over Budget
P0020,200,Materials,Gravel,ton,6793,36.39,247219.2,7311,36.6,267614.77,20395.570000000007,8.249994337009426,Watch
P0020,201,Materials,Concrete,cubic_yard,1840,154.86,284944.41,1894,154.95,293466.98,8522.570000000007,2.9909588329878125,On Budget
P0020,202,Materials,Asphalt,ton,14030,85.67,1201914.54,14942,89.43,1336325.85,134411.31000000006,11.183100422431037,Over Budget
P0020,203,Materials,Topsoil,cubic_yard,6125,36.2,221733.16,7754,39.65,307453.84,85720.68000000002,38.65938680529336,Over Budget
P0020,300,Equipment,Excavator,hour,6843,125.51,858858.54,6161,117.73,725308.38,-133550.16000000003,-15.549727199545577,Under Budget
P0020,301,Equipment,Bulldozer,hour,5025,165.17,829995.75,5483,170.46,934617.59,104621.83999999997,12.60510550807037,Over Budget
P0020,302,Equipment,Loader,hour,4727,111.91,528990.58,4877,110.4,538437.71,9447.130000000005,1.785878682376538,On Budget
P0020,303,Equipment,Compactor,hour,5142,88.41,454610.49,5309,92.79,492627.84,38017.350000000035,8.362620492985112,Watch
P0020,400,Fuel,Diesel,gallon,16350,3.97,64867.95,17110,4.05,69244.85,4376.900000000009,6.7473999101251225,Watch
P0020,500,Subcontractor,Concrete Work,job,6,27441.98,164651.86,6,27292.11,163752.69,-899.1699999999837,-0.5461037609899966,On Budget
P0020,501,Subcontractor,Utility Work,job,6,22362.7,134176.2,6,22037.22,132223.32,-1952.8800000000047,-1.455459313946888,On Budget
P0021,100,Labor,General Labor,hour,11656,31.47,366783.12,11662,32.92,383945.95,17162.830000000016,4.679285677050792,On Budget
P0021,101,Labor,Equipment Operators,hour,14140,43.94,621379.91,14341,42.59,610744.42,-10635.48999999999,-1.711592188424629,On Budget
P0021,102,Labor,Supervisors,hour,3548,58.89,208952.27,4391,64.96,285231.68,76279.41,36.5056622739729,Over Budget
P0021,103,Labor,Skilled Labor,hour,23384,45.44,1062453.15,25275,46.91,1185630.54,123177.39000000013,11.59367733061925,Over Budget
P0021,200,Materials,Gravel,ton,5288,34.71,183548.39,4945,33.6,166150.89,-17397.5,-9.478426915103967,Under Budget
P0021,201,Materials,Concrete,cubic_yard,7499,156.03,1170058.92,8773,168.85,1481281.75,311222.8300000001,26.598902386898608,Over Budget
P0021,202,Materials,Asphalt,ton,2250,99.16,223120.47,2410,107.1,258111.22,34990.75,15.682447244755265,Over Budget
P0021,203,Materials,Topsoil,cubic_yard,4096,37.87,155112.47,3913,36.92,144471.37,-10641.100000000006,-6.860247922040057,Under Budget
P0021,300,Equipment,Excavator,hour,510,127.96,65261.47,530,130.33,69074.99,3813.520000000004,5.843447902721167,Watch
P0021,301,Equipment,Bulldozer,hour,4975,160.34,797674.7,4733,160.31,758736.75,-38937.94999999995,-4.881432242993284,On Budget
P0021,302,Equipment,Loader,hour,4422,120.91,534650.58,4224,126.17,532960.42,-1690.1599999999162,-0.31612422453556793,On Budget
P0021,303,Equipment,Compactor,hour,985,89.32,87980.81,1006,89.85,90388.29,2407.479999999996,2.7363694423818057,On Budget
P0021,400,Fuel,Diesel,gallon,47142,3.95,186028.46,51170,4.23,216385.35,30356.890000000014,16.31841170969217,Over Budget
P0021,500,Subcontractor,Concrete Work,job,3,29342.74,88028.21,3,30906.46,92719.38,4691.169999999998,5.329166638740011,Watch
P0021,501,Subcontractor,Utility Work,job,7,23419.61,163937.26,7,25147.67,176033.71,12096.449999999983,7.378706951671623,Watch
P0022,100,Labor,General Labor,hour,11727,32.07,376038.37,12239,32.6,399026.85,22988.47999999998,6.113333594122318,Watch
P0022,101,Labor,Equipment Operators,hour,14440,43.62,629924.35,14930,44.11,658600.95,28676.599999999977,4.552387917692018,On Budget
P0022,102,Labor,Supervisors,hour,8329,54.18,451246.06,9186,59.32,544916.2,93670.13999999996,20.758107007072805,Over Budget
P0022,103,Labor,Skilled Labor,hour,9271,47.01,435835.1,9287,49.34,458223.06,22387.96000000002,5.136796003809703,Watch
P0022,200,Materials,Gravel,ton,11300,34.4,388701.18,11618,32.79,380961.66,-7739.520000000019,-1.9911233611382448,On Budget
P0022,201,Materials,Concrete,cubic_yard,8173,147.06,1201947.92,8998,159.78,1437682.34,235734.42000000016,19.612698360508013,Over Budget
P0022,202,Materials,Asphalt,ton,1114,90.18,100463.33,1162,85.98,99907.59,-555.7400000000052,-0.5531769651672955,On Budget
P0022,203,Materials,Topsoil,cubic_yard,3314,36.75,121780.26,3520,37.75,132876.83,11096.569999999992,9.111961166776942,Watch
P0022,300,Equipment,Excavator,hour,6108,136.94,836447.08,7968,153.41,1222371.64,385924.55999999994,46.13855068990138,Over Budget
P0022,301,Equipment,Bulldozer,hour,4849,161.46,782912.38,5051,165.78,837340.92,54428.54000000004,6.952060203722929,Watch
P0022,302,Equipment,Loader,hour,3081,124.0,382031.49,3352,130.2,436420.73,54389.23999999999,14.236847334234149,Over Budget
P0022,303,Equipment,Compactor,hour,643,97.23,62517.81,641,107.05,68620.03,6102.220000000001,9.760770570818142,Watch
P0022,400,Fuel,Diesel,gallon,48276,3.62,174663.29,51336,3.62,186078.08,11414.789999999979,6.535311455543965,Watch
P0022,500,Subcontractor,Concrete Work,job,8,30223.86,241790.91,8,31666.54,253332.32,11541.410000000003,4.773301858204679,On Budget
P0022,501,Subcontractor,Utility Work,job,3,21879.2,65637.61,3,22741.65,68224.95,2587.3399999999965,3.9418558963374752,On Budget
P0023,100,Labor,General Labor,hour,12606,30.46,384018.94,15930,33.97,541159.16,157140.22000000003,40.919914002158336,Over Budget
P0023,101,Labor,Equipment Operators,hour,5621,42.38,238214.53,5250,41.43,217531.7,-20682.829999999987,-8.68243847258183,Under Budget
P0023,102,Labor,Supervisors,hour,15027,54.39,817375.47,16654,57.3,954326.28,136950.81000000006,16.75494494592553,Over Budget
P0023,103,Labor,Skilled Labor,hour,7048,46.71,329221.52,7240,46.9,339527.1,10305.579999999958,3.1302874733097514,On Budget
P0023,200,Materials,Gravel,ton,11746,34.83,409164.94,12597,33.45,421392.36,12227.419999999984,2.988384097620872,On Budget
P0023,201,Materials,Concrete,cubic_yard,11790,145.15,1711281.52,11848,151.82,1798745.71,87464.18999999994,5.111034565487503,Watch
P0023,202,Materials,Asphalt,ton,9052,94.62,856516.86,8791,89.19,784054.6,-72462.26000000001,-8.460109004742767,Under Budget
P0023,203,Materials,Topsoil,cubic_yard,15495,36.65,567907.64,17220,39.87,686646.64,118739.0,20.90815330464651,Over Budget
P0023,300,Equipment,Excavator,hour,1217,145.62,177220.31,1140,147.27,167884.85,-9335.459999999992,-5.267714518725304,Under Budget
P0023,301,Equipment,Bulldozer,hour,1924,148.55,285813.54,1861,144.03,268047.08,-17766.459999999963,-6.216101588469169,Under Budget
P0023,302,Equipment,Loader,hour,4568,127.93,584402.82,4732,134.2,635052.65,50649.830000000075,8.666937986370442,Watch
P0023,303,Equipment,Compactor,hour,2931,90.09,264063.54,2955,97.22,287297.27,23233.73000000004,8.798537654990174,Watch
P0023,400,Fuel,Diesel,gallon,67656,3.7,250034.0,67452,3.91,263778.35,13744.349999999977,5.496992409032362,Watch
P0023,500,Subcontractor,Concrete Work,job,8,27081.92,216655.39,8,26597.65,212781.19,-3874.2000000000116,-1.7881853758634905,On Budget
P0023,501,Subcontractor,Utility Work,job,8,23549.58,188396.62,8,24260.82,194086.6,5689.9800000000105,3.020213419964759,On Budget
P0024,100,Labor,General Labor,hour,4739,31.93,151303.88,5441,34.99,190392.33,39088.44999999998,25.834400281076718,Over Budget
P0024,101,Labor,Equipment Operators,hour,4135,43.57,180168.96,3770,46.84,176577.35,-3591.609999999986,-1.9934676872198107,On Budget
P0024,102,Labor,Supervisors,hour,7768,51.0,396153.96,7943,51.49,409023.29,12869.329999999958,3.248567804295067,On Budget
P0024,103,Labor,Skilled Labor,hour,3615,50.86,183876.21,3526,55.26,194850.78,10974.570000000007,5.968455625662508,Watch
P0024,200,Materials,Gravel,ton,10540,36.41,383741.01,11651,39.41,459143.27,75402.26000000001,19.649257711600853,Over Budget
P0024,201,Materials,Concrete,cubic_yard,2161,135.16,292070.68,2227,133.34,296942.15,4871.47000000003,1.6679079187270802,On Budget
P0024,202,Materials,Asphalt,ton,4475,97.82,437765.42,4803,105.71,507717.88,69952.46000000002,15.979439399302034,Over Budget
P0024,203,Materials,Topsoil,cubic_yard,16035,36.32,582330.54,17008,38.19,649550.19,67219.6499999999,11.543212210714538,Over Budget
P0024,300,Equipment,Excavator,hour,5357,129.52,693832.61,5240,136.03,712810.12,18977.51000000001,2.7351712396452523,On Budget
P0024,301,Equipment,Bulldozer,hour,1653,145.47,240460.91,2074,155.92,323373.67,82912.75999999998,34.4807644618828,Over Budget
P0024,302,Equipment,Loader,hour,9162,121.43,1112534.2,10526,132.58,1395523.93,282989.73,25.436497143188948,Over Budget
P0024,303,Equipment,Compactor,hour,6992,88.56,619224.71,6927,91.82,636046.71,16822.0,2.7166228556996703,On Budget
P0024,400,Fuel,Diesel,gallon,7345,3.89,28537.55,8546,4.07,34819.72,6282.170000000002,22.013697742097698,Over Budget
P0024,500,Subcontractor,Concrete Work,job,9,28294.28,254648.55,9,27636.57,248729.12,-5919.429999999993,-2.3245488733393507,On Budget
P0024,501,Subcontractor,Utility Work,job,8,22990.9,183927.2,8,23658.28,189266.22,5339.0199999999895,2.9027897994423824,On Budget
P0025,100,Labor,General Labor,hour,3399,32.52,110537.56,3244,32.1,104136.08,-6401.479999999996,-5.791226077362298,Under Budget
P0025,101,Labor,Equipment Operators,hour,4891,42.8,209341.09,4777,42.35,202316.68,-7024.4100000000035,-3.355485537980147,On Budget
P0025,102,Labor,Supervisors,hour,3984,57.41,228711.22,5134,64.0,328571.7,99860.48000000001,43.662256709574635,Over Budget
P0025,103,Labor,Skilled Labor,hour,2189,49.39,108120.82,2218,49.8,110463.29,2342.4699999999866,2.1665299985701054,On Budget
P0025,200,Materials,Gravel,ton,3191,36.17,115424.78,3560,36.38,129510.16,14085.380000000005,12.203081522009402,Over Budget
P0025,201,Materials,Concrete,cubic_yard,3842,145.88,560457.76,3756,143.3,538223.39,-22234.369999999995,-3.967180327737811,On Budget
P0025,202,Materials,Asphalt,ton,4013,85.07,341382.56,3988,84.94,338738.0,-2644.5599999999977,-0.774661716755536,On Budget
P0025,203,Materials,Topsoil,cubic_yard,3749,39.28,147251.34,4168,43.11,179669.21,32417.869999999995,22.015331065917632,Over Budget
P0025,300,Equipment,Excavator,hour,1036,130.96,135676.51,1054,130.23,137265.67,1589.1600000000035,1.1712860243825578,On Budget
P0025,301,Equipment,Bulldozer,hour,1436,150.45,216048.14,1441,149.85,215934.68,-113.46000000002095,-0.0525160735010359,On Budget
P0025,302,Equipment,Loader,hour,289,125.39,36239.01,311,127.22,39566.89,3327.8799999999974,9.183142696227069,Watch
P0025,303,Equipment,Compactor,hour,2385,87.52,208741.16,2376,88.34,209901.77,1160.609999999986,0.5560043836107771,On Budget
P0025,400,Fuel,Diesel,gallon,22147,3.85,85272.46,22996,3.68,84600.7,-671.7600000000093,-0.7877807207626111,On Budget
P0025,500,Subcontractor,Concrete Work,job,1,29799.09,29799.09,1,31575.96,31575.96,1776.869999999999,5.962833093225327,Watch
P0025,501,Subcontractor,Utility Work,job,3,22749.22,68247.65,3,22531.72,67595.16,-652.4899999999907,-0.956062223387898,On Budget
P0026,100,Labor,General Labor,hour,8106,33.83,274216.43,7747,34.27,265496.85,-8719.580000000016,-3.179816760067957,On Budget
P0026,101,Labor,Equipment Operators,hour,12420,42.8,531600.69,12536,41.32,518016.69,-13583.999999999942,-2.5553014237058163,On Budget
P0026,102,Labor,Supervisors,hour,13647,53.28,727105.8,13834,48.58,672104.39,-55001.41000000003,-7.564430100818894,Under Budget
P0026,103,Labor,Skilled Labor,hour,25881,50.12,1297205.18,29415,52.9,1555985.0,258779.82000000007,19.949027647268576,Over Budget
P0026,200,Materials,Gravel,ton,22413,35.22,789381.94,24318,35.13,854200.68,64818.74000000011,8.211327966282091,Watch
P0026,201,Materials,Concrete,cubic_yard,1996,137.1,273658.18,2031,139.5,283329.18,9671.0,3.5339707367782682,On Budget
P0026,202,Materials,Asphalt,ton,23316,98.6,2298917.09,22516,96.75,2178469.74,-120447.34999999963,-5.2393081300726525,Under Budget
P0026,203,Materials,Topsoil,cubic_yard,8173,35.18,287513.52,8146,33.93,276373.66,-11139.860000000044,-3.8745517080379535,On Budget
P0026,300,Equipment,Excavator,hour,690,142.73,98484.96,658,140.95,92745.13,-5739.830000000002,-5.828128477688371,Under Budget
P0026,301,Equipment,Bulldozer,hour,9927,151.63,1505230.98,11572,162.55,1881019.99,375789.01,24.965537847221295,Over Budget
P0026,302,Equipment,Loader,hour,10649,112.93,1202631.33,10120,113.8,1151625.29,-51006.04000000004,-4.241203328704237,On Budget
P0026,303,Equipment,Compactor,hour,3537,92.23,326206.3,3302,97.23,321067.07,-5139.229999999981,-1.5754539381979997,On Budget
P0026,400,Fuel,Diesel,gallon,35330,3.75,132364.23,36806,3.9,143517.66,11153.429999999993,8.426317291310493,Watch
P0026,500,Subcontractor,Concrete Work,job,11,27930.07,307230.8,10,28791.48,287914.78,-19316.01999999996,-6.287136576150555,Under Budget
P0026,501,Subcontractor,Utility Work,job,5,21283.3,106416.5,6,21999.87,131999.2,25582.70000000001,24.04016294465615,Over Budget
P0027,100,Labor,General Labor,hour,8973,31.53,282896.3,9845,34.24,337140.19,54243.890000000014,19.174478421951797,Over Budget
P0027,101,Labor,Equipment Operators,hour,13644,40.91,558151.73,12858,39.71,510552.02,-47599.70999999996,-8.52809503967675,Under Budget
P0027,102,Labor,Supervisors,hour,8294,51.67,428588.98,9495,56.33,534813.3,106224.32000000007,24.784659652238393,Over Budget
P0027,103,Labor,Skilled Labor,hour,17677,45.24,799773.0,18527,49.92,924778.07,125005.06999999995,15.63006878201689,Over Budget
P0027,200,Materials,Gravel,ton,2187,31.47,68825.04,2224,31.51,70085.12,1260.0800000000017,1.8308452853786965,On Budget
P0027,201,Materials,Concrete,cubic_yard,11208,136.12,1525643.04,12499,147.14,1839074.34,313431.30000000005,20.544209345326287,Over Budget
P0027,202,Materials,Asphalt,ton,11261,94.03,1058870.88,11238,101.54,1141150.86,82279.98000000021,7.7705395014735155,Watch
P0027,203,Materials,Topsoil,cubic_yard,9966,38.72,385904.79,11496,39.51,454247.17,68342.38,17.70964801965791,Over Budget
P0027,300,Equipment,Excavator,hour,682,133.48,91033.26,718,149.12,107068.06,16034.800000000003,17.614221439504643,Over Budget
P0027,301,Equipment,Bulldozer,hour,3087,154.28,476261.01,3251,150.53,489363.66,13102.649999999965,2.751148997059399,On Budget
P0027,302,Equipment,Loader,hour,8601,125.6,1080252.06,8401,128.2,1077041.39,-3210.6700000001583,-0.2972148926057274,On Budget
P0027,303,Equipment,Compactor,hour,3445,88.82,305977.07,3655,90.4,330401.37,24424.29999999999,7.98239554356148,Watch
P0027,400,Fuel,Diesel,gallon,31162,3.95,123066.92,33209,3.83,127164.17,4097.25,3.32928621273694,On Budget
P0027,500,Subcontractor,Concrete Work,job,4,26306.59,105226.37,4,25533.61,102134.43,-3091.9400000000023,-2.938369916210169,On Budget
P0027,501,Subcontractor,Utility Work,job,6,20684.88,124109.28,8,23387.89,187103.14,62993.860000000015,50.756768551070486,Over Budget
P0028,100,Labor,General Labor,hour,14544,31.91,464120.75,15877,33.72,535451.7,71330.94999999995,15.369049972447893,Over Budget
P0028,101,Labor,Equipment Operators,hour,9212,42.9,395162.81,10090,43.04,434225.51,39062.70000000001,9.885216678158558,Watch
P0028,102,Labor,Supervisors,hour,10729,52.06,558550.98,13117,57.51,754345.85,195794.87,35.0540733094766,Over Budget
P0028,103,Labor,Skilled Labor,hour,14510,45.14,654968.2,15567,47.31,736461.59,81493.39000000001,12.442343002301488,Over Budget
P0028,200,Materials,Gravel,ton,16862,34.57,582983.72,17577,36.79,646644.62,63660.90000000002,10.919841809647794,Over Budget
P0028,201,Materials,Concrete,cubic_yard,9996,139.28,1392286.31,9715,139.98,1359892.74,-32393.570000000065,-2.326645731365416,On Budget
P0028,202,Materials,Asphalt,ton,7689,85.27,655603.79,7804,76.1,593869.5,-61734.29000000004,-9.416402245020585,Under Budget
P0028,203,Materials,Topsoil,cubic_yard,5627,40.4,227314.66,5399,39.49,213193.2,-14121.459999999992,-6.212296206500712,Under Budget
P0028,300,Equipment,Excavator,hour,7592,124.49,945162.21,7219,127.87,923100.31,-22061.899999999907,-2.334191926695832,On Budget
P0028,301,Equipment,Bulldozer,hour,1089,162.82,177309.73,1198,167.55,200726.06,23416.329999999987,13.206455167463165,Over Budget
P0028,302,Equipment,Loader,hour,3465,123.19,426861.47,3422,119.02,407301.3,-19560.169999999984,-4.582322691246878,On Budget
P0028,303,Equipment,Compactor,hour,4246,89.5,380007.81,4938,98.28,485313.9,105306.09000000003,27.711559401897564,Over Budget
P0028,400,Fuel,Diesel,gallon,29467,3.6,105963.11,39140,3.94,154312.55,48349.43999999999,45.62855884467716,Over Budget
P0028,500,Subcontractor,Concrete Work,job,4,27894.55,111578.19,4,28413.41,113653.63,2075.4400000000023,1.8600767766532171,On Budget
P0028,501,Subcontractor,Utility Work,job,6,22685.18,136111.09,6,24233.65,145401.92,9290.830000000016,6.825916977081013,Watch
P0029,100,Labor,General Labor,hour,3451,32.37,111715.54,3453,34.74,119962.58,8247.040000000008,7.382177985265084,Watch
P0029,101,Labor,Equipment Operators,hour,16542,39.26,649465.44,17989,41.19,741035.04,91569.6000000001,14.099225972670709,Over Budget
P0029,102,Labor,Supervisors,hour,6263,54.93,344027.09,6110,54.44,332645.31,-11381.780000000028,-3.3083964405245023,On Budget
P0029,103,Labor,Skilled Labor,hour,9905,48.18,477232.49,9475,47.29,448100.26,-29132.22999999998,-6.10441045202098,Under Budget
P0029,200,Materials,Gravel,ton,12900,34.83,449259.8,13139,36.14,474811.7,25551.900000000023,5.68755539667694,Watch
P0029,201,Materials,Concrete,cubic_yard,1419,134.52,190877.84,1451,141.28,204992.2,14114.360000000015,7.3944466261772535,Watch
P0029,202,Materials,Asphalt,ton,4760,90.52,430854.9,4579,93.87,429837.29,-1017.6100000000442,-0.23618392177970918,On Budget
P0029,203,Materials,Topsoil,cubic_yard,16247,38.27,621808.68,18999,39.27,746018.26,124209.57999999996,19.975530093918913,Over Budget
P0029,300,Equipment,Excavator,hour,7575,145.73,1103873.07,7409,155.42,1151479.68,47606.60999999987,4.312688776799298,On Budget
P0029,301,Equipment,Bulldozer,hour,7845,155.74,1221756.03,7760,164.28,1274797.2,53041.169999999925,4.341388026544049,On Budget
P0029,302,Equipment,Loader,hour,8044,122.46,985067.4,7630,130.24,993696.08,8628.679999999935,0.8759481838501542,On Budget
P0029,303,Equipment,Compactor,hour,3285,95.77,314595.16,3503,90.94,318567.82,3972.6600000000326,1.2627848438609268,On Budget
P0029,400,Fuel,Diesel,gallon,25154,4.04,101735.7,25655,4.01,102840.32,1104.62000000001,1.085774216916982,On Budget
P0029,500,Subcontractor,Concrete Work,job,2,26271.35,52542.69,2,27911.1,55822.19,3279.5,6.241591361234074,Watch
P0029,501,Subcontractor,Utility Work,job,9,20240.66,182165.91,9,22441.5,201973.49,19807.579999999987,10.873373618587575,Over Budget
P0030,100,Labor,General Labor,hour,7640,31.77,242734.73,7495,32.93,246801.06,4066.329999999987,1.6752155738076653,On Budget
P0030,101,Labor,Equipment Operators,hour,4643,39.85,185037.86,4458,40.75,181678.56,-3359.2999999999884,-1.8154663051118232,On Budget
P0030,102,Labor,Supervisors,hour,14727,53.22,783723.54,16900,54.44,920091.15,136367.61,17.399963512643755,Over Budget
P0030,103,Labor,Skilled Labor,hour,10994,49.52,544446.67,11134,49.71,553418.78,8972.109999999986,1.6479318350868022,On Budget
P0030,200,Materials,Gravel,ton,1949,31.91,62199.68,2020,30.18,60959.19,-1240.489999999998,-1.9943671735931727,On Budget
P0030,201,Materials,Concrete,cubic_yard,11443,147.15,1683863.61,12555,160.44,2014328.77,330465.1599999999,19.62541134789414,Over Budget
P0030,202,Materials,Asphalt,ton,9477,97.45,923490.86,9944,108.6,1079913.72,156422.86,16.938214201708504,Over Budget
P0030,203,Materials,Topsoil,cubic_yard,5560,37.82,210263.0,5463,37.05,202391.26,-7871.739999999991,-3.7437590065774726,On Budget
P0030,300,Equipment,Excavator,hour,6682,143.98,962081.22,6429,143.34,921534.14,-40547.07999999996,-4.214517356445224,On Budget
P0030,301,Equipment,Bulldozer,hour,5776,150.61,869939.95,5551,143.87,798636.88,-71303.06999999995,-8.196320906977538,Under Budget
P0030,302,Equipment,Loader,hour,5173,125.79,650723.77,5400,125.85,679571.01,28847.23999999999,4.433100699548748,On Budget
P0030,303,Equipment,Compactor,hour,5290,92.6,489833.26,4783,97.67,467161.67,-22671.590000000026,-4.62843009068025,On Budget
P0030,400,Fuel,Diesel,gallon,42098,3.56,149736.35,46001,3.68,169368.75,19632.399999999994,13.111311982694913,Over Budget
P0030,500,Subcontractor,Concrete Work,job,5,29129.54,145647.68,5,30261.05,151305.26,5657.580000000016,3.8844285058299706,On Budget
P0030,501,Subcontractor,Utility Work,job,5,20941.93,104709.64,5,21366.03,106830.16,2120.520000000004,2.0251430527313476,On Budget
P0031,100,Labor,General Labor,hour,1450,34.23,49632.25,1453,34.87,50661.77,1029.5199999999968,2.074296450392631,On Budget
P0031,101,Labor,Equipment Operators,hour,1579,44.46,70204.69,1771,45.4,80406.39,10201.699999999997,14.531365354650802,Over Budget
P0031,102,Labor,Supervisors,hour,2595,50.78,131787.04,2725,52.95,144275.94,12488.899999999994,9.476576755954147,Watch
P0031,103,Labor,Skilled Labor,hour,1737,50.59,87874.8,1921,48.68,93518.66,5643.860000000001,6.42261490211073,Watch
P0031,200,Materials,Gravel,ton,157,32.06,5033.06,165,30.84,5088.82,55.75999999999931,1.1078747322702154,On Budget
P0031,201,Materials,Concrete,cubic_yard,1944,153.23,297882.02,1943,159.82,310531.52,12649.5,4.246479864746452,On Budget
P0031,202,Materials,Asphalt,ton,1029,91.62,94280.77,1189,101.27,120415.16,26134.39,27.719746030924437,Over Budget
P0031,203,Materials,Topsoil,cubic_yard,2593,41.01,106331.3,2565,41.3,105930.5,-400.8000000000029,-0.3769351075365418,On Budget
P0031,300,Equipment,Excavator,hour,2252,141.0,317533.63,2305,149.03,343521.59,25987.96000000002,8.184317358762918,Watch
P0031,301,Equipment,Bulldozer,hour,1157,150.79,174468.32,1037,142.05,147308.25,-27160.070000000007,-15.567336236171705,Under Budget
P0031,302,Equipment,Loader,hour,2298,129.29,297116.24,2452,137.65,337523.58,40407.340000000026,13.59984227048647,Over Budget
P0031,303,Equipment,Compactor,hour,488,88.3,43089.62,526,85.81,45135.33,2045.7099999999991,4.747570296512244,On Budget
P0031,400,Fuel,Diesel,gallon,4136,3.58,14790.9,4102,3.86,15813.63,1022.7299999999996,6.914589375900043,Watch
P0031,500,Subcontractor,Concrete Work,job,2,28356.69,56713.39,3,29892.0,89676.01,32962.619999999995,58.121406602567745,Over Budget
P0031,501,Subcontractor,Utility Work,job,3,22175.52,66526.57,3,21714.0,65142.01,-1384.560000000005,-2.0812135662488007,On Budget
P0032,100,Labor,General Labor,hour,7158,29.7,212599.7,7475,28.7,214498.64,1898.9400000000023,0.893199755220728,On Budget
P0032,101,Labor,Equipment Operators,hour,5700,40.87,232964.41,6502,40.07,260526.96,27562.54999999999,11.83122778281884,Over Budget
P0032,102,Labor,Supervisors,hour,19349,58.03,1122726.58,19866,59.29,1177882.14,55155.55999999982,4.912644002781142,On Budget
P0032,103,Labor,Skilled Labor,hour,21460,47.92,1028410.52,22760,51.65,1175544.22,147133.69999999995,14.306903433854407,Over Budget
P0032,200,Materials,Gravel,ton,1030,32.34,33309.75,1109,31.79,35260.27,1950.5199999999968,5.85570290980868,Watch
P0032,201,Materials,Concrete,cubic_yard,10902,145.51,1586325.12,12932,166.71,2155907.38,569582.2599999998,35.90577069094132,Over Budget
P0032,202,Materials,Asphalt,ton,25290,94.24,2383367.27,27368,101.91,2789196.39,405829.1200000001,17.027552786692425,Over Budget
P0032,203,Materials,Topsoil,cubic_yard,16358,35.32,577761.23,14987,38.69,579800.11,2038.8800000000047,0.35289318391959335,On Budget
P0032,300,Equipment,Excavator,hour,2302,133.04,306249.42,2496,130.82,326515.08,20265.660000000033,6.617370899837144,Watch
P0032,301,Equipment,Bulldozer,hour,10099,157.21,1587640.54,9546,155.76,1486901.75,-100738.79000000004,-6.345188817110959,Under Budget
P0032,302,Equipment,Loader,hour,9490,114.22,1083921.51,9374,119.77,1122754.56,38833.05000000005,3.5826440975417166,On Budget
P0032,303,Equipment,Compactor,hour,7002,88.06,616584.86,7640,86.93,664158.33,47573.46999999997,7.715640309429585,Watch
P0032,400,Fuel,Diesel,gallon,50082,3.66,183429.6,50570,3.58,181047.51,-2382.0899999999965,-1.2986399141687037,On Budget
P0032,500,Subcontractor,Concrete Work,job,6,29845.58,179073.47,8,31883.29,255066.31,75992.84,42.436682552697505,Over Budget
P0032,501,Subcontractor,Utility Work,job,6,21702.61,130215.66,6,21964.59,131787.55,1571.8899999999849,1.207143595478443,On Budget
P0033,100,Labor,General Labor,hour,3490,29.98,104616.03,3969,30.72,121933.66,17317.630000000005,16.553514791184494,Over Budget
P0033,101,Labor,Equipment Operators,hour,1153,43.44,50087.31,1151,43.35,49897.31,-190.0,-0.37933760068168965,On Budget
P0033,102,Labor,Supervisors,hour,6115,53.02,324246.17,6321,52.01,328749.98,4503.809999999998,1.3890094677139897,On Budget
P0033,103,Labor,Skilled Labor,hour,3468,48.98,169845.71,3218,51.6,166041.59,-3804.1199999999953,-2.239750418188364,On Budget
P0033,200,Materials,Gravel,ton,2441,33.06,80702.32,2681,35.81,96016.5,15314.179999999993,18.976133523794598,Over Budget
P0033,201,Materials,Concrete,cubic_yard,3582,143.52,514071.05,3506,147.2,516100.21,2029.1600000000326,0.394723647635873,On Budget
P0033,202,Materials,Asphalt,ton,7532,87.25,657168.86,8021,92.31,740388.42,83219.56000000006,12.663345003900528,Over Budget
P0033,203,Materials,Topsoil,cubic_yard,5299,35.05,185723.71,4900,37.82,185341.73,-381.9799999999814,-0.20567110144417283,On Budget
P0033,300,Equipment,Excavator,hour,3919,130.87,512880.04,3794,127.15,482418.66,-30461.380000000005,-5.9392796802932715,Under Budget
P0033,301,Equipment,Bulldozer,hour,2594,160.13,415387.54,2674,164.24,439190.3,23802.76000000001,5.730253728843193,Watch
P0033,302,Equipment,Loader,hour,3714,110.76,411376.57,3700,111.58,412845.77,1469.2000000000116,0.35714236228864754,On Budget
P0033,303,Equipment,Compactor,hour,2945,92.26,271705.98,3468,96.88,335985.65,64279.67000000004,23.65780466075868,Over Budget
P0033,400,Fuel,Diesel,gallon,32767,3.56,116557.62,29857,3.48,103833.15,-12724.470000000001,-10.916892434831805,Under Budget
P0033,500,Subcontractor,Concrete Work,job,4,25940.49,103761.98,4,26665.48,106661.9,2899.9199999999983,2.7947809014438607,On Budget
P0033,501,Subcontractor,Utility Work,job,3,23069.22,69207.66,3,24220.74,72662.21,3454.550000000003,4.9915717422031065,On Budget
P0034,100,Labor,General Labor,hour,5242,30.22,158387.14,5834,30.95,180568.0,22180.859999999986,14.004205139381886,Over Budget
P0034,101,Labor,Equipment Operators,hour,1543,45.13,69629.74,1702,47.49,80832.72,11202.979999999996,16.08936066686447,Over Budget
P0034,102,Labor,Supervisors,hour,2513,51.9,130413.64,2719,49.99,135910.4,5496.759999999995,4.214865868324813,On Budget
P0034,103,Labor,Skilled Labor,hour,2677,44.21,118356.43,2808,46.04,129281.75,10925.320000000007,9.230863080273718,Watch
P0034,200,Materials,Gravel,ton,1969,35.44,69786.59,2256,37.97,85661.72,15875.130000000005,22.748109629658085,Over Budget
P0034,201,Materials,Concrete,cubic_yard,263,151.68,39892.08,281,151.09,42456.98,2564.9000000000015,6.429597052848589,Watch
P0034,202,Materials,Asphalt,ton,588,93.47,54961.26,627,95.66,59975.84,5014.5799999999945,9.123844686238987,Watch
P0034,203,Materials,Topsoil,cubic_yard,5103,39.73,202759.07,5074,41.93,212760.07,10001.0,4.9324550561412615,On Budget
P0034,300,Equipment,Excavator,hour,268,138.66,37160.37,260,135.55,35243.64,-1916.7300000000032,-5.157994928468159,Under Budget
P0034,301,Equipment,Bulldozer,hour,295,146.99,43362.86,366,155.58,56942.6,13579.739999999998,31.31652294152184,Over Budget
P0034,302,Equipment,Loader,hour,2030,114.92,233295.64,2023,120.4,243577.46,10281.819999999978,4.407206238402045,On Budget
P0034,303,Equipment,Compactor,hour,2312,99.61,230296.75,2253,102.31,230505.32,208.57000000000698,0.09056575917810694,On Budget
P0034,400,Fuel,Diesel,gallon,15522,3.93,60954.7,16572,3.94,65271.03,4316.330000000002,7.081209488357751,Watch
P0034,500,Subcontractor,Concrete Work,job,3,26735.35,80206.06,3,29025.08,87075.24,6869.180000000008,8.564415207529215,Watch
P0034,501,Subcontractor,Utility Work,job,2,22478.89,44957.77,2,23562.01,47124.03,2166.260000000002,4.818432942737156,On Budget
P0035,100,Labor,General Labor,hour,2993,33.5,100266.94,2915,30.96,90241.98,-10024.960000000006,-9.998270616416544,Under Budget
P0035,101,Labor,Equipment Operators,hour,4155,44.84,186298.27,4614,46.23,213320.66,27022.390000000014,14.504906567302003,Over Budget
P0035,102,Labor,Supervisors,hour,3679,53.3,196073.96,3708,53.12,196968.9,894.9400000000023,0.4564298084253526,On Budget
P0035,103,Labor,Skilled Labor,hour,4953,45.95,227590.35,5337,47.5,253493.73,25903.380000000005,11.381580985309792,Over Budget
P0035,200,Materials,Gravel,ton,846,36.6,30961.98,873,34.88,30449.52,-512.4599999999991,-1.655126707012921,On Budget
P0035,201,Materials,Concrete,cubic_yard,1064,137.29,146071.31,1042,139.32,145172.51,-898.7999999999884,-0.6153159028970085,On Budget
P0035,202,Materials,Asphalt,ton,2311,91.62,211727.75,2370,97.45,230959.27,19231.51999999999,9.08313624454045,Watch
P0035,203,Materials,Topsoil,cubic_yard,2706,37.46,101358.95,2623,38.81,101799.55,440.6000000000058,0.43469274296942284,On Budget
P0035,300,Equipment,Excavator,hour,864,125.19,108168.45,945,131.69,124442.83,16274.380000000005,15.045403719846226,Over Budget
P0035,301,Equipment,Bulldozer,hour,958,163.57,156702.17,931,184.17,171462.42,14760.25,9.419301596142542,Watch
P0035,302,Equipment,Loader,hour,2452,112.42,275663.11,2234,115.16,257259.84,-18403.26999999999,-6.676000281648128,Under Budget
P0035,303,Equipment,Compactor,hour,2344,98.84,231688.69,2443,103.31,252392.6,20703.910000000003,8.936090061193752,Watch
P0035,400,Fuel,Diesel,gallon,6111,3.98,24301.17,6202,4.05,25106.27,805.1000000000022,3.3130092090216325,On Budget
P0035,500,Subcontractor,Concrete Work,job,2,28945.28,57890.57,2,29719.78,59439.56,1548.989999999998,2.675720760738749,On Budget
P0035,501,Subcontractor,Utility Work,job,1,21058.88,21058.88,1,20279.56,20279.56,-779.3199999999997,-3.7006716406570517,On Budget
P0036,100,Labor,General Labor,hour,3336,31.76,105935.6,3595,33.11,119040.38,13104.779999999999,12.370515671785498,Over Budget
P0036,101,Labor,Equipment Operators,hour,17154,43.84,751959.2,17535,43.84,768670.62,16711.420000000042,2.2223838740187025,On Budget
P0036,102,Labor,Supervisors,hour,2582,57.71,149009.79,2370,59.98,142142.41,-6867.380000000005,-4.608677054037861,On Budget
P0036,103,Labor,Skilled Labor,hour,15506,50.97,790315.07,15430,53.31,822536.27,32221.20000000007,4.077006908143618,On Budget
P0036,200,Materials,Gravel,ton,10488,35.95,377061.03,9855,36.9,363653.61,-13407.420000000042,-3.5557692079714633,On Budget
P0036,201,Materials,Concrete,cubic_yard,8476,134.83,1142777.23,8188,126.72,1037580.54,-105196.68999999994,-9.2053540478751,Under Budget
P0036,202,Materials,Asphalt,ton,18855,96.53,1820106.76,20618,98.98,2040725.24,220618.47999999998,12.121183484863272,Over Budget
P0036,203,Materials,Topsoil,cubic_yard,6797,39.27,266918.91,7392,38.17,282166.68,15247.770000000019,5.71251021518109,Watch
P0036,300,Equipment,Excavator,hour,8199,143.98,1180503.86,7890,139.97,1104353.04,-76150.82000000007,-6.450704871053964,Under Budget
P0036,301,Equipment,Bulldozer,hour,578,161.47,93329.64,765,171.46,131166.5,37836.86,40.541097126272,Over Budget
P0036,302,Equipment,Loader,hour,1976,119.55,236229.43,1994,116.67,232638.15,-3591.279999999999,-1.5202508849130265,On Budget
P0036,303,Equipment,Compactor,hour,4854,90.63,439902.2,5648,96.08,542672.39,102770.19,23.362054111118336,Over Budget
P0036,400,Fuel,Diesel,gallon,4910,4.04,19819.89,5034,4.52,22750.31,2930.420000000002,14.785248555869895,Over Budget
P0036,500,Subcontractor,Concrete Work,job,9,30027.28,270245.48,10,29109.99,291099.92,20854.440000000002,7.716850620406307,Watch
P0036,501,Subcontractor,Utility Work,job,8,20923.84,167390.74,8,22195.02,177560.15,10169.410000000003,6.075252430331573,Watch
P0037,100,Labor,General Labor,hour,12161,32.84,399323.66,13622,35.58,484624.78,85301.12000000005,21.361398921366206,Over Budget
P0037,101,Labor,Equipment Operators,hour,7721,39.89,307988.08,7561,39.37,297693.65,-10294.429999999993,-3.342476760788922,On Budget
P0037,102,Labor,Supervisors,hour,25163,57.07,1435937.55,25717,62.51,1607443.67,171506.11999999988,11.943842543848781,Over Budget
P0037,103,Labor,Skilled Labor,hour,21893,48.06,1052232.93,19266,44.45,856418.22,-195814.70999999996,-18.60944515393564,Under Budget
P0037,200,Materials,Gravel,ton,19988,34.7,693571.63,22250,31.95,710853.05,17281.420000000042,2.491656124977321,On Budget
P0037,201,Materials,Concrete,cubic_yard,19424,152.56,2963360.97,22015,159.78,3517463.85,554102.8799999999,18.69846048488652,Over Budget
P0037,202,Materials,Asphalt,ton,24002,93.75,2250287.19,25222,102.63,2588557.47,338270.28000000026,15.032315941859858,Over Budget
P0037,203,Materials,Topsoil,cubic_yard,6649,37.55,249670.38,7095,41.19,292219.39,42549.01000000001,17.042073633243962,Over Budget
P0037,300,Equipment,Excavator,hour,12103,136.87,1656521.33,12927,144.96,1873853.72,217332.3899999999,13.119806311217246,Over Budget
P0037,301,Equipment,Bulldozer,hour,2916,154.29,449905.11,3033,142.9,433422.19,-16482.919999999984,-3.6636436514357404,On Budget
P0037,302,Equipment,Loader,hour,5647,114.23,645042.32,5804,113.14,656647.73,11605.410000000033,1.7991703242044699,On Budget
P0037,303,Equipment,Compactor,hour,11118,98.42,1094282.08,10387,101.27,1051854.1,-42427.97999999998,-3.8772434252053163,On Budget
P0037,400,Fuel,Diesel,gallon,58651,3.68,216109.29,54769,3.67,201159.85,-14949.440000000002,-6.917536955491363,Under Budget
P0037,500,Subcontractor,Concrete Work,job,12,27295.92,327551.02,14,29111.78,407564.97,80013.94999999995,24.427934921405512,Over Budget
P0037,501,Subcontractor,Utility Work,job,10,21085.57,210855.72,10,21321.3,213212.98,2357.2600000000093,1.1179492783027225,On Budget
P0038,100,Labor,General Labor,hour,26467,33.17,877958.39,24947,34.4,858300.11,-19658.280000000028,-2.2390901691821665,On Budget
P0038,101,Labor,Equipment Operators,hour,26832,39.41,1057507.36,33551,43.68,1465541.65,408034.2899999998,38.584534295818024,Over Budget
P0038,102,Labor,Supervisors,hour,18491,51.08,944514.82,17189,52.09,895419.65,-49095.169999999925,-5.197924792752318,Under Budget
P0038,103,Labor,Skilled Labor,hour,26360,44.83,1181692.42,25157,47.3,1189965.24,8272.820000000065,0.700082344608766,On Budget
P0038,200,Materials,Gravel,ton,18809,35.79,673209.0,19305,37.69,727573.54,54364.54000000004,8.075432740798183,Watch
P0038,201,Materials,Concrete,cubic_yard,9326,143.4,1337310.28,9997,150.04,1499906.97,162596.68999999994,12.158486510699666,Over Budget
P0038,202,Materials,Asphalt,ton,24899,99.15,2468748.51,22911,105.29,2412399.35,-56349.15999999968,-2.2824989978424206,On Budget
P0038,203,Materials,Topsoil,cubic_yard,16486,35.21,580467.02,16450,35.86,589819.48,9352.459999999963,1.6111957575126252,On Budget
P0038,300,Equipment,Excavator,hour,1489,132.57,197395.65,1721,131.62,226524.48,29128.830000000016,14.756571383411954,Over Budget
P0038,301,Equipment,Bulldozer,hour,7459,159.01,1186057.49,7711,156.33,1205433.51,19376.02000000002,1.6336493098660858,On Budget
P0038,302,Equipment,Loader,hour,7522,110.92,834309.09,7707,108.84,838848.87,4539.780000000028,0.5441364662585695,On Budget
P0038,303,Equipment,Compactor,hour,6252,96.72,604692.87,7226,101.29,731944.65,127251.78000000003,21.04403513142135,Over Budget
P0038,400,Fuel,Diesel,gallon,82965,3.95,327936.3,81497,4.02,327283.88,-652.4199999999837,-0.19894717358218159,On Budget
P0038,500,Subcontractor,Concrete Work,job,2,27363.67,54727.33,2,27568.66,55137.31,409.9799999999959,0.7491321063899808,On Budget
P0038,501,Subcontractor,Utility Work,job,12,23256.51,279078.18,14,23654.16,331158.26,52080.080000000016,18.661466116770583,Over Budget
P0039,100,Labor,General Labor,hour,25608,31.58,808742.91,26161,33.14,866971.08,58228.169999999925,7.199836843082793,Watch
P0039,101,Labor,Equipment Operators,hour,16116,39.84,642044.62,18762,42.59,799130.79,157086.17000000004,24.46655031545939,Over Budget
P0039,102,Labor,Supervisors,hour,11575,52.29,605225.25,10867,54.14,588375.62,-16849.630000000005,-2.784026277819705,On Budget
P0039,103,Labor,Skilled Labor,hour,25498,44.81,1142492.72,24238,47.36,1147889.53,5396.810000000056,0.47237150010024187,On Budget
P0039,200,Materials,Gravel,ton,24464,35.3,863698.61,25181,33.42,841560.6,-22138.01000000001,-2.563163786960362,On Budget
P0039,201,Materials,Concrete,cubic_yard,22166,152.81,3387131.41,22788,157.33,3585338.28,198206.86999999965,5.851762037186495,Watch
P0039,202,Materials,Asphalt,ton,9423,88.54,834331.23,10355,90.78,940018.28,105687.05000000005,12.667277239520333,Over Budget
P0039,203,Materials,Topsoil,cubic_yard,3513,39.77,139728.52,3437,40.53,139287.59,-440.929999999993,-0.315561919642456,On Budget
P0039,300,Equipment,Excavator,hour,3055,139.48,426112.65,3150,147.23,463777.33,37664.67999999999,8.839136786950585,Watch
P0039,301,Equipment,Bulldozer,hour,2342,145.61,341021.17,2312,142.65,329806.4,-11214.76999999996,-3.2885846940235295,On Budget
P0039,302,Equipment,Loader,hour,7472,110.88,828461.63,6910,110.15,761154.96,-67306.67000000004,-8.124295388309056,Under Budget
P0039,303,Equipment,Compactor,hour,2515,98.47,247641.45,2691,97.52,262438.1,14796.649999999965,5.975029624483286,Watch
P0039,400,Fuel,Diesel,gallon,49012,3.85,188898.05,52208,4.03,210208.07,21310.02000000002,11.281228154552162,Over Budget
P0039,500,Subcontractor,Concrete Work,job,4,26072.34,104289.37,4,25758.36,103033.45,-1255.9199999999983,-1.2042646340657712,On Budget
P0039,501,Subcontractor,Utility Work,job,12,23184.18,278210.19,13,23236.25,302071.21,23861.02000000002,8.576616118913552,Watch
P0040,100,Labor,General Labor,hour,3274,29.69,97219.03,3304,29.75,98284.82,1065.7900000000081,1.0962771383339334,On Budget
P0040,101,Labor,Equipment Operators,hour,16881,40.91,690541.5,18706,43.22,808510.44,117968.93999999994,17.083540960246406,Over Budget
P0040,102,Labor,Supervisors,hour,12630,57.49,726103.78,13787,58.3,803747.31,77643.53000000003,10.693172537953187,Over Budget
P0040,103,Labor,Skilled Labor,hour,4853,46.12,223825.76,4998,46.97,234738.75,10912.98999999999,4.875663105086738,On Budget
P0040,200,Materials,Gravel,ton,11412,35.59,406131.74,10336,34.56,357237.44,-48894.29999999999,-12.039024578576397,Under Budget
P0040,201,Materials,Concrete,cubic_yard,17340,146.1,2533415.87,17253,147.51,2544919.12,11503.25,0.4540608644722826,On Budget
P0040,202,Materials,Asphalt,ton,9700,93.72,909064.71,10645,90.76,966089.17,57024.46000000008,6.272871377880248,Watch
P0040,203,Materials,Topsoil,cubic_yard,8690,38.71,336413.32,8601,37.3,320827.0,-15586.320000000007,-4.633086466374163,On Budget
P0040,300,Equipment,Excavator,hour,11887,142.96,1699375.41,10822,146.63,1586790.8,-112584.60999999987,-6.625058203001764,Under Budget
P0040,301,Equipment,Bulldozer,hour,6419,163.63,1050372.43,6194,162.68,1007655.21,-42717.21999999997,-4.066864169311829,On Budget
P0040,302,Equipment,Loader,hour,3525,113.66,400649.3,3955,116.96,462587.75,61938.45000000001,15.459517837670006,Over Budget
P0040,303,Equipment,Compactor,hour,2453,95.72,234799.53,2665,100.06,266670.94,31871.410000000003,13.573881515009848,Over Budget
P0040,400,Fuel,Diesel,gallon,24818,3.86,95783.28,28669,4.22,120880.54,25097.259999999995,26.202130476216723,Over Budget
P0040,500,Subcontractor,Concrete Work,job,10,28147.07,281470.65,11,28347.57,311823.27,30352.619999999995,10.783582586674664,Over Budget
P0040,501,Subcontractor,Utility Work,job,5,20363.96,101819.79,5,21106.39,105531.93,3712.1399999999994,3.645794201696939,On Budget
P0041,100,Labor,General Labor,hour,21531,30.42,655033.56,20778,29.65,615981.08,-39052.4800000001,-5.961905219024212,Under Budget
P0041,101,Labor,Equipment Operators,hour,31745,41.84,1328238.93,29309,41.37,1212623.08,-115615.84999999986,-8.704446721795744,Under Budget
P0041,102,Labor,Supervisors,hour,24457,51.96,1270852.89,25922,50.95,1320676.5,49823.6100000001,3.92048602887468,On Budget
P0041,103,Labor,Skilled Labor,hour,35040,51.81,1815265.57,34962,49.52,1731259.02,-84006.55000000005,-4.62778291993937,On Budget
P0041,200,Materials,Gravel,ton,31370,32.4,1016409.05,32747,33.62,1100801.79,84392.73999999999,8.303029179049517,Watch
P0041,201,Materials,Concrete,cubic_yard,12232,133.6,1634239.62,10601,137.03,1452671.81,-181567.81000000006,-11.110231803093848,Under Budget
P0041,202,Materials,Asphalt,ton,23680,93.78,2220801.87,27888,97.06,2706865.95,486064.0800000001,21.886872780776255,Over Budget
P0041,203,Materials,Topsoil,cubic_yard,16837,37.93,638589.61,17013,37.33,635125.08,-3464.530000000028,-0.5425284009866725,On Budget
P0041,300,Equipment,Excavator,hour,11868,128.85,1529160.49,11491,123.06,1414081.12,-115079.36999999988,-7.525656773933512,Under Budget
P0041,301,Equipment,Bulldozer,hour,5028,147.65,742366.61,4825,140.5,677934.16,-64432.44999999995,-8.679330283995391,Under Budget
P0041,302,Equipment,Loader,hour,4970,122.47,608697.57,5205,128.17,667137.1,58439.53000000003,9.600749679352266,Watch
P0041,303,Equipment,Compactor,hour,10346,97.33,1007022.93,10368,109.29,1133132.87,126109.94000000006,12.523045527870954,Over Budget
P0041,400,Fuel,Diesel,gallon,26072,3.69,96242.37,25213,3.56,89633.13,-6609.239999999991,-6.867287245731782,Under Budget
P0041,500,Subcontractor,Concrete Work,job,14,26289.71,368055.91,14,27926.17,390966.42,22910.51000000001,6.2247363450840965,Watch
P0041,501,Subcontractor,Utility Work,job,14,20298.64,284181.03,15,19386.4,290795.95,6614.919999999984,2.3277134297106263,On Budget
P0042,100,Labor,General Labor,hour,2031,34.22,69504.82,2355,36.3,85479.55,15974.729999999996,22.983629049035727,Over Budget
P0042,101,Labor,Equipment Operators,hour,4760,40.73,193865.31,4825,43.41,209476.65,15611.339999999997,8.052673270942593,Watch
P0042,102,Labor,Supervisors,hour,2602,55.32,143937.87,2762,56.23,155299.61,11361.73999999999,7.893502939844803,Watch
P0042,103,Labor,Skilled Labor,hour,2244,47.81,107289.14,2395,49.55,118683.2,11394.059999999998,10.619956502587305,Over Budget
P0042,200,Materials,Gravel,ton,6121,33.6,205678.51,6629,36.23,240156.2,34477.69,16.762903426322957,Over Budget
P0042,201,Materials,Concrete,cubic_yard,5382,138.52,745517.5,5846,150.41,879284.25,133766.75,17.94280483020184,Over Budget
P0042,202,Materials,Asphalt,ton,1996,90.55,180743.74,2089,95.97,200487.47,19743.73000000001,10.923603771837415,Over Budget
P0042,203,Materials,Topsoil,cubic_yard,3824,36.03,137771.4,3855,35.78,137937.48,166.0800000000163,0.12054751566726934,On Budget
P0042,300,Equipment,Excavator,hour,2541,124.35,315984.2,2533,126.11,319427.92,3443.719999999972,1.089839302091678,On Budget
P0042,301,Equipment,Bulldozer,hour,1450,148.92,215930.76,1496,163.03,243894.11,27963.349999999977,12.950146611812036,Over Budget
P0042,302,Equipment,Loader,hour,490,128.86,63140.99,496,131.81,65376.15,2235.1600000000035,3.539950830672759,On Budget
P0042,303,Equipment,Compactor,hour,261,87.7,22888.55,277,88.98,24648.63,1760.0800000000017,7.689783756507082,Watch
P0042,400,Fuel,Diesel,gallon,11892,3.72,44247.72,12310,3.66,45083.41,835.6900000000023,1.888662285875978,On Budget
P0042,500,Subcontractor,Concrete Work,job,2,29308.13,58616.26,2,27939.84,55879.68,-2736.5800000000017,-4.668636313541672,On Budget
P0042,501,Subcontractor,Utility Work,job,3,23003.87,69011.61,3,23572.39,70717.18,1705.5699999999924,2.471424735635051,On Budget
P0043,100,Labor,General Labor,hour,8294,31.86,264229.52,8802,34.59,304424.9,40195.380000000005,15.212297248240848,Over Budget
P0043,101,Labor,Equipment Operators,hour,20670,41.28,853175.63,20061,44.3,888766.49,35590.859999999986,4.17157484913159,On Budget
P0043,102,Labor,Supervisors,hour,3883,51.25,199019.84,4531,54.22,245650.49,46630.649999999994,23.43015148640457,Over Budget
P0043,103,Labor,Skilled Labor,hour,18281,47.18,862452.68,19895,47.01,935180.24,72727.55999999994,8.432643516163685,Watch
P0043,200,Materials,Gravel,ton,15597,36.38,567430.72,17738,38.92,690356.44,122925.71999999997,21.663564496472798,Over Budget
P0043,201,Materials,Concrete,cubic_yard,23258,151.69,3527919.07,29231,169.71,4960843.37,1432924.3000000003,40.616699860975,Over Budget
P0043,202,Materials,Asphalt,ton,18580,87.78,1630905.06,18866,89.02,1679357.85,48452.79000000004,2.970914199015364,On Budget
P0043,203,Materials,Topsoil,cubic_yard,2999,36.76,110231.74,3439,37.88,130280.79,20049.04999999999,18.188091741997347,Over Budget
P0043,300,Equipment,Excavator,hour,10572,141.85,1499652.23,14052,149.35,2098729.04,599076.81,39.94771574473637,Over Budget
P0043,301,Equipment,Bulldozer,hour,3329,143.4,477389.42,3684,146.66,540287.94,62898.51999999996,13.175516122665634,Over Budget
P0043,302,Equipment,Loader,hour,4492,123.95,556762.77,4362,130.27,568240.01,11477.23999999999,2.061423755040228,On Budget
P0043,303,Equipment,Compactor,hour,2191,90.22,197668.11,2395,92.19,220786.56,23118.45000000001,11.69558913676061,Over Budget
P0043,400,Fuel,Diesel,gallon,12387,3.98,49269.11,12367,4.14,51204.76,1935.6500000000015,3.928729380335877,On Budget
P0043,500,Subcontractor,Concrete Work,job,7,29907.71,209353.95,7,30152.48,211067.34,1713.3899999999849,0.8184178039153236,On Budget
P0043,501,Subcontractor,Utility Work,job,5,22285.88,111429.39,5,21866.23,109331.13,-2098.2599999999948,-1.883040013052207,On Budget
P0044,100,Labor,General Labor,hour,12859,32.07,412406.8,12743,33.9,431950.95,19544.150000000023,4.739046494868664,On Budget
P0044,101,Labor,Equipment Operators,hour,19443,39.72,772265.42,21517,40.89,879908.95,107643.52999999991,13.938670204862975,Over Budget
P0044,102,Labor,Supervisors,hour,6638,51.54,342098.78,6935,51.33,355941.14,13842.359999999986,4.046304988284374,On Budget
P0044,103,Labor,Skilled Labor,hour,3092,51.44,159066.81,3436,52.63,180841.6,21774.790000000008,13.68908447965984,Over Budget
P0044,200,Materials,Gravel,ton,11492,34.77,399544.38,11478,36.91,423647.7,24103.320000000007,6.032701548699047,Watch
P0044,201,Materials,Concrete,cubic_yard,10932,133.58,1460298.59,12204,131.46,1604287.86,143989.27000000002,9.86026220842958,Watch
P0044,202,Materials,Asphalt,ton,17680,90.78,1605061.2,18224,94.21,1716825.17,111763.96999999997,6.963221713913462,Watch
P0044,203,Materials,Topsoil,cubic_yard,2952,35.38,104439.05,2884,34.93,100749.81,-3689.2400000000052,-3.532433510262689,On Budget
P0044,300,Equipment,Excavator,hour,9532,126.13,1202315.26,10243,124.62,1276529.93,74214.66999999993,6.172646432184511,Watch
P0044,301,Equipment,Bulldozer,hour,7922,142.78,1131129.45,7974,151.47,1207828.45,76699.0,6.780744679576683,Watch
P0044,302,Equipment,Loader,hour,5040,116.22,585764.08,4738,114.77,543797.75,-41966.32999999996,-7.1643740940892044,Under Budget
P0044,303,Equipment,Compactor,hour,4913,88.79,436228.27,4847,88.22,427613.18,-8615.090000000026,-1.974904102386584,On Budget
P0044,400,Fuel,Diesel,gallon,56494,4.15,234656.48,55529,4.15,230435.48,-4221.0,-1.7987996751677175,On Budget
P0044,500,Subcontractor,Concrete Work,job,10,27749.94,277499.44,12,30116.66,361399.97,83900.52999999997,30.23448623896321,Over Budget
P0044,501,Subcontractor,Utility Work,job,11,23442.3,257865.28,12,26254.31,315051.74,57186.45999999999,22.17687468433129,Over Budget
P0045,100,Labor,General Labor,hour,8546,31.47,268955.96,8784,29.95,263082.58,-5873.380000000005,-2.1837701607356106,On Budget
P0045,101,Labor,Equipment Operators,hour,12514,39.81,498186.51,12426,43.39,539152.77,40966.26000000001,8.223076935583826,Watch
P0045,102,Labor,Supervisors,hour,2075,54.55,113198.64,2061,55.98,115373.16,2174.520000000004,1.9209771424815743,On Budget
P0045,103,Labor,Skilled Labor,hour,8369,48.41,405181.47,7917,49.06,388438.26,-16743.209999999963,-4.132274360917829,On Budget
P0045,200,Materials,Gravel,ton,5307,34.66,183934.35,5495,36.46,200322.05,16387.699999999983,8.909537560548088,Watch
P0045,201,Materials,Concrete,cubic_yard,7506,134.3,1008049.5,7305,141.72,1035255.24,27205.73999999999,2.6988496100637906,On Budget
P0045,202,Materials,Asphalt,ton,13526,88.35,1194976.05,12257,90.09,1104193.06,-90782.98999999999,-7.597055187842466,Under Budget
P0045,203,Materials,Topsoil,cubic_yard,4669,37.59,175491.95,4684,38.04,178182.03,2690.079999999987,1.532879428372633,On Budget
P0045,300,Equipment,Excavator,hour,5019,134.75,676322.88,4754,142.13,675707.58,-615.3000000000466,-0.09097725630693532,On Budget
P0045,301,Equipment,Bulldozer,hour,7627,153.4,1170017.4,8803,164.37,1446906.66,276889.26,23.665396771022383,Over Budget
P0045,302,Equipment,Loader,hour,2863,122.33,350239.84,3078,124.16,382160.7,31920.859999999986,9.1140002804935,Watch
P0045,303,Equipment,Compactor,hour,1403,93.28,130868.73,1427,96.93,138325.48,7456.750000000015,5.697885201453406,Watch
P0045,400,Fuel,Diesel,gallon,35484,3.89,138190.95,35719,4.01,143236.49,5045.539999999979,3.651136344311967,On Budget
P0045,500,Subcontractor,Concrete Work,job,5,27838.72,139193.61,6,29626.65,177759.9,38566.29000000001,27.70693999530583,Over Budget
P0045,501,Subcontractor,Utility Work,job,9,20503.86,184534.73,8,20050.74,160405.92,-24128.809999999998,-13.07548449010113,Under Budget
P0046,100,Labor,General Labor,hour,1225,29.91,36639.63,1252,31.76,39767.5,3127.8700000000026,8.53684930770317,Watch
P0046,101,Labor,Equipment Operators,hour,5999,40.35,242085.01,6308,43.58,274872.13,32787.119999999995,13.543639071250215,Over Budget
P0046,102,Labor,Supervisors,hour,2987,51.45,153692.38,3789,58.27,220790.96,67098.57999999999,43.65771419506939,Over Budget
P0046,103,Labor,Skilled Labor,hour,8942,47.72,426717.76,9483,48.37,458696.96,31979.20000000001,7.494227566248944,Watch
P0046,200,Materials,Gravel,ton,3602,36.25,130577.86,3899,37.75,147170.78,16592.92,12.707299690774528,Over Budget
P0046,201,Materials,Concrete,cubic_yard,7734,149.63,1157232.19,7811,149.81,1170165.65,12933.459999999963,1.1176201380986441,On Budget
P0046,202,Materials,Asphalt,ton,6904,86.15,594774.28,8132,96.62,785735.81,190961.53000000003,32.10655477570416,Over Budget
P0046,203,Materials,Topsoil,cubic_yard,9976,40.94,408387.84,10409,42.75,445008.9,36621.06,8.967225860593693,Watch
P0046,300,Equipment,Excavator,hour,2670,136.57,364646.25,3134,143.15,448626.3,83980.04999999999,23.030553584467135,Over Budget
P0046,301,Equipment,Bulldozer,hour,2400,159.26,382217.22,2552,153.84,392606.11,10388.890000000014,2.7180591183202094,On Budget
P0046,302,Equipment,Loader,hour,328,124.24,40750.04,367,133.2,48883.55,8133.510000000002,19.95951415017016,Over Budget
P0046,303,Equipment,Compactor,hour,2798,96.25,269320.13,2993,101.73,304485.35,35165.21999999997,13.057033649879783,Over Budget
P0046,400,Fuel,Diesel,gallon,35919,3.66,131416.74,36356,3.81,138686.17,7269.430000000022,5.5315860064707305,Watch
P0046,500,Subcontractor,Concrete Work,job,1,28113.99,28113.99,1,30921.61,30921.61,2807.619999999999,9.986558293575543,Watch
P0046,501,Subcontractor,Utility Work,job,3,21239.89,63719.66,3,22081.76,66245.29,2525.62999999999,3.963658939799726,On Budget
P0047,100,Labor,General Labor,hour,3844,33.73,129668.14,4076,34.84,142002.45,12334.310000000012,9.512213254543493,Watch
P0047,101,Labor,Equipment Operators,hour,8284,40.55,335892.36,8974,40.08,359648.1,23755.73999999999,7.072426416605603,Watch
P0047,102,Labor,Supervisors,hour,7563,51.28,387839.88,7128,49.88,355566.97,-32272.910000000033,-8.321194303174813,Under Budget
P0047,103,Labor,Skilled Labor,hour,7382,46.64,344262.93,7621,46.54,354647.17,10384.23999999999,3.016368913144378,On Budget
P0047,200,Materials,Gravel,ton,9348,34.94,326621.03,9480,35.95,340784.8,14163.76999999996,4.336453779476465,On Budget
P0047,201,Materials,Concrete,cubic_yard,446,143.42,63966.28,598,153.6,91855.16,27888.880000000005,43.599346405637476,Over Budget
P0047,202,Materials,Asphalt,ton,9119,96.04,875804.27,9029,98.48,889133.74,13329.469999999972,1.521969058223474,On Budget
P0047,203,Materials,Topsoil,cubic_yard,5679,35.05,199043.58,6019,34.68,208724.32,9680.74000000002,4.863628357166817,On Budget
P0047,300,Equipment,Excavator,hour,1628,143.53,233672.79,1761,143.76,253168.05,19495.25999999998,8.342973950882334,Watch
P0047,301,Equipment,Bulldozer,hour,2953,165.21,487860.69,2717,166.59,452614.69,-35246.0,-7.22460340061422,Under Budget
P0047,302,Equipment,Loader,hour,5080,114.18,580014.14,5331,110.68,590029.59,10015.449999999953,1.726759626929087,On Budget
P0047,303,Equipment,Compactor,hour,1461,95.69,139809.17,1498,92.34,138318.52,-1490.6500000000233,-1.0662033112706577,On Budget
P0047,400,Fuel,Diesel,gallon,22793,3.59,81730.21,24390,3.39,82774.12,1043.909999999989,1.2772633277217675,On Budget
P0047,500,Subcontractor,Concrete Work,job,4,28059.41,112237.63,4,29636.05,118544.19,6306.559999999998,5.61893546754328,Watch
P0047,501,Subcontractor,Utility Work,job,5,23196.87,115984.33,5,23437.14,117185.68,1201.3499999999913,1.0357864721898133,On Budget
P0048,100,Labor,General Labor,hour,8390,30.08,252354.66,8197,29.85,244691.26,-7663.399999999994,-3.03675787084732,On Budget
P0048,101,Labor,Equipment Operators,hour,5039,38.76,195305.3,5529,40.87,225971.71,30666.410000000003,15.701780750445588,Over Budget
P0048,102,Labor,Supervisors,hour,18893,51.84,979360.39,18079,51.78,936203.24,-43157.15000000002,-4.406666885925417,On Budget
P0048,103,Labor,Skilled Labor,hour,3585,47.75,171171.91,3555,48.03,170758.31,-413.6000000000058,-0.24162843073960313,On Budget
P0048,200,Materials,Gravel,ton,30031,32.78,984300.1,31144,33.85,1054276.57,69976.47000000009,7.109261697728171,Watch
P0048,201,Materials,Concrete,cubic_yard,15513,144.75,2245512.05,15949,143.15,2283072.94,37560.89000000013,1.6727093492996459,On Budget
P0048,202,Materials,Asphalt,ton,3930,91.25,358625.55,3896,101.45,395244.96,36619.41000000003,10.211043245524484,Over Budget
P0048,203,Materials,Topsoil,cubic_yard,29655,36.61,1085678.44,35067,39.72,1392876.25,307197.81000000006,28.295469328837374,Over Budget
P0048,300,Equipment,Excavator,hour,5793,141.29,818512.89,5773,133.67,771684.44,-46828.45000000007,-5.721162192082286,Under Budget
P0048,301,Equipment,Bulldozer,hour,2224,164.87,366679.85,2378,169.21,402389.08,35709.23000000004,9.738530764643883,Watch
P0048,302,Equipment,Loader,hour,3550,110.54,392400.05,3588,109.43,392637.92,237.86999999999534,0.06061925833087823,On Budget
P0048,303,Equipment,Compactor,hour,11680,91.0,1062872.1,13514,97.41,1316357.53,253485.42999999993,23.8490999998965,Over Budget
P0048,400,Fuel,Diesel,gallon,133599,3.75,501543.17,173261,4.14,716895.46,215352.28999999998,42.93793692774243,Over Budget
P0048,500,Subcontractor,Concrete Work,job,6,29262.15,175572.88,6,29565.73,177394.35,1821.4700000000012,1.0374438238980879,On Budget
P0048,501,Subcontractor,Utility Work,job,9,21714.63,195431.68,9,22388.11,201493.01,6061.330000000016,3.1015084146030043,On Budget
P0049,100,Labor,General Labor,hour,860,29.72,25557.71,1014,33.16,33623.72,8066.010000000002,31.559987181950195,Over Budget
P0049,101,Labor,Equipment Operators,hour,2899,43.93,127339.5,2928,41.41,121234.49,-6105.009999999995,-4.794278287569838,On Budget
P0049,102,Labor,Supervisors,hour,602,55.98,33698.78,661,55.5,36683.34,2984.5599999999977,8.856581751624235,Watch
P0049,103,Labor,Skilled Labor,hour,2112,45.14,95339.05,2276,46.7,106287.05,10948.0,11.483227491778027,Over Budget
P0049,200,Materials,Gravel,ton,1374,33.4,45896.01,1450,35.22,51076.03,5180.019999999997,11.286427730863743,Over Budget
P0049,201,Materials,Concrete,cubic_yard,1013,154.52,156525.75,1158,157.96,182921.6,26395.850000000006,16.8635831484596,Over Budget
P0049,202,Materials,Asphalt,ton,2500,88.72,221798.91,2396,88.77,212692.01,-9106.899999999994,-4.105926399728472,On Budget
P0049,203,Materials,Topsoil,cubic_yard,2418,40.32,97499.59,2555,39.73,101502.33,4002.7400000000052,4.10539162267247,On Budget
P0049,300,Equipment,Excavator,hour,1302,131.62,171365.28,1677,150.64,252626.84,81261.56,47.420084161739176,Over Budget
P0049,301,Equipment,Bulldozer,hour,1242,153.4,190516.91,1314,151.79,199456.87,8939.959999999992,4.692475854243066,On Budget
P0049,302,Equipment,Loader,hour,1453,113.19,164470.78,1381,113.56,156821.65,-7649.130000000005,-4.65075316113902,On Budget
P0049,303,Equipment,Compactor,hour,725,94.09,68215.79,918,104.42,95856.13,27640.34000000001,40.51897661817009,Over Budget
P0049,400,Fuel,Diesel,gallon,11552,3.56,41124.76,11863,3.59,42644.3,1519.5400000000009,3.69495165442911,On Budget
P0049,500,Subcontractor,Concrete Work,job,1,29844.54,29844.54,1,30878.95,30878.95,1034.4099999999999,3.4659941148364153,On Budget
P0049,501,Subcontractor,Utility Work,job,1,21264.32,21264.32,1,22266.68,22266.68,1002.3600000000006,4.71381168078735,On Budget
P0050,100,Labor,General Labor,hour,1642,29.86,49027.17,1743,29.84,52004.22,2977.050000000003,6.072245246870263,Watch
P0050,101,Labor,Equipment Operators,hour,1292,41.91,54149.64,1378,43.2,59529.66,5380.020000000004,9.935467715020827,Watch
P0050,102,Labor,Supervisors,hour,1277,51.92,66295.5,1201,52.6,63169.89,-3125.6100000000006,-4.714663891214337,On Budget
P0050,103,Labor,Skilled Labor,hour,930,44.55,41431.65,931,45.3,42171.54,739.8899999999994,1.7858086752518894,On Budget
P0050,200,Materials,Gravel,ton,2145,33.23,71281.85,2117,36.15,76525.22,5243.369999999995,7.355827605484419,Watch
P0050,201,Materials,Concrete,cubic_yard,801,155.72,124734.39,808,147.34,119048.69,-5685.699999999997,-4.558245725176511,On Budget
P0050,202,Materials,Asphalt,ton,2433,84.71,206103.48,2485,83.2,206749.83,646.3499999999767,0.31360460289170117,On Budget
P0050,203,Materials,Topsoil,cubic_yard,110,37.43,4117.73,113,38.2,4316.36,198.6300000000001,4.823774263975543,On Budget
P0050,300,Equipment,Excavator,hour,1011,142.47,144032.99,1019,149.0,151833.82,7800.830000000016,5.416002264481225,Watch
P0050,301,Equipment,Bulldozer,hour,174,160.02,27843.42,175,170.03,29755.27,1911.8500000000022,6.866433792975153,Watch
P0050,302,Equipment,Loader,hour,1226,122.88,150653.55,1309,126.63,165762.51,15108.960000000021,10.028943891464902,Over Budget
P0050,303,Equipment,Compactor,hour,798,89.44,71370.87,929,92.22,85674.82,14303.950000000012,20.041720102333084,Over Budget
P0050,400,Fuel,Diesel,gallon,5442,3.56,19399.98,6243,3.83,23927.58,4527.600000000002,23.33816838986433,Over Budget
P0050,500,Subcontractor,Concrete Work,job,1,26725.93,26725.93,1,25679.79,25679.79,-1046.1399999999994,-3.914325899978034,On Budget
P0050,501,Subcontractor,Utility Work,job,1,20760.44,20760.44,1,20106.38,20106.38,-654.0599999999977,-3.1505112608403176,On Budget
P0051,100,Labor,General Labor,hour,3509,34.38,120640.94,3628,35.0,126988.86,6347.919999999998,5.261829027525812,Watch
P0051,101,Labor,Equipment Operators,hour,4656,42.02,195634.29,4783,41.93,200534.59,4900.299999999988,2.504826735640254,On Budget
P0051,102,Labor,Supervisors,hour,3255,58.99,192009.79,3487,61.53,214540.68,22530.889999999985,11.734240217647226,Over Budget
P0051,103,Labor,Skilled Labor,hour,5597,45.12,252561.66,5491,44.11,242195.44,-10366.220000000001,-4.104431369353527,On Budget
P0051,200,Materials,Gravel,ton,6573,34.2,224788.05,6898,33.09,228262.84,3474.790000000008,1.5458072615514964,On Budget
P0051,201,Materials,Concrete,cubic_yard,816,148.32,121028.32,755,154.67,116776.75,-4251.570000000007,-3.512872028629338,On Budget
P0051,202,Materials,Asphalt,ton,405,86.4,34991.31,428,89.51,38312.34,3321.029999999999,9.491013625954556,Watch
P0051,203,Materials,Topsoil,cubic_yard,4238,39.03,165405.48,4098,38.19,156483.7,-8921.779999999999,-5.393884168771191,Under Budget
P0051,300,Equipment,Excavator,hour,162,145.0,23490.46,164,148.37,24332.41,841.9500000000007,3.584220998652222,On Budget
P0051,301,Equipment,Bulldozer,hour,1876,145.13,272258.09,2389,166.33,397356.36,125098.26999999996,45.94841240530261,Over Budget
P0051,302,Equipment,Loader,hour,3622,123.78,448322.8,4011,129.42,519113.72,70790.91999999998,15.790167263409307,Over Budget
P0051,303,Equipment,Compactor,hour,3086,99.59,307347.66,3046,101.19,308234.49,886.8300000000163,0.288542948399222,On Budget
P0051,400,Fuel,Diesel,gallon,10375,3.82,39632.41,11675,4.16,48534.39,8901.979999999996,22.461364322785304,Over Budget
P0051,500,Subcontractor,Concrete Work,job,3,26113.61,78340.82,3,26210.84,78632.51,291.6899999999878,0.3723346270820088,On Budget
P0051,501,Subcontractor,Utility Work,job,2,22103.02,44206.04,2,23524.92,47049.85,2843.8099999999977,6.43308018542262,Watch
P0052,100,Labor,General Labor,hour,5930,31.17,184859.98,7477,34.57,258443.12,73583.13999999998,39.804797122665484,Over Budget
P0052,101,Labor,Equipment Operators,hour,6765,43.52,294406.93,6984,45.78,319749.11,25342.179999999993,8.607874821424888,Watch
P0052,102,Labor,Supervisors,hour,4134,55.51,229459.66,4133,57.14,236147.86,6688.1999999999825,2.914760703471792,On Budget
P0052,103,Labor,Skilled Labor,hour,5755,45.47,261678.31,6100,44.53,271652.5,9974.190000000002,3.811622751614378,On Budget
P0052,200,Materials,Gravel,ton,6325,32.86,207836.77,7020,35.28,247695.38,39858.610000000015,19.177843266136215,Over Budget
P0052,201,Materials,Concrete,cubic_yard,2460,139.85,344036.42,2245,142.54,319998.13,-24038.28999999998,-6.98713525736606,Under Budget
P0052,202,Materials,Asphalt,ton,5294,85.77,454055.17,5379,81.98,440984.49,-13070.679999999993,-2.8786545916876123,On Budget
P0052,203,Materials,Topsoil,cubic_yard,2159,39.35,84966.22,2223,41.38,91994.48,7028.259999999995,8.27182849843149,Watch
P0052,300,Equipment,Excavator,hour,1740,141.88,246863.01,1823,142.14,259130.27,12267.25999999998,4.9692580512568405,On Budget
P0052,301,Equipment,Bulldozer,hour,1624,147.29,239193.84,1670,139.98,233764.86,-5428.9800000000105,-2.26969891866781,On Budget
P0052,302,Equipment,Loader,hour,953,112.77,107472.17,1085,121.66,131997.6,24525.430000000008,22.820261282525518,Over Budget
P0052,303,Equipment,Compactor,hour,1253,87.93,110172.14,1468,93.16,136754.3,26582.15999999999,24.127842120521567,Over Budget
P0052,400,Fuel,Diesel,gallon,13828,3.57,49302.88,12921,3.66,47238.1,-2064.779999999999,-4.187950075127455,On Budget
P0052,500,Subcontractor,Concrete Work,job,1,27477.58,27477.58,1,29138.28,29138.28,1660.699999999997,6.043836465947863,Watch
P0052,501,Subcontractor,Utility Work,job,3,20645.35,61936.05,3,21552.79,64658.38,2722.3299999999945,4.395388469235598,On Budget
P0053,100,Labor,General Labor,hour,11412,30.44,347362.83,12674,32.65,413790.68,66427.84999999998,19.12347674044456,Over Budget
P0053,101,Labor,Equipment Operators,hour,9331,39.39,367573.46,8367,43.89,367213.92,-359.54000000003725,-0.09781446135965237,On Budget
P0053,102,Labor,Supervisors,hour,12574,57.12,718168.15,14531,58.69,852865.8,134697.65000000002,18.75572593967026,Over Budget
P0053,103,Labor,Skilled Labor,hour,1595,47.26,75379.46,1677,46.36,77741.08,2361.6199999999953,3.132975481649769,On Budget
P0053,200,Materials,Gravel,ton,2429,35.22,85556.28,2327,36.81,85652.89,96.61000000000058,0.11291982306851185,On Budget
P0053,201,Materials,Concrete,cubic_yard,9603,156.5,1502853.77,10266,159.55,1637935.98,135082.20999999996,8.98838015357941,Watch
P0053,202,Materials,Asphalt,ton,455,95.38,43399.94,462,94.61,43709.58,309.6399999999994,0.7134572075445252,On Budget
P0053,203,Materials,Topsoil,cubic_yard,2822,38.4,108377.3,2814,36.3,102151.43,-6225.87000000001,-5.744625488916968,Under Budget
P0053,300,Equipment,Excavator,hour,1971,132.18,260524.51,2303,134.93,310739.83,50215.32000000001,19.27470087171453,Over Budget
P0053,301,Equipment,Bulldozer,hour,5674,156.78,889556.31,5809,171.17,994329.45,104773.1399999999,11.778134652318963,Over Budget
P0053,302,Equipment,Loader,hour,3320,112.51,373548.91,3244,113.67,368733.32,-4815.589999999967,-1.2891457774565498,On Budget
P0053,303,Equipment,Compactor,hour,1833,88.81,162781.86,2016,97.69,196934.59,34152.73000000001,20.98067315363027,Over Budget
P0053,400,Fuel,Diesel,gallon,2664,3.94,10483.97,3122,4.04,12624.15,2140.1800000000003,20.413831783189007,Over Budget
P0053,500,Subcontractor,Concrete Work,job,7,28496.95,199478.65,9,31408.52,282676.66,83198.00999999998,41.707726616357185,Over Budget
P0053,501,Subcontractor,Utility Work,job,2,22940.82,45881.65,2,23238.53,46477.06,595.4099999999962,1.2977083430957608,On Budget
P0054,100,Labor,General Labor,hour,6085,32.93,200383.56,5818,34.64,201555.0,1171.4400000000023,0.5845988563133634,On Budget
P0054,101,Labor,Equipment Operators,hour,7049,39.34,277339.35,8329,41.43,345096.74,67757.39000000001,24.43122117362719,Over Budget
P0054,102,Labor,Supervisors,hour,855,57.47,49136.03,937,57.74,54101.6,4965.57,10.10576149517981,Over Budget
P0054,103,Labor,Skilled Labor,hour,3315,44.52,147592.71,3897,45.66,177952.26,30359.550000000017,20.56981676127501,Over Budget
P0054,200,Materials,Gravel,ton,2763,34.02,93989.79,2818,34.46,97094.23,3104.4400000000023,3.302954501760247,On Budget
P0054,201,Materials,Concrete,cubic_yard,2975,155.95,463957.92,3318,164.3,545163.36,81205.44,17.50275973303786,Over Budget
P0054,202,Materials,Asphalt,ton,3026,94.44,285778.56,3218,93.0,299269.91,13491.349999999977,4.720910483977516,On Budget
P0054,203,Materials,Topsoil,cubic_yard,3833,37.48,143676.73,4212,38.27,161174.16,17497.429999999993,12.17833256644969,Over Budget
P0054,300,Equipment,Excavator,hour,480,136.23,65389.3,461,132.38,61026.44,-4362.860000000001,-6.672131373175734,Under Budget
P0054,301,Equipment,Bulldozer,hour,567,152.24,86318.97,756,170.1,128593.53,42274.56,48.9748197875855,Over Budget
P0054,302,Equipment,Loader,hour,3722,127.35,473997.46,3488,130.34,454641.12,-19356.340000000026,-4.08363791654074,On Budget
P0054,303,Equipment,Compactor,hour,1816,101.13,183644.86,2402,109.63,263331.73,79686.87,43.391832474919255,Over Budget
P0054,400,Fuel,Diesel,gallon,27178,4.12,112016.36,26789,4.53,121413.19,9396.830000000002,8.388801421506646,Watch
P0054,500,Subcontractor,Concrete Work,job,3,30068.03,90204.08,3,32589.95,97769.85,7565.770000000004,8.387392233255971,Watch
P0054,501,Subcontractor,Utility Work,job,3,22145.04,66435.11,3,22601.06,67803.19,1368.0800000000017,2.0592725743962816,On Budget
P0055,100,Labor,General Labor,hour,6329,31.72,200727.64,6900,33.71,232588.33,31860.689999999973,15.8725973164433,Over Budget
P0055,101,Labor,Equipment Operators,hour,2509,40.68,102055.56,2711,39.52,107137.33,5081.770000000004,4.979415134266085,On Budget
P0055,102,Labor,Supervisors,hour,10398,53.87,560152.71,13420,56.68,760667.86,200515.15000000002,35.796515203862896,Over Budget
P0055,103,Labor,Skilled Labor,hour,9490,45.42,431003.29,9491,46.33,439715.57,8712.280000000028,2.0213952427138153,On Budget
P0055,200,Materials,Gravel,ton,5336,34.55,184358.46,5429,36.62,198835.7,14477.24000000002,7.852766832615124,Watch
P0055,201,Materials,Concrete,cubic_yard,10425,140.74,1467232.7,10804,135.97,1469044.04,1811.3400000000838,0.12345281017796862,On Budget
P0055,202,Materials,Asphalt,ton,4663,85.88,400467.48,4496,92.34,415142.08,14674.600000000035,3.664367453756803,On Budget
P0055,203,Materials,Topsoil,cubic_yard,1352,37.55,50770.16,1279,39.99,51147.09,376.929999999993,0.7424242901735842,On Budget
P0055,300,Equipment,Excavator,hour,4939,143.02,706396.29,5021,147.28,739488.84,33092.54999999993,4.684700425026287,On Budget
P0055,301,Equipment,Bulldozer,hour,2106,153.05,322330.62,2301,161.19,370895.87,48565.25,15.066905527002058,Over Budget
P0055,302,Equipment,Loader,hour,5483,127.69,700102.31,5694,126.62,720977.85,20875.53999999992,2.9817841909420237,On Budget
P0055,303,Equipment,Compactor,hour,4617,99.65,460073.02,4643,105.74,490973.58,30900.559999999998,6.716446880540832,Watch
P0055,400,Fuel,Diesel,gallon,40513,3.71,150191.5,42333,3.7,156758.96,6567.459999999992,4.372724155494813,On Budget
P0055,500,Subcontractor,Concrete Work,job,4,27764.8,111059.2,4,28903.84,115615.35,4556.150000000009,4.102451665418092,On Budget
P0055,501,Subcontractor,Utility Work,job,2,23226.66,46453.31,2,24340.04,48680.08,2226.770000000004,4.79356584062579,On Budget
P0056,100,Labor,General Labor,hour,5790,33.54,194197.24,5657,34.22,193574.51,-622.7299999999814,-0.3206688210398775,On Budget
P0056,101,Labor,Equipment Operators,hour,16158,42.78,691171.92,18043,45.28,817061.22,125889.29999999993,18.213890980987756,Over Budget
P0056,102,Labor,Supervisors,hour,10020,56.92,570331.34,10847,61.16,663397.74,93066.40000000002,16.317952999040877,Over Budget
P0056,103,Labor,Skilled Labor,hour,15783,49.79,785811.88,15847,53.19,842897.09,57085.20999999996,7.264488034973454,Watch
P0056,200,Materials,Gravel,ton,11463,35.24,403914.17,11571,34.37,397722.78,-6191.389999999956,-1.5328479315296009,On Budget
P0056,201,Materials,Concrete,cubic_yard,9968,153.1,1526079.02,10098,161.12,1626984.24,100905.21999999997,6.612057349428732,Watch
P0056,202,Materials,Asphalt,ton,9751,96.36,939619.28,10008,99.45,995335.42,55716.140000000014,5.929650570814172,Watch
P0056,203,Materials,Topsoil,cubic_yard,9304,35.1,326602.4,10072,34.62,348712.07,22109.669999999984,6.769598141348619,Watch
P0056,300,Equipment,Excavator,hour,2097,128.63,269742.88,2091,127.35,266295.96,-3446.9199999999837,-1.2778539326042577,On Budget
P0056,301,Equipment,Bulldozer,hour,7783,161.82,1259431.25,7633,170.51,1301496.71,42065.45999999996,3.3400362266697736,On Budget
P0056,302,Equipment,Loader,hour,7796,113.04,881230.41,7536,116.18,875497.0,-5733.410000000033,-0.6506141793268383,On Budget
P0056,303,Equipment,Compactor,hour,6476,93.29,604121.04,6085,95.04,578322.07,-25798.97000000009,-4.27049685274992,On Budget
P0056,400,Fuel,Diesel,gallon,52305,3.7,193388.36,53949,3.67,197984.57,4596.210000000021,2.376673549535257,On Budget
P0056,500,Subcontractor,Concrete Work,job,7,27456.46,192195.22,7,28762.27,201335.9,9140.679999999993,4.7559351372005985,On Budget
P0056,501,Subcontractor,Utility Work,job,7,21128.45,147899.18,7,21264.1,148848.67,949.4900000000198,0.641984627636218,On Budget
P0057,100,Labor,General Labor,hour,8319,32.63,271420.39,8866,31.25,277048.19,5627.799999999988,2.0734624985248855,On Budget
P0057,101,Labor,Equipment Operators,hour,1204,39.28,47288.61,1505,43.6,65616.54,18327.929999999993,38.7575993458044,Over Budget
P0057,102,Labor,Supervisors,hour,1300,56.95,74030.81,1381,58.89,81321.86,7291.050000000003,9.84866976330531,Watch
P0057,103,Labor,Skilled Labor,hour,7935,47.9,380072.6,7906,50.71,400950.7,20878.100000000035,5.493187354205496,Watch
P0057,200,Materials,Gravel,ton,2299,36.43,83751.41,2308,35.01,80797.53,-2953.8800000000047,-3.526961516230001,On Budget
P0057,201,Materials,Concrete,cubic_yard,6663,146.09,973410.07,7059,157.0,1108230.32,134820.25000000012,13.850303603290248,Over Budget
P0057,202,Materials,Asphalt,ton,4572,95.67,437423.0,4269,102.69,438377.08,954.0800000000163,0.21811381660315443,On Budget
P0057,203,Materials,Topsoil,cubic_yard,3476,40.86,142030.29,3847,43.29,166525.26,24494.97,17.246300067401116,Over Budget
P0057,300,Equipment,Excavator,hour,3509,127.74,448223.5,3615,128.45,464356.53,16133.030000000028,3.5993271214026104,On Budget
P0057,301,Equipment,Bulldozer,hour,1118,152.24,170203.35,1126,160.86,181123.84,10920.48999999999,6.416142807999954,Watch
P0057,302,Equipment,Loader,hour,747,120.47,89988.73,771,123.08,94895.61,4906.880000000005,5.452771697078073,Watch
P0057,303,Equipment,Compactor,hour,3527,87.95,310187.94,3700,83.59,309283.22,-904.7200000000303,-0.2916683350100685,On Budget
P0057,400,Fuel,Diesel,gallon,10499,3.76,39443.74,10932,3.79,41436.6,1992.8600000000006,5.0524113585577854,Watch
P0057,500,Subcontractor,Concrete Work,job,1,26167.13,26167.13,1,27435.74,27435.74,1268.6100000000006,4.848105237372232,On Budget
P0057,501,Subcontractor,Utility Work,job,1,22130.53,22130.53,1,24576.61,24576.61,2446.0800000000017,11.05296619647158,Over Budget
P0058,100,Labor,General Labor,hour,7263,32.9,238966.69,7812,34.75,271461.41,32494.719999999972,13.598012342222246,Over Budget
P0058,101,Labor,Equipment Operators,hour,1296,41.06,53208.06,1289,41.4,53360.79,152.7300000000032,0.28704297807513224,On Budget
P0058,102,Labor,Supervisors,hour,2965,52.54,155780.67,3024,55.92,169096.26,13315.589999999997,8.547652285742508,Watch
P0058,103,Labor,Skilled Labor,hour,1170,49.65,58087.97,1197,51.55,61702.12,3614.1500000000015,6.221856263870129,Watch
P0058,200,Materials,Gravel,ton,2635,34.1,89862.66,2856,36.44,104073.35,14210.690000000002,15.813787395120512,Over Budget
P0058,201,Materials,Concrete,cubic_yard,1928,150.65,290456.24,1946,141.64,275638.47,-14817.770000000019,-5.101549892679193,Under Budget
P0058,202,Materials,Asphalt,ton,2326,88.45,205730.37,2808,97.77,274539.02,68808.65000000002,33.44603424375314,Over Budget
P0058,203,Materials,Topsoil,cubic_yard,163,36.68,5979.16,183,39.57,7241.14,1261.9800000000005,21.106309247452828,Over Budget
P0058,300,Equipment,Excavator,hour,1610,138.81,223487.0,1634,141.97,231985.55,8498.549999999988,3.802704407862645,On Budget
P0058,301,Equipment,Bulldozer,hour,2524,151.06,381276.71,2280,166.37,379325.13,-1951.5800000000163,-0.5118539760794768,On Budget
P0058,302,Equipment,Loader,hour,764,122.63,93687.01,810,124.13,100543.94,6856.930000000008,7.318976238007818,Watch
P0058,303,Equipment,Compactor,hour,1970,97.46,192004.28,2010,103.62,208273.48,16269.200000000012,8.473352781510918,Watch
P0058,400,Fuel,Diesel,gallon,14039,3.75,52663.81,13489,3.7,49911.66,-2752.149999999994,-5.225884720456029,Under Budget
P0058,500,Subcontractor,Concrete Work,job,2,26553.92,53107.85,2,29614.15,59228.3,6120.450000000004,11.524567460366038,Over Budget
P0058,501,Subcontractor,Utility Work,job,2,23439.9,46879.8,3,26725.96,80177.89,33298.09,71.02865199936859,Over Budget
P0059,100,Labor,General Labor,hour,8963,32.26,289142.22,9198,31.0,285093.45,-4048.7699999999604,-1.4002693899216658,On Budget
P0059,101,Labor,Equipment Operators,hour,9420,40.38,380345.67,9705,41.58,403502.23,23156.559999999998,6.088293314868025,Watch
P0059,102,Labor,Supervisors,hour,4928,51.36,253118.78,5075,51.53,261521.76,8402.98000000001,3.319777378825866,On Budget
P0059,103,Labor,Skilled Labor,hour,10315,49.25,508015.76,9690,49.55,480151.29,-27864.47000000003,-5.484961726384243,Under Budget
P0059,200,Materials,Gravel,ton,5710,34.13,194901.05,6064,35.82,217193.19,22292.140000000014,11.437670551287443,Over Budget
P0059,201,Materials,Concrete,cubic_yard,17387,140.03,2434728.07,21197,157.44,3337288.82,902560.75,37.07028974287055,Over Budget
P0059,202,Materials,Asphalt,ton,8028,96.68,776129.75,8152,95.69,780066.9,3937.1500000000233,0.5072798716967135,On Budget
P0059,203,Materials,Topsoil,cubic_yard,11032,36.52,402841.26,10527,38.29,403053.92,212.6599999999744,0.052790024537202176,On Budget
P0059,300,Equipment,Excavator,hour,5520,139.26,768742.1,6236,144.98,904102.73,135360.63,17.608067777216835,Over Budget
P0059,301,Equipment,Bulldozer,hour,6569,147.3,967620.12,6169,148.43,915661.48,-51958.640000000014,-5.369735387478302,Under Budget
P0059,302,Equipment,Loader,hour,4114,118.25,486471.78,4353,132.71,577689.63,91217.84999999998,18.750902673121136,Over Budget
P0059,303,Equipment,Compactor,hour,1642,88.4,145147.55,1477,93.16,137604.54,-7543.00999999998,-5.196787682602966,Under Budget
P0059,400,Fuel,Diesel,gallon,58451,3.78,221005.8,58011,3.83,221898.86,893.0599999999977,0.40408894246214244,On Budget
P0059,500,Subcontractor,Concrete Work,job,9,27527.59,247748.3,10,26615.28,266152.76,18404.46000000002,7.428692749859443,Watch
P0059,501,Subcontractor,Utility Work,job,8,20386.59,163092.7,9,21844.14,196597.26,33504.56,20.54326159294683,Over Budget
P0060,100,Labor,General Labor,hour,1427,33.92,48400.0,1716,38.58,66209.34,17809.339999999997,36.79615702479338,Over Budget
P0060,101,Labor,Equipment Operators,hour,1943,38.76,75307.91,1701,40.65,69139.75,-6168.1600000000035,-8.190587150805278,Under Budget
P0060,102,Labor,Supervisors,hour,919,56.6,52014.65,969,59.01,57177.59,5162.939999999995,9.925934328117165,Watch
P0060,103,Labor,Skilled Labor,hour,1184,46.34,54863.78,1336,46.99,62784.8,7921.020000000004,14.43761257427032,Over Budget
P0060,200,Materials,Gravel,ton,929,34.6,32142.13,1008,34.89,35167.35,3025.2199999999975,9.412008476102852,Watch
P0060,201,Materials,Concrete,cubic_yard,2006,139.6,280034.06,1963,135.89,266743.35,-13290.710000000021,-4.746104813107385,On Budget
P0060,202,Materials,Asphalt,ton,1271,91.1,115784.53,1333,90.0,119967.72,4183.190000000002,3.6129092548028674,On Budget
P0060,203,Materials,Topsoil,cubic_yard,647,37.81,24462.49,714,39.12,27931.53,3469.0399999999972,14.181058428639101,Over Budget
P0060,300,Equipment,Excavator,hour,71,136.07,9661.2,72,138.75,9989.82,328.619999999999,3.4014408148056035,On Budget
P0060,301,Equipment,Bulldozer,hour,63,152.93,9634.75,72,164.66,11855.74,2220.99,23.051869534756996,Over Budget
P0060,302,Equipment,Loader,hour,263,127.46,33521.94,275,127.19,34977.67,1455.729999999996,4.342618595463138,On Budget
P0060,303,Equipment,Compactor,hour,998,97.12,96923.06,1051,100.39,105511.25,8588.190000000002,8.860832499510439,Watch
P0060,400,Fuel,Diesel,gallon,4622,4.0,18499.65,4553,4.14,18834.72,335.0699999999997,1.8112234555788875,On Budget
P0060,500,Subcontractor,Concrete Work,job,1,28391.32,28391.32,1,29357.94,29357.94,966.619999999999,3.4046321199577867,On Budget
P0060,501,Subcontractor,Utility Work,job,1,23461.39,23461.39,1,23322.0,23322.0,-139.38999999999942,-0.5941250710209387,On Budget
P0061,100,Labor,General Labor,hour,7906,29.77,235363.55,9119,32.32,294687.61,59324.06,25.205287734655602,Over Budget
P0061,101,Labor,Equipment Operators,hour,7000,42.74,299208.82,7181,40.45,290437.04,-8771.780000000028,-2.9316582311978734,On Budget
P0061,102,Labor,Supervisors,hour,10177,51.04,519421.95,10118,52.84,534665.97,15244.01999999996,2.93480473822871,On Budget
P0061,103,Labor,Skilled Labor,hour,1399,46.56,65139.73,1408,45.48,64039.93,-1099.800000000003,-1.6883705228744468,On Budget
P0061,200,Materials,Gravel,ton,6915,34.54,238829.74,7619,34.55,263250.83,24421.090000000026,10.225313648124402,Over Budget
P0061,201,Materials,Concrete,cubic_yard,11611,153.4,1781076.59,10634,150.75,1603036.47,-178040.1200000001,-9.996207967676455,Under Budget
P0061,202,Materials,Asphalt,ton,1755,86.21,151295.8,1698,84.97,144286.9,-7008.899999999994,-4.632580679701615,On Budget
P0061,203,Materials,Topsoil,cubic_yard,12299,36.1,444025.75,13404,38.5,516043.81,72018.06,16.21934313494206,Over Budget
P0061,300,Equipment,Excavator,hour,3960,132.09,523072.14,4177,137.5,574338.93,51266.79000000004,9.801093592941127,Watch
P0061,301,Equipment,Bulldozer,hour,5912,163.04,963903.39,6086,163.57,995484.55,31581.160000000033,3.276382293872836,On Budget
P0061,302,Equipment,Loader,hour,5022,120.17,603477.33,6313,137.42,867530.32,264052.99,43.75524595099537,Over Budget
P0061,303,Equipment,Compactor,hour,3781,99.7,376978.17,3669,104.77,384396.13,7417.960000000021,1.9677425883838369,On Budget
P0061,400,Fuel,Diesel,gallon,5270,3.86,20346.63,6199,4.03,24967.13,4620.5,22.70892034700587,Over Budget
P0061,500,Subcontractor,Concrete Work,job,6,27496.56,164979.35,6,28682.54,172095.25,7115.899999999994,4.313206470991669,On Budget
P0061,501,Subcontractor,Utility Work,job,3,20613.44,61840.33,3,19670.88,59012.64,-2827.6900000000023,-4.572566155452279,On Budget
P0062,100,Labor,General Labor,hour,9893,33.12,327678.94,8861,34.02,301446.65,-26232.28999999998,-8.00548549137762,Under Budget
P0062,101,Labor,Equipment Operators,hour,13359,40.72,544009.17,14479,41.05,594430.56,50421.390000000014,9.268481632396014,Watch
P0062,102,Labor,Supervisors,hour,7648,54.0,412974.2,7395,55.58,410980.66,-1993.5400000000373,-0.4827274924196323,On Budget
P0062,103,Labor,Skilled Labor,hour,8721,49.81,434379.7,8152,53.62,437134.98,2755.2799999999697,0.6343022015071077,On Budget
P0062,200,Materials,Gravel,ton,3781,36.03,136222.61,3697,35.85,132526.05,-3696.5599999999977,-2.7136170713510763,On Budget
P0062,201,Materials,Concrete,cubic_yard,11279,140.71,1587032.99,11188,139.64,1562278.03,-24754.959999999963,-1.5598264280567957,On Budget
P0062,202,Materials,Asphalt,ton,6869,95.43,655490.68,6508,93.66,609523.75,-45966.93000000005,-7.01259856204211,Under Budget
P0062,203,Materials,Topsoil,cubic_yard,7647,36.06,275737.6,8332,36.95,307847.05,32109.45000000001,11.644929817333587,Over Budget
P0062,300,Equipment,Excavator,hour,350,144.43,50551.16,407,152.9,62230.17,11679.009999999995,23.10334718332872,Over Budget
P0062,301,Equipment,Bulldozer,hour,5265,155.26,817469.9,5529,162.45,898186.2,80716.29999999993,9.873917070218724,Watch
P0062,302,Equipment,Loader,hour,3944,112.54,443871.21,4576,119.56,547109.45,103238.23999999993,23.258602422085435,Over Budget
P0062,303,Equipment,Compactor,hour,3930,97.74,384136.34,4318,102.22,441378.02,57241.67999999999,14.901396728047128,Over Budget
P0062,400,Fuel,Diesel,gallon,48634,3.76,182934.7,48161,4.02,193578.61,10643.909999999974,5.818420452762639,Watch
P0062,500,Subcontractor,Concrete Work,job,8,26072.21,208577.71,11,29066.49,319731.4,111153.69000000003,53.29126012554267,Over Budget
P0062,501,Subcontractor,Utility Work,job,4,22897.81,91591.25,4,23421.99,93687.97,2096.720000000001,2.2892143081353304,On Budget
P0063,100,Labor,General Labor,hour,18582,33.87,629447.39,21649,36.93,799506.62,170059.22999999998,27.017226967928167,Over Budget
P0063,101,Labor,Equipment Operators,hour,13294,43.05,572300.36,14343,42.25,605969.58,33669.21999999997,5.883138008160605,Watch
P0063,102,Labor,Supervisors,hour,19582,56.36,1103560.89,19248,57.32,1103204.01,-356.87999999988824,-0.03233894959795904,On Budget
P0063,103,Labor,Skilled Labor,hour,13694,47.1,644978.64,14619,44.92,656724.1,11745.459999999963,1.8210618571802568,On Budget
P0063,200,Materials,Gravel,ton,12230,31.31,382867.92,14775,35.63,526474.77,143606.85000000003,37.50819603794437,Over Budget
P0063,201,Materials,Concrete,cubic_yard,3669,149.89,549956.49,3595,157.41,565905.53,15949.040000000037,2.900054875250229,On Budget
P0063,202,Materials,Asphalt,ton,20354,86.01,1750658.48,21128,90.57,1913487.89,162829.40999999992,9.301037972866068,Watch
P0063,203,Materials,Topsoil,cubic_yard,9512,36.74,349473.75,8554,37.62,321812.29,-27661.46000000002,-7.915175317173327,Under Budget
P0063,300,Equipment,Excavator,hour,10848,144.35,1565957.37,12198,143.14,1745966.65,180009.2799999998,11.495158389911966,Over Budget
P0063,301,Equipment,Bulldozer,hour,10138,163.69,1659495.82,11477,173.57,1992073.02,332577.19999999995,20.04085795166389,Over Budget
P0063,302,Equipment,Loader,hour,9569,116.02,1110159.86,10697,121.62,1300950.44,190790.57999999984,17.18586546625815,Over Budget
P0063,303,Equipment,Compactor,hour,1869,97.62,182449.34,1808,104.74,189368.04,6918.700000000012,3.7921211444228913,On Budget
P0063,400,Fuel,Diesel,gallon,32149,3.83,123230.55,34705,3.85,133738.4,10507.849999999991,8.526984582962578,Watch
P0063,500,Subcontractor,Concrete Work,job,10,27322.45,273224.5,10,25394.87,253948.75,-19275.75,-7.054912718295761,Under Budget
P0063,501,Subcontractor,Utility Work,job,9,23129.36,208164.22,9,25087.46,225787.11,17622.889999999985,8.465859310500136,Watch
P0064,100,Labor,General Labor,hour,1204,32.97,39699.41,1300,33.03,42936.45,3237.0399999999936,8.153874327099555,Watch
P0064,101,Labor,Equipment Operators,hour,533,43.18,23016.01,593,45.41,26928.37,3912.3600000000006,16.998428485215296,Over Budget
P0064,102,Labor,Supervisors,hour,332,50.92,16905.62,354,50.21,17773.72,868.1000000000022,5.134978782203801,Watch
P0064,103,Labor,Skilled Labor,hour,1056,50.76,53597.51,1031,51.43,53022.3,-575.2099999999991,-1.0732028409528709,On Budget
P0064,200,Materials,Gravel,ton,2058,34.64,71280.59,2371,39.17,92869.63,21589.040000000008,30.287403625587288,Over Budget
P0064,201,Materials,Concrete,cubic_yard,765,148.16,113341.1,761,154.94,117905.61,4564.509999999995,4.027232839631868,On Budget
P0064,202,Materials,Asphalt,ton,1670,92.08,153781.91,2232,97.41,217420.23,63638.32000000001,41.38218858121869,Over Budget
P0064,203,Materials,Topsoil,cubic_yard,1936,39.73,76922.78,1956,38.79,75868.49,-1054.2899999999936,-1.3705822904476328,On Budget
P0064,300,Equipment,Excavator,hour,1166,130.74,152440.36,1170,124.26,145378.61,-7061.75,-4.632467412173522,On Budget
P0064,301,Equipment,Bulldozer,hour,1244,153.89,191435.53,1197,142.72,170832.41,-20603.119999999995,-10.762432658138223,Under Budget
P0064,302,Equipment,Loader,hour,76,115.85,8804.44,74,127.88,9463.42,658.9799999999996,7.484632753474378,Watch
P0064,303,Equipment,Compactor,hour,508,93.3,47395.94,519,98.17,50949.72,3553.779999999999,7.4980683999515545,Watch
P0064,400,Fuel,Diesel,gallon,700,3.55,2487.79,741,3.54,2624.32,136.5300000000002,5.488003408647844,Watch
P0064,500,Subcontractor,Concrete Work,job,1,29886.81,29886.81,1,30514.78,30514.78,627.9699999999975,2.101161013838538,On Budget
P0064,501,Subcontractor,Utility Work,job,1,21672.02,21672.02,1,24275.23,24275.23,2603.209999999999,12.01184753428614,Over Budget
P0065,100,Labor,General Labor,hour,4772,29.63,141415.53,5334,30.09,160506.6,19091.070000000007,13.499981225541498,Over Budget
P0065,101,Labor,Equipment Operators,hour,6822,38.93,265581.17,7331,38.95,285576.13,19994.96000000002,7.5287566509327535,Watch
P0065,102,Labor,Supervisors,hour,9266,53.02,491318.37,9370,49.9,467544.25,-23774.119999999995,-4.838842073012657,On Budget
P0065,103,Labor,Skilled Labor,hour,9386,48.22,452549.79,9075,50.51,458372.49,5822.700000000012,1.2866429570103242,On Budget
P0065,200,Materials,Gravel,ton,1655,35.02,57966.21,1918,36.6,70192.9,12226.689999999995,21.092788367567923,Over Budget
P0065,201,Materials,Concrete,cubic_yard,4579,133.65,611985.74,4745,134.28,637146.48,25160.73999999999,4.111327822769202,On Budget
P0065,202,Materials,Asphalt,ton,6754,96.18,649630.78,6933,97.45,675630.47,25999.689999999944,4.002225695032483,On Budget
P0065,203,Materials,Topsoil,cubic_yard,1189,37.87,45028.03,1374,41.39,56869.46,11841.43,26.297908214061334,Over Budget
P0065,300,Equipment,Excavator,hour,3847,135.59,521600.81,4123,142.32,586792.39,65191.580000000016,12.498366327306895,Over Budget
P0065,301,Equipment,Bulldozer,hour,4506,154.3,695263.39,4631,154.43,715179.45,19916.05999999994,2.8645345471160133,On Budget
P0065,302,Equipment,Loader,hour,4312,127.51,549827.67,4340,127.57,553648.58,3820.909999999916,0.6949286491892843,On Budget
P0065,303,Equipment,Compactor,hour,4503,91.04,409938.42,4681,97.37,455811.3,45872.880000000005,11.190188028728805,Over Budget
P0065,400,Fuel,Diesel,gallon,28687,3.74,107236.78,30985,3.68,113988.39,6751.610000000001,6.295983523563464,Watch
P0065,500,Subcontractor,Concrete Work,job,1,29633.15,29633.15,1,28880.86,28880.86,-752.2900000000009,-2.538677123424276,On Budget
P0065,501,Subcontractor,Utility Work,job,5,20704.76,103523.82,5,20895.94,104479.72,955.8999999999942,0.9233623720608397,On Budget
P0066,100,Labor,General Labor,hour,2613,31.21,81559.26,2546,31.49,80183.91,-1375.3499999999913,-1.6863198611659687,On Budget
P0066,101,Labor,Equipment Operators,hour,3018,43.03,129850.92,2781,42.24,117467.71,-12383.209999999992,-9.536482298315631,Under Budget
P0066,102,Labor,Supervisors,hour,3073,51.79,159137.69,2606,48.91,127459.09,-31678.600000000006,-19.90640934903605,Under Budget
P0066,103,Labor,Skilled Labor,hour,1638,45.51,74545.41,1811,49.75,90096.94,15551.529999999999,20.861821002795473,Over Budget
P0066,200,Materials,Gravel,ton,409,35.4,14478.76,421,36.28,15273.25,794.4899999999998,5.487279297398395,Watch
P0066,201,Materials,Concrete,cubic_yard,868,138.61,120313.29,932,136.35,127082.14,6768.850000000006,5.626020201093334,Watch
P0066,202,Materials,Asphalt,ton,2010,97.52,196014.84,2355,101.76,239641.97,43627.130000000005,22.257054618925796,Over Budget
P0066,203,Materials,Topsoil,cubic_yard,1565,37.63,58885.88,1656,38.21,63272.04,4386.1600000000035,7.448576806528159,Watch
P0066,300,Equipment,Excavator,hour,1416,143.04,202542.77,1870,161.37,301763.82,99221.05000000002,48.987702696077484,Over Budget
P0066,301,Equipment,Bulldozer,hour,218,145.26,31667.52,236,154.54,36472.59,4805.069999999996,15.173496377360765,Over Budget
P0066,302,Equipment,Loader,hour,1523,118.82,180967.04,1567,126.57,198333.7,17366.660000000003,9.596587312253106,Watch
P0066,303,Equipment,Compactor,hour,917,92.62,84929.09,969,93.22,90331.58,5402.490000000005,6.3611773068568205,Watch
P0066,400,Fuel,Diesel,gallon,4993,3.63,18124.49,5243,3.61,18907.46,782.9699999999975,4.319956037383658,On Budget
P0066,500,Subcontractor,Concrete Work,job,2,29252.4,58504.79,3,32749.26,98247.78,39742.99,67.93117281508061,Over Budget
P0066,501,Subcontractor,Utility Work,job,1,20437.13,20437.13,1,20956.77,20956.77,519.6399999999994,2.5426270714136443,On Budget
P0067,100,Labor,General Labor,hour,3478,31.69,110231.51,3587,33.13,118841.52,8610.01000000001,7.810842834322064,Watch
P0067,101,Labor,Equipment Operators,hour,4060,40.35,163809.18,3980,42.9,170744.05,6934.869999999995,4.233505106368273,On Budget
P0067,102,Labor,Supervisors,hour,7446,54.2,403553.68,7467,55.64,415485.13,11931.450000000012,2.9565955141333395,On Budget
P0067,103,Labor,Skilled Labor,hour,1281,47.6,60975.96,1244,52.15,64874.82,3898.8600000000006,6.394093672325947,Watch
P0067,200,Materials,Gravel,ton,6849,36.68,251219.48,7017,38.93,273184.91,21965.429999999964,8.743521800140643,Watch
P0067,201,Materials,Concrete,cubic_yard,7384,153.27,1131770.83,7565,160.16,1211583.03,79812.19999999995,7.051975354409863,Watch
P0067,202,Materials,Asphalt,ton,3157,98.8,311907.34,3255,98.56,320828.63,8921.289999999979,2.860237274313576,On Budget
P0067,203,Materials,Topsoil,cubic_yard,5312,40.41,214638.91,5504,41.07,226068.01,11429.100000000006,5.324803410527944,Watch
P0067,300,Equipment,Excavator,hour,3608,137.82,497243.81,4002,134.47,538167.78,40923.97000000003,8.23016177918837,Watch
P0067,301,Equipment,Bulldozer,hour,486,148.97,72397.32,423,148.91,62988.67,-9408.650000000009,-12.995853990175338,Under Budget
P0067,302,Equipment,Loader,hour,826,118.88,98197.77,796,122.51,97519.47,-678.3000000000029,-0.6907488836049972,On Budget
P0067,303,Equipment,Compactor,hour,1551,100.59,156012.22,1443,109.24,157632.48,1620.2600000000093,1.0385468522914483,On Budget
P0067,400,Fuel,Diesel,gallon,8823,4.04,35671.91,8374,4.24,35514.76,-157.15000000000146,-0.4405427127395238,On Budget
P0067,500,Subcontractor,Concrete Work,job,1,28341.19,28341.19,1,27595.01,27595.01,-746.1800000000003,-2.632846397769467,On Budget
P0067,501,Subcontractor,Utility Work,job,4,21471.31,85885.23,4,22795.53,91182.12,5296.889999999999,6.167405035766918,Watch
P0068,100,Labor,General Labor,hour,6378,32.29,205946.97,6138,33.62,206365.98,419.0100000000093,0.20345528754320072,On Budget
P0068,101,Labor,Equipment Operators,hour,5943,43.38,257832.63,6367,42.04,267678.44,9845.809999999998,3.818682685740745,On Budget
P0068,102,Labor,Supervisors,hour,3598,52.31,188218.66,3697,53.1,196308.66,8090.0,4.298192325883098,On Budget
P0068,103,Labor,Skilled Labor,hour,4492,44.97,202013.24,4072,46.19,188102.11,-13911.130000000005,-6.886246663832532,Under Budget
P0068,200,Materials,Gravel,ton,3462,32.9,113910.04,3443,32.18,110808.46,-3101.579999999987,-2.722832860035856,On Budget
P0068,201,Materials,Concrete,cubic_yard,2121,149.26,316571.3,2358,152.3,359126.63,42555.330000000016,13.442573600323218,Over Budget
P0068,202,Materials,Asphalt,ton,6736,93.17,627621.16,7099,93.88,666451.12,38829.95999999996,6.1868468551952525,Watch
P0068,203,Materials,Topsoil,cubic_yard,349,37.08,12940.75,385,40.87,15736.13,2795.379999999999,21.601375499874422,Over Budget
P0068,300,Equipment,Excavator,hour,2989,141.75,423698.02,3234,152.41,492887.85,69189.82999999996,16.32998662585205,Over Budget
P0068,301,Equipment,Bulldozer,hour,1313,158.12,207617.34,1480,167.67,248148.4,40531.06,19.52200138967198,Over Budget
P0068,302,Equipment,Loader,hour,2400,120.25,288606.87,2371,121.65,288437.42,-169.45000000001164,-0.05871308607449699,On Budget
P0068,303,Equipment,Compactor,hour,502,93.99,47184.7,454,96.47,43798.8,-3385.899999999994,-7.17584301691013,Under Budget
P0068,400,Fuel,Diesel,gallon,22446,4.07,91449.41,22620,4.13,93398.59,1949.179999999993,2.1314298255177295,On Budget
P0068,500,Subcontractor,Concrete Work,job,3,27748.47,83245.42,3,28760.25,86280.75,3035.3300000000017,3.64624264013564,On Budget
P0068,501,Subcontractor,Utility Work,job,3,22095.56,66286.69,3,23154.02,69462.06,3175.3699999999953,4.790358366061112,On Budget
P0069,100,Labor,General Labor,hour,6918,31.65,218955.39,7087,33.83,239763.09,20807.699999999983,9.50316865915015,Watch
P0069,101,Labor,Equipment Operators,hour,22829,38.68,882947.68,30417,43.61,1326458.9,443511.21999999986,50.23074753421402,Over Budget
P0069,102,Labor,Supervisors,hour,13196,57.23,755230.43,13914,59.42,826755.05,71524.62,9.470569134773871,Watch
P0069,103,Labor,Skilled Labor,hour,20475,45.45,930626.86,21033,46.19,971527.34,40900.47999999998,4.39493869755704,On Budget
P0069,200,Materials,Gravel,ton,12253,34.96,428398.62,12295,34.91,429272.55,873.929999999993,0.20399925658023663,On Budget
P0069,201,Materials,Concrete,cubic_yard,25682,155.69,3998394.17,25491,159.49,4065552.19,67158.02000000002,1.6796247979723324,On Budget
P0069,202,Materials,Asphalt,ton,23578,92.85,2189107.87,24529,95.97,2353973.59,164865.71999999974,7.531183011095736,Watch
P0069,203,Materials,Topsoil,cubic_yard,18379,36.73,675093.83,20616,38.5,793734.94,118641.10999999999,17.574017822085562,Over Budget
P0069,300,Equipment,Excavator,hour,11218,127.23,1427238.92,11460,129.5,1484126.02,56887.10000000009,3.9858147926627514,On Budget
P0069,301,Equipment,Bulldozer,hour,1537,160.37,246485.67,1584,164.93,261253.75,14768.079999999987,5.991455811609652,Watch
P0069,302,Equipment,Loader,hour,12521,127.37,1594777.62,13094,133.97,1754219.44,159441.81999999983,9.997746268849687,Watch
P0069,303,Equipment,Compactor,hour,2655,91.53,243012.03,2722,102.54,279114.95,36102.92000000001,14.856433239128124,Over Budget
P0069,400,Fuel,Diesel,gallon,91211,4.13,376596.22,95684,4.21,403068.84,26472.620000000054,7.029443896170825,Watch
P0069,500,Subcontractor,Concrete Work,job,5,29309.91,146549.55,5,30870.49,154352.45,7802.900000000023,5.324410753905436,Watch
P0069,501,Subcontractor,Utility Work,job,13,22216.4,288813.23,13,21289.78,276767.11,-12046.119999999995,-4.170903112714052,On Budget
P0070,100,Labor,General Labor,hour,19064,33.38,636367.15,20136,31.39,632092.98,-4274.170000000042,-0.6716515772380837,On Budget
P0070,101,Labor,Equipment Operators,hour,15274,43.91,670650.79,16411,47.02,771636.36,100985.56999999995,15.057847020503761,Over Budget
P0070,102,Labor,Supervisors,hour,19019,58.79,1118195.37,18307,62.2,1138622.52,20427.149999999907,1.8267961528046666,On Budget
P0070,103,Labor,Skilled Labor,hour,17009,47.44,806962.13,18477,47.67,880781.09,73818.95999999996,9.147760130949386,Watch
P0070,200,Materials,Gravel,ton,3271,33.76,110433.88,3412,34.95,119244.39,8810.509999999995,7.978086072860968,Watch
P0070,201,Materials,Concrete,cubic_yard,6053,153.7,930331.67,6729,153.67,1034021.33,103689.65999999992,11.145450955141612,Over Budget
P0070,202,Materials,Asphalt,ton,18998,91.4,1736341.86,19540,95.44,1864887.33,128545.46999999997,7.403235097954728,Watch
P0070,203,Materials,Topsoil,cubic_yard,2432,38.44,93490.73,2495,40.99,102269.42,8778.690000000002,9.389904218311273,Watch
P0070,300,Equipment,Excavator,hour,2814,138.79,390566.07,2939,133.34,391891.98,1325.9099999999744,0.3394841748541993,On Budget
P0070,301,Equipment,Bulldozer,hour,8182,143.31,1172550.63,7696,140.67,1082586.29,-89964.33999999985,-7.6725335092779625,Under Budget
P0070,302,Equipment,Loader,hour,4116,116.97,481435.49,4432,115.03,509797.44,28361.95000000001,5.891121570617906,Watch
P0070,303,Equipment,Compactor,hour,1286,101.86,130993.54,1232,108.21,133319.75,2326.2100000000064,1.7758203954179774,On Budget
P0070,400,Fuel,Diesel,gallon,34871,3.68,128319.96,40391,3.72,150355.62,22035.65999999999,17.172433657242404,Over Budget
P0070,500,Subcontractor,Concrete Work,job,8,27422.56,219380.44,9,29088.37,261795.36,42414.919999999984,19.333957029168136,Over Budget
P0070,501,Subcontractor,Utility Work,job,6,21587.94,129527.64,6,23028.38,138170.3,8642.659999999989,6.672444584028543,Watch
P0071,100,Labor,General Labor,hour,1142,34.27,39140.06,1507,39.41,59384.79,20244.730000000003,51.72380931454884,Over Budget
P0071,101,Labor,Equipment Operators,hour,2053,44.09,90508.83,2188,43.43,95015.39,4506.559999999998,4.979138499525402,On Budget
P0071,102,Labor,Supervisors,hour,855,52.15,44587.52,901,52.66,47449.63,2862.1100000000006,6.419083187403114,Watch
P0071,103,Labor,Skilled Labor,hour,1957,50.67,99160.95,2019,52.17,105325.61,6164.6600000000035,6.216822247063994,Watch
P0071,200,Materials,Gravel,ton,1395,32.89,45880.54,1415,35.17,49759.09,3878.5499999999956,8.45358402494826,Watch
P0071,201,Materials,Concrete,cubic_yard,133,148.21,19712.49,178,169.88,30238.22,10525.73,53.396247759669116,Over Budget
P0071,202,Materials,Asphalt,ton,470,94.6,44460.33,542,99.12,53721.17,9260.839999999997,20.82944503560814,Over Budget
P0071,203,Materials,Topsoil,cubic_yard,1571,37.23,58483.76,1760,38.31,67420.66,8936.900000000001,15.280994245240048,Over Budget
P0071,300,Equipment,Excavator,hour,678,125.08,84807.33,730,128.27,93637.43,8830.099999999991,10.411953778051958,Over Budget
P0071,301,Equipment,Bulldozer,hour,1114,143.75,160134.49,1182,142.23,168111.21,7976.720000000001,4.981262937172374,On Budget
P0071,302,Equipment,Loader,hour,748,112.7,84300.98,810,118.11,95672.4,11371.419999999998,13.489072131783045,Over Budget
P0071,303,Equipment,Compactor,hour,68,100.94,6863.59,71,105.04,7457.77,594.1800000000003,8.65698562996916,Watch
P0071,400,Fuel,Diesel,gallon,2106,3.61,7602.38,2173,3.65,7939.93,337.5500000000002,4.440056929540488,On Budget
P0071,500,Subcontractor,Concrete Work,job,1,29531.38,29531.38,1,28688.01,28688.01,-843.3700000000026,-2.8558435129005235,On Budget
P0071,501,Subcontractor,Utility Work,job,1,22797.27,22797.27,1,22827.18,22827.18,29.909999999999854,0.13119991999041927,On Budget
P0072,100,Labor,General Labor,hour,5321,31.09,165429.75,5430,32.12,174429.27,8999.51999999999,5.4400855952451055,Watch
P0072,101,Labor,Equipment Operators,hour,19468,42.15,820629.74,20168,42.75,862230.81,41601.070000000065,5.069408037783284,Watch
P0072,102,Labor,Supervisors,hour,5281,55.7,294155.74,5385,60.64,326527.26,32371.52000000002,11.004891490473726,Over Budget
P0072,103,Labor,Skilled Labor,hour,7140,45.46,324591.29,7511,49.43,371245.03,46653.74000000005,14.373072056246503,Over Budget
P0072,200,Materials,Gravel,ton,15386,32.05,493119.38,14759,32.98,486714.89,-6404.489999999991,-1.2987706952421927,On Budget
P0072,201,Materials,Concrete,cubic_yard,9781,153.0,1496484.87,10507,149.89,1574944.14,78459.26999999979,5.24290432685763,Watch
P0072,202,Materials,Asphalt,ton,2441,85.13,207811.59,2633,89.04,234432.54,26620.95000000001,12.810137297924534,Over Budget
P0072,203,Materials,Topsoil,cubic_yard,7313,35.0,255952.62,7161,33.07,236816.0,-19136.619999999995,-7.476625947411672,Under Budget
P0072,300,Equipment,Excavator,hour,3190,136.77,436290.84,3761,153.12,575867.9,139577.06,31.991746606460953,Over Budget
P0072,301,Equipment,Bulldozer,hour,1826,158.47,289359.69,2249,169.2,380533.25,91173.56,31.508728807388476,Over Budget
P0072,302,Equipment,Loader,hour,1503,121.29,182294.41,1523,120.68,183794.7,1500.2900000000081,0.8230038430690266,On Budget
P0072,303,Equipment,Compactor,hour,7441,94.43,702674.87,6890,92.03,634066.59,-68608.28000000003,-9.763872728222092,Under Budget
P0072,400,Fuel,Diesel,gallon,72909,3.89,283568.04,76850,4.22,324165.58,40597.54000000004,14.316683925311203,Over Budget
P0072,500,Subcontractor,Concrete Work,job,3,28780.41,86341.22,3,31634.82,94904.45,8563.229999999996,9.917893214851487,Watch
P0072,501,Subcontractor,Utility Work,job,5,21805.54,109027.7,6,24905.02,149430.13,40402.43000000001,37.05703229546254,Over Budget
P0073,100,Labor,General Labor,hour,5146,31.72,163243.4,5264,33.62,176983.81,13740.410000000003,8.417130493483965,Watch
P0073,101,Labor,Equipment Operators,hour,14515,43.14,626181.11,15852,47.58,754312.81,128131.70000000007,20.462402642583722,Over Budget
P0073,102,Labor,Supervisors,hour,2697,51.31,138389.43,2754,53.09,146215.59,7826.1600000000035,5.655171785879893,Watch
P0073,103,Labor,Skilled Labor,hour,19300,50.61,976855.5,19238,47.42,912340.72,-64514.78000000003,-6.604331961073058,Under Budget
P0073,200,Materials,Gravel,ton,20531,32.9,675554.09,21868,32.49,710501.54,34947.45000000007,5.17315349241688,Watch
P0073,201,Materials,Concrete,cubic_yard,15217,150.79,2294582.19,15690,157.45,2470423.71,175841.52000000002,7.6633349969477464,Watch
P0073,202,Materials,Asphalt,ton,7216,94.04,678578.63,7026,89.95,631982.38,-46596.25,-6.866742915260978,Under Budget
P0073,203,Materials,Topsoil,cubic_yard,20403,38.0,775350.95,19010,37.74,717432.15,-57918.79999999993,-7.470010838317788,Under Budget
P0073,300,Equipment,Excavator,hour,11407,137.24,1565466.51,11337,137.97,1564205.69,-1260.8200000000652,-0.08053957027800392,On Budget
P0073,301,Equipment,Bulldozer,hour,10276,159.49,1638885.81,10997,158.59,1743987.57,105101.76000000001,6.413000793508609,Watch
P0073,302,Equipment,Loader,hour,5673,123.27,699335.54,5801,117.59,682141.04,-17194.5,-2.45869100260513,On Budget
P0073,303,Equipment,Compactor,hour,10145,91.04,923562.18,10111,101.53,1026557.96,102995.77999999991,11.15201360887254,Over Budget
P0073,400,Fuel,Diesel,gallon,46420,3.77,174785.5,51519,4.02,207290.67,32505.170000000013,18.597177683503503,Over Budget
P0073,500,Subcontractor,Concrete Work,job,2,28587.03,57174.07,2,29547.28,59094.55,1920.4800000000032,3.359005227369686,On Budget
P0073,501,Subcontractor,Utility Work,job,8,23248.69,185989.5,8,22503.95,180031.56,-5957.940000000002,-3.2033743840378097,On Budget
P0074,100,Labor,General Labor,hour,4163,31.51,131195.7,4835,32.24,155857.04,24661.339999999997,18.797369121091617,Over Budget
P0074,101,Labor,Equipment Operators,hour,5286,43.09,227762.23,4611,42.57,196281.14,-31481.089999999997,-13.821909804799503,Under Budget
P0074,102,Labor,Supervisors,hour,2875,57.02,163943.83,3301,62.01,204687.21,40743.380000000005,24.852036212646738,Over Budget
P0074,103,Labor,Skilled Labor,hour,2808,50.81,142686.17,3742,53.96,201904.54,59218.369999999995,41.502529642501436,Over Budget
P0074,200,Materials,Gravel,ton,5997,32.64,195744.77,5713,33.34,190486.48,-5258.289999999979,-2.686299102652898,On Budget
P0074,201,Materials,Concrete,cubic_yard,5324,142.86,760601.95,5358,151.19,810082.78,49480.830000000075,6.505482927042204,Watch
P0074,202,Materials,Asphalt,ton,2793,84.85,236996.28,2566,82.08,210623.91,-26372.369999999995,-11.127756942007695,Under Budget
P0074,203,Materials,Topsoil,cubic_yard,1831,37.57,68799.34,1954,35.92,70188.14,1388.800000000003,2.018624015869924,On Budget
P0074,300,Equipment,Excavator,hour,3608,140.38,506497.57,3890,144.81,563318.78,56821.21000000002,11.218456586079972,Over Budget
P0074,301,Equipment,Bulldozer,hour,252,153.41,38658.37,236,145.4,34315.52,-4342.850000000006,-11.233919071083456,Under Budget
P0074,302,Equipment,Loader,hour,3476,112.2,390012.0,3491,127.24,444194.33,54182.330000000016,13.892477667353829,Over Budget
P0074,303,Equipment,Compactor,hour,3411,93.23,318019.9,4028,92.54,372757.14,54737.23999999999,17.211891457106926,Over Budget
P0074,400,Fuel,Diesel,gallon,30655,3.71,113777.43,39593,4.08,161396.7,47619.27000000002,41.853001953023565,Over Budget
P0074,500,Subcontractor,Concrete Work,job,4,30162.41,120649.63,4,28843.4,115373.6,-5276.029999999999,-4.373017969470771,On Budget
P0074,501,Subcontractor,Utility Work,job,2,22991.54,45983.08,2,23425.17,46850.33,867.25,1.8860198142447178,On Budget
P0075,100,Labor,General Labor,hour,5961,30.94,184413.02,6510,32.64,212478.55,28065.53,15.218844092461584,Over Budget
P0075,101,Labor,Equipment Operators,hour,7699,43.21,332656.52,7714,46.7,360244.8,27588.27999999997,8.29332309494489,Watch
P0075,102,Labor,Supervisors,hour,8274,56.26,465523.96,9297,61.76,574215.88,108691.91999999998,23.34829769019837,Over Budget
P0075,103,Labor,Skilled Labor,hour,2107,46.59,98158.63,2047,48.03,98318.68,160.04999999998836,0.16305239793993492,On Budget
P0075,200,Materials,Gravel,ton,10013,31.8,318383.55,11543,33.26,383891.11,65507.56,20.57504541299323,Over Budget
P0075,201,Materials,Concrete,cubic_yard,15396,134.27,2067168.39,15417,132.61,2044414.28,-22754.10999999987,-1.100738097102959,On Budget
P0075,202,Materials,Asphalt,ton,15717,97.72,1535924.36,19845,108.94,2161928.45,626004.0900000001,40.75748170307033,Over Budget
P0075,203,Materials,Topsoil,cubic_yard,3548,35.84,127168.27,3752,38.15,143149.75,15981.479999999996,12.567191485737753,Over Budget
P0075,300,Equipment,Excavator,hour,2928,127.9,374497.65,3773,144.33,544572.56,170074.91000000003,45.41414612348035,Over Budget
P0075,301,Equipment,Bulldozer,hour,6561,165.26,1084279.86,6881,178.22,1226301.98,142022.11999999988,13.098289956248,Over Budget
P0075,302,Equipment,Loader,hour,2289,129.25,295859.16,2457,140.15,344339.29,48480.130000000005,16.38621903746364,Over Budget
P0075,303,Equipment,Compactor,hour,7387,90.96,671898.48,8169,92.91,759012.39,87113.91000000003,12.965338156442924,Over Budget
P0075,400,Fuel,Diesel,gallon,5296,4.11,21743.01,5312,4.18,22199.3,456.2900000000009,2.0985594910732273,On Budget
P0075,500,Subcontractor,Concrete Work,job,3,29365.17,88095.52,3,31816.69,95450.06,7354.539999999994,8.348370041972615,Watch
P0075,501,Subcontractor,Utility Work,job,3,21939.49,65818.47,3,23110.93,69332.8,3514.3300000000017,5.339428279022592,Watch
P0076,100,Labor,General Labor,hour,3718,30.14,112065.54,3837,31.67,121511.8,9446.26000000001,8.429228110621704,Watch
P0076,101,Labor,Equipment Operators,hour,3237,45.1,145984.54,3131,44.16,138269.72,-7714.820000000007,-5.284682884913709,Under Budget
P0076,102,Labor,Supervisors,hour,3938,57.07,224748.91,3968,56.23,223108.42,-1640.4899999999907,-0.7299212263142858,On Budget
P0076,103,Labor,Skilled Labor,hour,837,50.47,42239.94,960,51.7,49635.11,7395.169999999998,17.507529603498483,Over Budget
P0076,200,Materials,Gravel,ton,3641,35.87,130588.55,3175,37.38,118679.32,-11909.229999999996,-9.119658653074865,Under Budget
P0076,201,Materials,Concrete,cubic_yard,1685,152.04,256180.17,1630,159.13,259385.65,3205.4799999999814,1.2512600018963143,On Budget
P0076,202,Materials,Asphalt,ton,1420,89.59,127221.65,1588,90.29,143383.3,16161.649999999994,12.703537487526686,Over Budget
P0076,203,Materials,Topsoil,cubic_yard,1229,35.02,43045.59,1139,37.71,42955.45,-90.13999999999942,-0.20940588803638055,On Budget
P0076,300,Equipment,Excavator,hour,2150,143.09,307637.81,2099,150.97,316891.64,9253.830000000016,3.008027524315043,On Budget
P0076,301,Equipment,Bulldozer,hour,2196,155.83,342203.26,2726,178.3,486055.21,143851.95,42.03698994568316,Over Budget
P0076,302,Equipment,Loader,hour,2391,112.36,268661.07,2350,118.35,278121.79,9460.719999999972,3.5214331573978965,On Budget
P0076,303,Equipment,Compactor,hour,1320,98.21,129633.26,1373,97.66,134085.57,4452.310000000012,3.434542956028424,On Budget
P0076,400,Fuel,Diesel,gallon,19639,3.94,77454.85,18732,3.94,73897.45,-3557.4000000000087,-4.592869265126727,On Budget
P0076,500,Subcontractor,Concrete Work,job,2,27228.42,54456.83,2,26666.45,53332.91,-1123.9199999999983,-2.0638733470163397,On Budget
P0076,501,Subcontractor,Utility Work,job,1,23541.95,23541.95,1,24461.19,24461.19,919.239999999998,3.9046892886952773,On Budget
P0077,100,Labor,General Labor,hour,2682,30.51,81832.45,2799,30.29,84786.23,2953.779999999999,3.6095460908233825,On Budget
P0077,101,Labor,Equipment Operators,hour,519,40.87,21209.31,582,42.34,24642.35,3433.0399999999972,16.18647659919157,Over Budget
P0077,102,Labor,Supervisors,hour,1854,58.79,109002.28,2029,58.52,118734.43,9732.149999999994,8.92839122264231,Watch
P0077,103,Labor,Skilled Labor,hour,2447,51.02,124840.97,2134,53.86,114935.61,-9905.36,-7.93438243871383,Under Budget
P0077,200,Materials,Gravel,ton,2730,32.53,88805.76,2572,32.38,83284.17,-5521.5899999999965,-6.217603452749007,Under Budget
P0077,201,Materials,Concrete,cubic_yard,1823,136.52,248876.27,1840,143.6,264231.32,15355.050000000017,6.169752544105559,Watch
P0077,202,Materials,Asphalt,ton,2410,86.31,208007.49,2545,90.45,230199.27,22191.78,10.668740822746335,Over Budget
P0077,203,Materials,Topsoil,cubic_yard,1275,40.76,51972.48,1294,42.41,54876.14,2903.659999999996,5.586918307535057,Watch
P0077,300,Equipment,Excavator,hour,367,137.74,50549.05,381,138.37,52719.9,2170.8499999999985,4.294541638270152,On Budget
P0077,301,Equipment,Bulldozer,hour,92,154.57,14220.59,89,164.53,14643.1,422.5100000000002,2.9711144193032792,On Budget
P0077,302,Equipment,Loader,hour,1334,121.82,162512.02,1301,122.75,159700.76,-2811.25999999998,-1.7298781960866527,On Budget
P0077,303,Equipment,Compactor,hour,467,100.15,46770.56,586,110.84,64951.37,18180.810000000005,38.87233764145652,Over Budget
P0077,400,Fuel,Diesel,gallon,7462,3.83,28615.15,7431,3.79,28178.07,-437.08000000000175,-1.5274426309140499,On Budget
P0077,500,Subcontractor,Concrete Work,job,1,28855.46,28855.46,1,30585.25,30585.25,1729.7900000000009,5.994671372419642,Watch
P0077,501,Subcontractor,Utility Work,job,1,20367.45,20367.45,1,21055.99,21055.99,688.5400000000009,3.3805901082364302,On Budget
P0078,100,Labor,General Labor,hour,8300,33.44,277552.3,8847,32.57,288167.71,10615.410000000033,3.824652146640483,On Budget
P0078,101,Labor,Equipment Operators,hour,6135,44.66,273981.66,7059,47.34,334149.78,60168.12000000005,21.96063780327488,Over Budget
P0078,102,Labor,Supervisors,hour,19549,51.71,1010888.89,19079,58.24,1111191.07,100302.18000000005,9.922176511406713,Watch
P0078,103,Labor,Skilled Labor,hour,12006,49.7,596755.63,12158,50.89,618712.61,21956.97999999998,3.679392182692936,On Budget
P0078,200,Materials,Gravel,ton,21852,34.65,757155.51,21469,34.34,737191.87,-19963.640000000014,-2.6366631076884075,On Budget
P0078,201,Materials,Concrete,cubic_yard,14749,154.51,2278804.02,14731,155.79,2294971.82,16167.799999999814,0.7094861979399095,On Budget
P0078,202,Materials,Asphalt,ton,1667,97.42,162401.36,1556,99.82,155316.66,-7084.6999999999825,-4.362463467054699,On Budget
P0078,203,Materials,Topsoil,cubic_yard,7708,36.97,284951.43,9073,41.39,375501.58,90550.15000000002,31.777397993756352,Over Budget
P0078,300,Equipment,Excavator,hour,1721,129.18,222325.42,1805,139.48,251763.37,29437.949999999983,13.24092854519289,Over Budget
P0078,301,Equipment,Bulldozer,hour,7765,156.66,1216479.7,7817,154.05,1204181.41,-12298.290000000037,-1.0109737137413832,On Budget
P0078,302,Equipment,Loader,hour,8637,118.76,1025699.28,9360,120.7,1129709.22,104009.93999999994,10.14039319594725,Over Budget
P0078,303,Equipment,Compactor,hour,9060,102.31,926937.59,9398,106.38,999800.28,72862.69000000006,7.860582070039911,Watch
P0078,400,Fuel,Diesel,gallon,35305,3.61,127358.31,34955,3.58,125238.68,-2119.6300000000047,-1.6643044336879194,On Budget
P0078,500,Subcontractor,Concrete Work,job,5,26513.81,132569.03,5,24971.04,124855.21,-7713.819999999992,-5.818719500323712,Under Budget
P0078,501,Subcontractor,Utility Work,job,5,20630.84,103154.21,5,20862.12,104310.58,1156.3699999999953,1.1210109601925071,On Budget
P0079,100,Labor,General Labor,hour,1248,29.69,37055.19,1517,33.14,50268.89,13213.699999999997,35.659512203283796,Over Budget
P0079,101,Labor,Equipment Operators,hour,4935,41.69,205720.01,5447,40.58,221015.55,15295.539999999979,7.435125051763306,Watch
P0079,102,Labor,Supervisors,hour,890,54.04,48094.38,941,57.03,53666.64,5572.260000000002,11.586093842981244,Over Budget
P0079,103,Labor,Skilled Labor,hour,1849,46.06,85162.23,1844,45.47,83855.69,-1306.5399999999936,-1.5341777687127187,On Budget
P0079,200,Materials,Gravel,ton,1472,33.99,50029.49,1580,32.4,51194.07,1164.5800000000017,2.3277870711854187,On Budget
P0079,201,Materials,Concrete,cubic_yard,3992,144.54,576999.4,3805,147.34,560618.51,-16380.890000000014,-2.8389786887126767,On Budget
P0079,202,Materials,Asphalt,ton,5786,94.2,545021.8,6268,97.14,608898.25,63876.44999999995,11.71998074205471,Over Budget
P0079,203,Materials,Topsoil,cubic_yard,4018,36.05,144849.39,4228,37.58,158904.45,14055.059999999998,9.703223465421564,Watch
P0079,300,Equipment,Excavator,hour,529,143.71,76023.28,536,151.94,81438.84,5415.559999999998,7.123554784797497,Watch
P0079,301,Equipment,Bulldozer,hour,1497,162.06,242598.59,1695,176.14,298558.92,55960.32999999999,23.067046679867342,Over Budget
P0079,302,Equipment,Loader,hour,2727,128.76,351122.39,3096,116.47,360576.84,9454.450000000012,2.692636604575405,On Budget
P0079,303,Equipment,Compactor,hour,882,89.3,78758.54,939,93.42,87721.5,8962.960000000006,11.380302377367594,Over Budget
P0079,400,Fuel,Diesel,gallon,16567,4.15,68741.92,16719,4.34,72570.22,3828.300000000003,5.5690908836994995,Watch
P0079,500,Subcontractor,Concrete Work,job,1,26529.99,26529.99,1,28346.37,28346.37,1816.3799999999974,6.84651596174743,Watch
P0079,501,Subcontractor,Utility Work,job,1,22153.26,22153.26,1,21639.15,21639.15,-514.109999999997,-2.320696818436641,On Budget
P0080,100,Labor,General Labor,hour,19195,32.3,620001.31,18394,32.69,601338.68,-18662.630000000005,-3.0100952528632563,On Budget
P0080,101,Labor,Equipment Operators,hour,15947,41.32,658886.2,15795,40.51,639886.7,-18999.5,-2.8835783781782047,On Budget
P0080,102,Labor,Supervisors,hour,16928,55.67,942329.45,18494,56.9,1052291.01,109961.56000000006,11.669120603203059,Over Budget
P0080,103,Labor,Skilled Labor,hour,2908,50.92,148066.47,3769,57.9,218235.17,70168.70000000001,47.38999991017548,Over Budget
P0080,200,Materials,Gravel,ton,3037,33.65,102205.62,3091,36.03,111380.98,9175.36,8.977353691509334,Watch
P0080,201,Materials,Concrete,cubic_yard,20071,152.73,3065531.36,20384,161.76,3297309.82,231778.45999999996,7.5607923319368675,Watch
P0080,202,Materials,Asphalt,ton,14053,99.36,1396245.6,15563,104.93,1632994.33,236748.72999999998,16.956094973549064,Over Budget
P0080,203,Materials,Topsoil,cubic_yard,17206,40.84,702772.24,16818,41.53,698381.35,-4390.890000000014,-0.6247955952272694,On Budget
P0080,300,Equipment,Excavator,hour,6500,139.09,904069.86,5878,154.98,910990.78,6920.920000000042,0.7655293364165511,On Budget
P0080,301,Equipment,Bulldozer,hour,4212,149.48,629602.18,4181,146.66,613184.42,-16417.76000000001,-2.6076402721477248,On Budget
P0080,302,Equipment,Loader,hour,4591,121.67,558600.51,6041,134.6,813113.89,254513.38,45.56268307023207,Over Budget
P0080,303,Equipment,Compactor,hour,8946,98.09,877486.55,9445,99.9,943523.99,66037.43999999994,7.5257495399786976,Watch
P0080,400,Fuel,Diesel,gallon,81441,4.14,337104.42,73965,4.39,324746.1,-12358.320000000007,-3.6660213473320837,On Budget
P0080,500,Subcontractor,Concrete Work,job,5,29376.31,146881.53,5,29434.98,147174.89,293.36000000001513,0.19972558837044735,On Budget
P0080,501,Subcontractor,Utility Work,job,12,21494.41,257932.93,12,22891.82,274701.88,16768.95000000001,6.501283104875369,Watch
P0081,100,Labor,General Labor,hour,1631,29.45,48029.87,1735,30.94,53678.48,5648.610000000001,11.76061896482335,Over Budget
P0081,101,Labor,Equipment Operators,hour,9793,44.61,436821.74,10290,44.26,455386.5,18564.76000000001,4.249962467527374,On Budget
P0081,102,Labor,Supervisors,hour,4495,54.76,246163.82,4540,57.7,261977.69,15813.869999999995,6.424124390009871,Watch
P0081,103,Labor,Skilled Labor,hour,8214,46.22,379658.06,7045,46.97,330907.36,-48750.70000000001,-12.840686169022728,Under Budget
P0081,200,Materials,Gravel,ton,2123,33.1,70262.71,2097,34.04,71376.36,1113.6499999999942,1.5849801409595417,On Budget
P0081,201,Materials,Concrete,cubic_yard,7678,134.63,1033694.24,8091,129.03,1044009.33,10315.089999999967,0.9978859899615932,On Budget
P0081,202,Materials,Asphalt,ton,2817,99.14,279273.38,2737,97.39,266544.43,-12728.950000000012,-4.557881599742879,On Budget
P0081,203,Materials,Topsoil,cubic_yard,9169,38.83,356015.86,8912,40.59,361725.86,5710.0,1.6038611313552154,On Budget
P0081,300,Equipment,Excavator,hour,4335,128.6,557487.77,4706,135.2,636244.29,78756.52000000002,14.127039952822646,Over Budget
P0081,301,Equipment,Bulldozer,hour,2813,158.44,445692.87,2818,157.61,444139.97,-1552.9000000000233,-0.3484237923752344,On Budget
P0081,302,Equipment,Loader,hour,3199,128.91,412382.58,3462,132.06,457202.0,44819.419999999984,10.868407681042196,Over Budget
P0081,303,Equipment,Compactor,hour,461,101.2,46652.65,477,111.37,53124.68,6472.029999999999,13.87280250961092,Over Budget
P0081,400,Fuel,Diesel,gallon,32363,3.64,117732.68,31072,3.71,115181.13,-2551.5499999999884,-2.1672402259083787,On Budget
P0081,500,Subcontractor,Concrete Work,job,3,27177.93,81533.78,4,30613.32,122453.27,40919.490000000005,50.187161689302286,Over Budget
P0081,501,Subcontractor,Utility Work,job,1,23528.57,23528.57,1,25690.6,25690.6,2162.029999999999,9.188956234909298,Watch
P0082,100,Labor,General Labor,hour,18166,33.88,615491.01,17647,32.07,565895.73,-49595.28000000003,-8.057839869992582,Under Budget
P0082,101,Labor,Equipment Operators,hour,4323,38.79,167687.75,4962,41.21,204487.36,36799.609999999986,21.94531800921653,Over Budget
P0082,102,Labor,Supervisors,hour,17922,56.45,1011751.7,17925,58.14,1042178.38,30426.68000000005,3.0073267976718054,On Budget
P0082,103,Labor,Skilled Labor,hour,8136,51.6,419783.73,8238,54.7,450621.41,30837.679999999993,7.346087472232426,Watch
P0082,200,Materials,Gravel,ton,16497,31.54,520369.38,18500,33.39,617788.27,97418.89000000001,18.7211034592389,Over Budget
P0082,201,Materials,Concrete,cubic_yard,5337,141.67,756094.17,6025,153.5,924842.22,168748.04999999993,22.318390578252963,Over Budget
P0082,202,Materials,Asphalt,ton,12816,86.23,1105081.41,13293,94.48,1255948.7,150867.29000000004,13.652142605493658,Over Budget
P0082,203,Materials,Topsoil,cubic_yard,7746,38.74,300089.64,7799,38.27,298429.32,-1660.320000000007,-0.5532746815251626,On Budget
P0082,300,Equipment,Excavator,hour,4127,136.66,564006.11,4530,142.52,645595.67,81589.56000000006,14.466077326715496,Over Budget
P0082,301,Equipment,Bulldozer,hour,9185,160.81,1477002.13,9244,165.26,1527693.14,50691.01000000001,3.4320201014198948,On Budget
P0082,302,Equipment,Loader,hour,8296,121.82,1010625.26,8714,126.83,1105208.31,94583.05000000005,9.358864630001436,Watch
P0082,303,Equipment,Compactor,hour,8170,89.16,728403.47,8277,92.27,763735.2,35331.72999999998,4.850571346124969,On Budget
P0082,400,Fuel,Diesel,gallon,8640,3.64,31491.99,7790,3.84,29946.38,-1545.6100000000006,-4.907946433362898,On Budget
P0082,500,Subcontractor,Concrete Work,job,4,26911.32,107645.29,4,27361.9,109447.59,1802.300000000003,1.6742952710703858,On Budget
P0082,501,Subcontractor,Utility Work,job,7,23028.0,161195.98,7,22724.85,159073.93,-2122.0500000000175,-1.3164410179459918,On Budget
P0083,100,Labor,General Labor,hour,6265,30.47,190923.78,5913,30.82,182224.23,-8699.549999999988,-4.556556548377571,On Budget
P0083,101,Labor,Equipment Operators,hour,4559,40.53,184759.72,4409,39.4,173720.28,-11039.440000000002,-5.975025292309385,Under Budget
P0083,102,Labor,Supervisors,hour,11339,53.19,603085.81,11238,52.39,588705.7,-14380.110000000102,-2.3844218785383298,On Budget
P0083,103,Labor,Skilled Labor,hour,3194,44.3,141504.44,3329,44.33,147562.77,6058.329999999987,4.281370959102052,On Budget
P0083,200,Materials,Gravel,ton,13109,34.21,448410.15,13719,33.98,466227.59,17817.440000000002,3.9734693784250874,On Budget
P0083,201,Materials,Concrete,cubic_yard,9965,148.61,1480863.97,13308,157.02,2089648.27,608784.3,41.11007576205667,Over Budget
P0083,202,Materials,Asphalt,ton,6206,90.57,562064.48,7754,101.91,790243.83,228179.34999999998,40.59665004983058,Over Budget
P0083,203,Materials,Topsoil,cubic_yard,13521,40.31,544987.35,13239,41.45,548809.42,3822.070000000065,0.7013135259011177,On Budget
P0083,300,Equipment,Excavator,hour,4158,127.54,530328.04,4039,120.86,488157.42,-42170.62000000005,-7.951799041212312,Under Budget
P0083,301,Equipment,Bulldozer,hour,4814,164.99,794268.31,5552,169.46,940840.82,146572.5099999999,18.453777917943103,Over Budget
P0083,302,Equipment,Loader,hour,1129,126.61,142948.12,1181,131.62,155447.1,12498.98000000001,8.74371765085124,Watch
P0083,303,Equipment,Compactor,hour,3039,91.35,277600.74,2809,92.44,259659.27,-17941.47,-6.463048333372599,Under Budget
P0083,400,Fuel,Diesel,gallon,58863,3.88,228165.32,60889,4.16,253371.69,25206.369999999995,11.047415093582142,Over Budget
P0083,500,Subcontractor,Concrete Work,job,8,28021.84,224174.71,8,26891.49,215131.93,-9042.779999999999,-4.033809166074085,On Budget
P0083,501,Subcontractor,Utility Work,job,4,22164.12,88656.49,4,22575.39,90301.55,1645.0599999999977,1.8555437960605,On Budget
P0084,100,Labor,General Labor,hour,22893,32.45,742959.37,25018,33.99,850401.75,107442.38,14.461407223385581,Over Budget
P0084,101,Labor,Equipment Operators,hour,23632,42.0,992472.4,26564,44.45,1180667.12,188194.7200000001,18.962211946649607,Over Budget
P0084,102,Labor,Supervisors,hour,22227,54.07,1201908.28,23287,55.12,1283681.54,81773.26000000001,6.803618991625552,Watch
P0084,103,Labor,Skilled Labor,hour,2631,51.06,134346.5,2760,49.99,137962.81,3616.3099999999977,2.6917783492684944,On Budget
P0084,200,Materials,Gravel,ton,1102,31.63,34851.89,1320,33.27,43921.19,9069.300000000003,26.022405097686246,Over Budget
P0084,201,Materials,Concrete,cubic_yard,1312,137.35,180206.51,1253,141.7,177547.76,-2658.75,-1.4753906504265577,On Budget
P0084,202,Materials,Asphalt,ton,10065,97.95,985894.82,11234,96.37,1082566.99,96672.17000000004,9.805525705064568,Watch
P0084,203,Materials,Topsoil,cubic_yard,10491,38.9,408131.84,11040,43.43,479484.27,71352.43,17.482691377374522,Over Budget
P0084,300,Equipment,Excavator,hour,778,141.28,109915.2,940,148.43,139521.23,29606.030000000013,26.93533742375942,Over Budget
P0084,301,Equipment,Bulldozer,hour,4914,144.17,708433.6,4682,133.59,625469.33,-82964.27000000002,-11.710945104805873,Under Budget
P0084,302,Equipment,Loader,hour,4604,122.45,563751.14,5047,128.61,649112.71,85361.56999999995,15.141711287714637,Over Budget
P0084,303,Equipment,Compactor,hour,11143,100.53,1120160.18,11758,97.64,1148104.0,27943.820000000065,2.4946271523417365,On Budget
P0084,400,Fuel,Diesel,gallon,52012,3.98,207205.77,55141,4.14,228184.2,20978.430000000022,10.124442963147224,Over Budget
P0084,500,Subcontractor,Concrete Work,job,2,25901.66,51803.32,2,27509.74,55019.49,3216.1699999999983,6.20842447935769,Watch
P0084,501,Subcontractor,Utility Work,job,10,23557.96,235579.62,11,25087.24,275959.67,40380.04999999999,17.140722953878605,Over Budget
P0085,100,Labor,General Labor,hour,1751,32.81,57442.38,1825,32.92,60071.08,2628.7000000000044,4.5762379622849965,On Budget
P0085,101,Labor,Equipment Operators,hour,3349,45.21,151402.58,2857,44.24,126405.34,-24997.23999999999,-16.51044519849001,Under Budget
P0085,102,Labor,Supervisors,hour,1250,54.35,67937.27,1238,53.74,66532.98,-1404.2900000000081,-2.067039196600052,On Budget
P0085,103,Labor,Skilled Labor,hour,1856,49.8,92424.5,2364,56.08,132562.45,40137.95000000001,43.42782487327496,Over Budget
P0085,200,Materials,Gravel,ton,2941,36.35,106898.63,2865,37.99,108827.12,1928.4899999999907,1.8040362163668426,On Budget
P0085,201,Materials,Concrete,cubic_yard,4682,152.7,714962.93,4630,147.89,684722.12,-30240.810000000056,-4.229703209927269,On Budget
P0085,202,Materials,Asphalt,ton,4461,90.79,405003.69,4590,91.92,421929.75,16926.059999999998,4.179235996590549,On Budget
P0085,203,Materials,Topsoil,cubic_yard,1606,36.47,58576.42,1664,34.75,57820.95,-755.4700000000012,-1.2897169202214838,On Budget
P0085,300,Equipment,Excavator,hour,2729,142.48,388836.11,2790,142.24,396845.99,8009.880000000005,2.0599630008642986,On Budget
P0085,301,Equipment,Bulldozer,hour,2146,151.01,324070.21,2377,163.35,388290.07,64219.859999999986,19.816650225270624,Over Budget
P0085,302,Equipment,Loader,hour,1130,125.99,142368.75,1137,122.42,139191.64,-3177.109999999986,-2.231606304051968,On Budget
P0085,303,Equipment,Compactor,hour,1420,87.64,124455.68,1560,90.19,140702.9,16247.220000000001,13.054623139739386,Over Budget
P0085,400,Fuel,Diesel,gallon,8970,4.14,37101.78,8362,4.43,37075.93,-25.849999999998545,-0.06967320705367383,On Budget
P0085,500,Subcontractor,Concrete Work,job,1,25863.7,25863.7,1,26320.09,26320.09,456.3899999999994,1.7645967127673123,On Budget
P0085,501,Subcontractor,Utility Work,job,3,21974.21,65922.64,3,21404.01,64212.03,-1710.6100000000006,-2.5948748411774782,On Budget
P0086,100,Labor,General Labor,hour,12237,30.88,377925.51,11590,31.6,366208.91,-11716.600000000035,-3.100240573863361,On Budget
P0086,101,Labor,Equipment Operators,hour,11016,42.71,470470.33,11938,45.68,545344.15,74873.82,15.914674151715372,Over Budget
P0086,102,Labor,Supervisors,hour,5742,51.36,294913.27,5713,48.44,276746.4,-18166.869999999995,-6.160072078140124,Under Budget
P0086,103,Labor,Skilled Labor,hour,4928,48.98,241362.57,4955,47.89,237281.17,-4081.399999999994,-1.690982988787364,On Budget
P0086,200,Materials,Gravel,ton,6259,34.19,213972.08,6135,35.04,214984.66,1012.5800000000163,0.4732299653300638,On Budget
P0086,201,Materials,Concrete,cubic_yard,10424,133.59,1392560.45,9856,142.05,1400026.97,7466.520000000019,0.5361720563010401,On Budget
P0086,202,Materials,Asphalt,ton,4825,96.39,465084.54,4532,94.51,428326.99,-36757.54999999999,-7.903412570970428,Under Budget
P0086,203,Materials,Topsoil,cubic_yard,8949,35.01,313312.21,9778,36.23,354260.8,40948.58999999997,13.069580020516906,Over Budget
P0086,300,Equipment,Excavator,hour,4183,145.63,609180.44,4277,144.37,617454.14,8273.70000000007,1.3581690180334862,On Budget
P0086,301,Equipment,Bulldozer,hour,4067,146.18,594495.2,4178,149.01,622575.98,28080.780000000028,4.723466228154581,On Budget
P0086,302,Equipment,Loader,hour,3488,122.07,425789.88,3925,126.85,497870.51,72080.63,16.928685576087435,Over Budget
P0086,303,Equipment,Compactor,hour,6627,99.32,658164.33,7070,103.39,730936.23,72771.90000000002,11.056797927654333,Over Budget
P0086,400,Fuel,Diesel,gallon,15159,3.82,57914.34,16718,4.03,67387.07,9472.73000000001,16.356449887886164,Over Budget
P0086,500,Subcontractor,Concrete Work,job,3,26200.99,78602.96,3,26938.21,80814.64,2211.679999999993,2.813736276598226,On Budget
P0086,501,Subcontractor,Utility Work,job,7,23460.55,164223.87,8,25681.28,205450.26,41226.390000000014,25.103774500016357,Over Budget
P0087,100,Labor,General Labor,hour,23456,34.12,800330.0,23771,33.88,805395.95,5065.949999999953,0.6329826446590723,On Budget
P0087,101,Labor,Equipment Operators,hour,11409,39.88,455005.49,11855,40.21,476646.97,21641.47999999998,4.756311841424151,On Budget
P0087,102,Labor,Supervisors,hour,9148,55.87,511074.67,8226,57.69,474516.84,-36557.82999999996,-7.153128915584871,Under Budget
P0087,103,Labor,Skilled Labor,hour,6018,46.76,281400.99,7358,51.58,379548.46,98147.47000000003,34.878153769110774,Over Budget
P0087,200,Materials,Gravel,ton,21716,35.02,760479.48,23774,36.92,877714.93,117235.45000000007,15.415991237528207,Over Budget
P0087,201,Materials,Concrete,cubic_yard,5260,134.05,705082.56,5836,140.26,818586.15,113503.58999999997,16.09791483142059,Over Budget
P0087,202,Materials,Asphalt,ton,3186,97.33,310093.93,3256,107.75,350829.95,40736.02000000002,13.136671201529168,Over Budget
P0087,203,Materials,Topsoil,cubic_yard,18056,35.0,631888.56,17976,37.08,666545.8,34657.23999999999,5.4847076199638725,Watch
P0087,300,Equipment,Excavator,hour,1788,133.29,238324.22,1806,134.78,243406.04,5081.820000000007,2.1323137027365524,On Budget
P0087,301,Equipment,Bulldozer,hour,2256,162.36,366293.87,2904,176.43,512359.9,146066.03000000003,39.876733399879186,Over Budget
P0087,302,Equipment,Loader,hour,9506,128.92,1225477.03,10565,139.85,1477510.45,252033.41999999993,20.56614802482262,Over Budget
P0087,303,Equipment,Compactor,hour,3669,90.67,332667.62,3749,93.49,350481.94,17814.320000000007,5.354990666058815,Watch
P0087,400,Fuel,Diesel,gallon,31206,3.79,118193.24,36080,4.1,147842.51,29649.270000000004,25.085419436847662,Over Budget
P0087,500,Subcontractor,Concrete Work,job,12,25879.18,310550.15,12,25218.31,302619.73,-7930.420000000042,-2.5536680629521644,On Budget
P0087,501,Subcontractor,Utility Work,job,11,20915.96,230075.54,11,21444.1,235885.15,5809.609999999986,2.5250880645547915,On Budget
P0088,100,Labor,General Labor,hour,14773,33.55,495702.28,14797,32.49,480797.17,-14905.110000000044,-3.0068673478766414,On Budget
P0088,101,Labor,Equipment Operators,hour,11012,43.2,475707.14,10251,42.9,439809.07,-35898.07000000001,-7.546254193283709,Under Budget
P0088,102,Labor,Supervisors,hour,4656,56.71,264022.39,4470,61.18,273458.99,9436.599999999977,3.5741665697367466,On Budget
P0088,103,Labor,Skilled Labor,hour,6226,49.99,311266.75,7179,49.23,353457.9,42191.15000000002,13.554660110660718,Over Budget
P0088,200,Materials,Gravel,ton,7150,35.1,250954.94,7349,38.57,283425.41,32470.469999999972,12.938765022916055,Over Budget
P0088,201,Materials,Concrete,cubic_yard,8696,148.3,1289632.59,9941,156.99,1560670.93,271038.33999999985,21.016709883238903,Over Budget
P0088,202,Materials,Asphalt,ton,2124,98.65,209532.58,2294,92.67,212590.07,3057.49000000002,1.4591955103115803,On Budget
P0088,203,Materials,Topsoil,cubic_yard,1229,35.21,43273.91,1315,36.55,48057.95,4784.039999999994,11.055252460431685,Over Budget
P0088,300,Equipment,Excavator,hour,5342,135.69,724877.71,6102,135.51,826902.26,102024.55000000005,14.07472579064406,Over Budget
P0088,301,Equipment,Bulldozer,hour,8500,144.83,1231095.95,9386,157.37,1477057.73,245961.78000000003,19.97909098799326,Over Budget
P0088,302,Equipment,Loader,hour,2971,123.53,367009.87,3046,121.06,368742.97,1733.0999999999767,0.47222163262257133,On Budget
P0088,303,Equipment,Compactor,hour,1271,100.66,127942.83,1258,107.36,135059.45,7116.62000000001,5.562343743686152,Watch
P0088,400,Fuel,Diesel,gallon,12507,3.57,44619.52,13034,3.42,44525.84,-93.68000000000029,-0.20995295332625788,On Budget
P0088,500,Subcontractor,Concrete Work,job,1,28092.16,28092.16,1,29385.82,29385.82,1293.6599999999999,4.605057069303322,On Budget
P0088,501,Subcontractor,Utility Work,job,7,23705.95,165941.64,8,24985.75,199885.99,33944.34999999998,20.455595111630796,Over Budget
P0089,100,Labor,General Labor,hour,13180,32.84,432813.38,11295,34.42,388719.56,-44093.82000000001,-10.187721091247228,Under Budget
P0089,101,Labor,Equipment Operators,hour,27520,44.87,1234910.8,28930,45.47,1315439.6,80528.80000000005,6.521021599292844,Watch
P0089,102,Labor,Supervisors,hour,20519,53.2,1091643.99,22005,56.16,1235877.24,144233.25,13.212480563374879,Over Budget
P0089,103,Labor,Skilled Labor,hour,7215,50.49,364310.98,7276,52.74,383728.52,19417.540000000037,5.329935430439137,Watch
P0089,200,Materials,Gravel,ton,23859,32.73,780864.75,24773,32.4,802685.09,21820.339999999967,2.794381485398075,On Budget
P0089,201,Materials,Concrete,cubic_yard,23273,150.07,3492532.03,25168,158.2,3981700.98,489168.9500000002,14.006140696725414,Over Budget
P0089,202,Materials,Asphalt,ton,22148,95.65,2118384.95,23590,102.94,2428251.29,309866.33999999985,14.627480241492455,Over Budget
P0089,203,Materials,Topsoil,cubic_yard,23760,39.84,946573.59,29124,41.97,1222311.24,275737.65,29.130080631131918,Over Budget
P0089,300,Equipment,Excavator,hour,1913,137.19,262445.37,1936,134.32,260048.37,-2397.0,-0.913332934774197,On Budget
P0089,301,Equipment,Bulldozer,hour,12677,162.79,2063747.96,13029,176.16,2295204.32,231456.35999999987,11.21534046240801,Over Budget
P0089,302,Equipment,Loader,hour,2659,112.79,299921.73,2804,114.15,320078.14,20156.410000000033,6.72055672658331,Watch
P0089,303,Equipment,Compactor,hour,11197,93.98,1052278.2,12029,91.95,1106100.07,53821.87000000011,5.114794737741418,Watch
P0089,400,Fuel,Diesel,gallon,90127,3.69,332493.4,114892,4.08,468890.75,136397.34999999998,41.02257368116178,Over Budget
P0089,500,Subcontractor,Concrete Work,job,7,28644.64,200512.51,7,27551.05,192857.35,-7655.1600000000035,-3.8177967050534667,On Budget
P0089,501,Subcontractor,Utility Work,job,7,23338.47,163369.31,7,24334.6,170342.21,6972.899999999994,4.268182316495059,On Budget
P0090,100,Labor,General Labor,hour,1856,32.97,61190.5,1919,31.47,60389.51,-800.989999999998,-1.3090103855990685,On Budget
P0090,101,Labor,Equipment Operators,hour,2134,43.2,92198.49,2348,44.74,105060.08,12861.589999999997,13.949892237931442,Over Budget
P0090,102,Labor,Supervisors,hour,1563,57.58,89999.14,1599,60.37,96537.56,6538.419999999998,7.264980532036193,Watch
P0090,103,Labor,Skilled Labor,hour,1885,44.4,83695.62,2155,46.78,100811.51,17115.89,20.450162147075318,Over Budget
P0090,200,Materials,Gravel,ton,1534,31.62,48509.01,1509,32.94,49710.95,1201.939999999995,2.477766501522078,On Budget
P0090,201,Materials,Concrete,cubic_yard,1900,152.38,289531.33,2060,147.5,303844.95,14313.619999999995,4.943720598389126,On Budget
P0090,202,Materials,Asphalt,ton,670,89.32,59847.56,645,91.61,59086.97,-760.5899999999965,-1.2708788796067818,On Budget
P0090,203,Materials,Topsoil,cubic_yard,2768,36.99,102382.11,2525,37.69,95158.11,-7224.0,-7.055920218874176,Under Budget
P0090,300,Equipment,Excavator,hour,820,131.73,108016.79,907,138.98,126057.34,18040.550000000003,16.70161648017869,Over Budget
P0090,301,Equipment,Bulldozer,hour,102,161.71,16494.62,110,179.38,19732.0,3237.380000000001,19.626884402308153,Over Budget
P0090,302,Equipment,Loader,hour,898,128.35,115254.1,1041,137.22,142846.34,27592.23999999999,23.94035439953979,Over Budget
P0090,303,Equipment,Compactor,hour,297,90.15,26775.78,307,91.89,28209.99,1434.2100000000028,5.356370570717278,Watch
P0090,400,Fuel,Diesel,gallon,3146,3.73,11745.5,3187,4.0,12740.63,995.1299999999992,8.47243625218168,Watch
P0090,500,Subcontractor,Concrete Work,job,1,29537.44,29537.44,1,29568.7,29568.7,31.260000000002037,0.10583178501590536,On Budget
P0090,501,Subcontractor,Utility Work,job,1,20778.71,20778.71,1,21005.16,21005.16,226.45000000000073,1.0898174140743133,On Budget
P0091,100,Labor,General Labor,hour,534,33.92,18113.85,508,34.16,17353.58,-760.2699999999968,-4.19717508977935,On Budget
P0091,101,Labor,Equipment Operators,hour,1827,44.87,81974.09,1900,42.96,81625.83,-348.25999999999476,-0.4248415566430744,On Budget
P0091,102,Labor,Supervisors,hour,2041,50.63,103342.27,1878,53.43,100350.28,-2991.9900000000052,-2.8952238033865574,On Budget
P0091,103,Labor,Skilled Labor,hour,1266,46.06,58307.75,1332,51.03,67978.35,9670.600000000006,16.58544533102376,Over Budget
P0091,200,Materials,Gravel,ton,1012,32.87,33259.51,1038,29.51,30631.69,-2627.8200000000033,-7.9009582522412485,Under Budget
P0091,201,Materials,Concrete,cubic_yard,1326,143.8,190681.6,1291,150.83,194719.95,4038.350000000006,2.117849860710213,On Budget
P0091,202,Materials,Asphalt,ton,186,96.38,17926.58,213,100.92,21495.56,3568.9799999999996,19.908872746502677,Over Budget
P0091,203,Materials,Topsoil,cubic_yard,360,37.48,13492.82,475,41.28,19607.35,6114.529999999999,45.31691670088239,Over Budget
P0091,300,Equipment,Excavator,hour,217,129.32,28062.17,214,127.72,27331.94,-730.2299999999996,-2.6021865023267967,On Budget
P0091,301,Equipment,Bulldozer,hour,691,163.25,112804.85,732,168.95,123672.99,10868.14,9.63446163883911,Watch
P0091,302,Equipment,Loader,hour,310,125.9,39028.41,300,124.09,37226.03,-1802.3800000000047,-4.618123054462133,On Budget
P0091,303,Equipment,Compactor,hour,977,94.01,91844.64,1028,93.41,96027.22,4182.580000000002,4.55397288290313,On Budget
P0091,400,Fuel,Diesel,gallon,7970,3.89,31011.3,7620,3.86,29423.19,-1588.1100000000006,-5.121068771705799,Under Budget
P0091,500,Subcontractor,Concrete Work,job,1,29157.67,29157.67,1,29882.83,29882.83,725.1600000000035,2.4870299993106566,On Budget
P0091,501,Subcontractor,Utility Work,job,1,23748.29,23748.29,1,24274.39,24274.39,526.0999999999985,2.2153173975894624,On Budget
P0092,100,Labor,General Labor,hour,17744,34.23,607309.17,19400,37.11,719937.28,112628.10999999999,18.5454321396135,Over Budget
P0092,101,Labor,Equipment Operators,hour,11073,42.85,474477.87,11272,44.56,502224.31,27746.440000000002,5.847783796534073,Watch
P0092,102,Labor,Supervisors,hour,13108,54.51,714573.29,13316,55.65,740969.89,26396.599999999977,3.694036758636749,On Budget
P0092,103,Labor,Skilled Labor,hour,12486,44.84,559866.99,16335,48.24,788022.18,228155.19000000006,40.751677465392284,Over Budget
P0092,200,Materials,Gravel,ton,7526,31.63,238037.0,8704,33.51,291670.77,53633.77000000002,22.531694652512012,Over Budget
P0092,201,Materials,Concrete,cubic_yard,18782,142.62,2678614.04,20632,140.12,2891019.29,212405.25,7.929669852697405,Watch
P0092,202,Materials,Asphalt,ton,11994,97.95,1174808.64,13310,99.77,1327879.64,153071.0,13.029441118172233,Over Budget
P0092,203,Materials,Topsoil,cubic_yard,20176,37.12,749004.61,20551,41.45,851905.97,102901.35999999999,13.738414774242843,Over Budget
P0092,300,Equipment,Excavator,hour,10524,134.19,1412184.14,14160,152.22,2155381.49,743197.3500000003,52.6275100356247,Over Budget
P0092,301,Equipment,Bulldozer,hour,2245,165.03,370501.8,2394,166.79,399294.02,28792.22000000003,7.771141732644763,Watch
P0092,302,Equipment,Loader,hour,5837,113.05,659843.95,5672,117.79,668094.49,8250.540000000037,1.2503774566698744,On Budget
P0092,303,Equipment,Compactor,hour,6451,97.97,631992.64,6848,101.3,693668.36,61675.71999999997,9.758930103996143,Watch
P0092,400,Fuel,Diesel,gallon,42412,3.78,160227.11,45657,3.89,177719.03,17491.920000000013,10.916954066012933,Over Budget
P0092,500,Subcontractor,Concrete Work,job,5,27535.14,137675.68,5,28454.24,142271.21,4595.529999999999,3.3379388429387085,On Budget
P0092,501,Subcontractor,Utility Work,job,10,21280.52,212805.2,12,22048.58,264582.91,51777.70999999996,24.331036083704703,Over Budget
P0093,100,Labor,General Labor,hour,4328,33.2,143703.96,4446,32.55,144710.14,1006.1800000000221,0.7001755553570146,On Budget
P0093,101,Labor,Equipment Operators,hour,12214,38.98,476055.81,16007,44.08,705562.28,229506.47000000003,48.20999243765138,Over Budget
P0093,102,Labor,Supervisors,hour,5306,56.01,297210.33,5716,57.92,331045.93,33835.59999999998,11.384395690418962,Over Budget
P0093,103,Labor,Skilled Labor,hour,2843,50.13,142533.58,3230,52.75,170395.02,27861.440000000002,19.547281419578464,Over Budget
P0093,200,Materials,Gravel,ton,15287,31.59,482894.26,18125,36.28,657648.05,174753.79000000004,36.18883148455731,Over Budget
P0093,201,Materials,Concrete,cubic_yard,11923,147.66,1760546.29,15808,167.04,2640628.37,880082.0800000001,49.9891474026508,Over Budget
P0093,202,Materials,Asphalt,ton,11108,89.63,995632.32,14063,100.56,1414236.77,418604.45000000007,42.04408008771753,Over Budget
P0093,203,Materials,Topsoil,cubic_yard,1859,38.81,72153.94,1922,42.02,80763.13,8609.190000000002,11.931697700776981,Over Budget
P0093,300,Equipment,Excavator,hour,1355,135.57,183701.17,1413,136.37,192692.3,8991.129999999976,4.894432626640306,On Budget
P0093,301,Equipment,Bulldozer,hour,418,150.34,62842.45,489,162.32,79376.63,16534.180000000008,26.310527358497332,Over Budget
P0093,302,Equipment,Loader,hour,762,121.86,92853.74,876,124.81,109329.7,16475.959999999992,17.743991787514418,Over Budget
P0093,303,Equipment,Compactor,hour,802,92.04,73816.84,878,96.28,84536.72,10719.880000000005,14.52226890232636,Over Budget
P0093,400,Fuel,Diesel,gallon,12206,4.06,49505.35,14557,4.51,65630.07,16124.720000000008,32.57167154661064,Over Budget
P0093,500,Subcontractor,Concrete Work,job,4,30169.19,120676.75,5,33559.08,167795.4,47118.649999999994,39.045342205520114,Over Budget
P0093,501,Subcontractor,Utility Work,job,5,20449.48,102247.42,5,21366.12,106830.58,4583.1600000000035,4.482421170138086,On Budget
P0094,100,Labor,General Labor,hour,9950,34.56,343846.34,11184,36.18,404602.02,60755.67999999999,17.669427570466503,Over Budget
P0094,101,Labor,Equipment Operators,hour,3551,39.64,140758.37,3942,39.16,154383.96,13625.589999999997,9.680127725264223,Watch
P0094,102,Labor,Supervisors,hour,2326,59.16,137594.68,2955,65.44,193378.38,55783.70000000001,40.54204711984505,Over Budget
P0094,103,Labor,Skilled Labor,hour,3165,45.32,143434.74,3164,47.31,149701.35,6266.610000000015,4.368962498206512,On Budget
P0094,200,Materials,Gravel,ton,6427,33.21,213448.21,8256,37.61,310527.1,97078.88999999998,45.481238751076894,Over Budget
P0094,201,Materials,Concrete,cubic_yard,4561,156.37,713213.05,5849,171.2,1001347.14,288134.08999999997,40.39944165351432,Over Budget
P0094,202,Materials,Asphalt,ton,6548,91.38,598333.61,7070,96.74,683943.02,85609.41000000003,14.307972771243794,Over Budget
P0094,203,Materials,Topsoil,cubic_yard,4246,40.04,170004.16,4175,41.42,172928.7,2924.540000000008,1.7202755509041707,On Budget
P0094,300,Equipment,Excavator,hour,1445,131.02,189325.61,1372,142.3,195239.32,5913.710000000021,3.123565797569606,On Budget
P0094,301,Equipment,Bulldozer,hour,821,151.87,124682.1,791,157.76,124787.3,105.19999999999709,0.08437458143550444,On Budget
P0094,302,Equipment,Loader,hour,340,124.86,42451.46,370,127.38,47131.11,4679.6500000000015,11.023531346153941,Over Budget
P0094,303,Equipment,Compactor,hour,3257,95.05,309576.58,3527,93.08,328301.32,18724.73999999999,6.048500180472304,Watch
P0094,400,Fuel,Diesel,gallon,12067,4.05,48925.72,11321,4.2,47542.86,-1382.8600000000006,-2.82644792963701,On Budget
P0094,500,Subcontractor,Concrete Work,job,1,27841.97,27841.97,1,28816.62,28816.62,974.6499999999978,3.5006502772612635,On Budget
P0094,501,Subcontractor,Utility Work,job,7,20871.65,146101.53,8,23141.46,185131.72,39030.19,26.7144293423895,Over Budget
P0095,100,Labor,General Labor,hour,3327,34.35,114274.98,3695,37.29,137804.43,23529.449999999997,20.59020268478717,Over Budget
P0095,101,Labor,Equipment Operators,hour,6352,40.27,255812.5,6137,39.93,245073.83,-10738.670000000013,-4.197867578793066,On Budget
P0095,102,Labor,Supervisors,hour,7035,54.92,386346.01,6954,57.8,401918.72,15572.709999999963,4.030767653068286,On Budget
P0095,103,Labor,Skilled Labor,hour,9137,47.73,436085.75,9066,46.65,422947.96,-13137.789999999979,-3.012662073915504,On Budget
P0095,200,Materials,Gravel,ton,15724,36.52,574301.08,17339,37.91,657387.21,83086.13,14.467346988098997,Over Budget
P0095,201,Materials,Concrete,cubic_yard,867,147.42,127809.22,848,151.34,128334.53,525.3099999999977,0.41101103660596444,On Budget
P0095,202,Materials,Asphalt,ton,1880,87.74,164945.35,1859,91.03,169229.4,4284.049999999988,2.597254181460701,On Budget
P0095,203,Materials,Topsoil,cubic_yard,1353,37.36,50541.92,1483,37.82,56082.71,5540.790000000001,10.962761208913316,Over Budget
P0095,300,Equipment,Excavator,hour,1435,139.41,200046.39,1501,141.13,211828.94,11782.549999999988,5.889908835645566,Watch
P0095,301,Equipment,Bulldozer,hour,2980,158.53,472433.67,3306,161.94,535379.14,62945.47000000003,13.32366298109109,Over Budget
P0095,302,Equipment,Loader,hour,9484,126.5,1199754.33,10115,122.92,1243293.31,43538.97999999998,3.6289912785728373,On Budget
P0095,303,Equipment,Compactor,hour,7719,87.56,675895.08,7856,93.61,735362.48,59467.40000000002,8.798318224183555,Watch
P0095,400,Fuel,Diesel,gallon,29598,4.08,120731.05,32577,4.38,142847.31,22116.259999999995,18.318618118537024,Over Budget
P0095,500,Subcontractor,Concrete Work,job,5,28954.32,144771.58,6,29896.25,179377.51,34605.93000000002,23.903814547026446,Over Budget
P0095,501,Subcontractor,Utility Work,job,11,21667.02,238337.24,11,21987.6,241863.63,3526.390000000014,1.4795799431091903,On Budget
P0096,100,Labor,General Labor,hour,1189,31.77,37774.15,1165,34.91,40675.54,2901.3899999999994,7.680887591117204,Watch
P0096,101,Labor,Equipment Operators,hour,642,43.52,27942.74,712,44.57,31736.57,3793.829999999998,13.5771581455505,Over Budget
P0096,102,Labor,Supervisors,hour,648,54.91,35584.24,637,55.01,35043.09,-541.1500000000015,-1.520757503883746,On Budget
P0096,103,Labor,Skilled Labor,hour,1856,47.75,88625.37,1944,48.61,94503.58,5878.210000000006,6.6326493192637805,Watch
P0096,200,Materials,Gravel,ton,1813,35.12,63677.36,1670,35.02,58486.02,-5191.340000000004,-8.152567882839369,Under Budget
P0096,201,Materials,Concrete,cubic_yard,1023,154.69,158252.02,1127,159.52,179783.64,21531.620000000024,13.60590531482633,Over Budget
P0096,202,Materials,Asphalt,ton,932,88.08,82088.45,888,93.49,83014.71,926.2600000000093,1.1283682418172218,On Budget
P0096,203,Materials,Topsoil,cubic_yard,1945,36.64,71255.82,2005,38.47,77126.02,5870.199999999997,8.238204261771175,Watch
P0096,300,Equipment,Excavator,hour,862,141.3,121801.13,845,145.67,123092.59,1291.4599999999919,1.0603021499061558,On Budget
P0096,301,Equipment,Bulldozer,hour,561,146.62,82255.75,584,138.03,80609.76,-1645.9900000000052,-2.00106375542136,On Budget
P0096,302,Equipment,Loader,hour,564,128.72,72600.62,591,132.46,78282.71,5682.090000000011,7.826503410025991,Watch
P0096,303,Equipment,Compactor,hour,423,101.11,42770.49,428,104.25,44617.31,1846.8199999999997,4.317977184736485,On Budget
P0096,400,Fuel,Diesel,gallon,3658,4.08,14917.92,3525,4.2,14804.88,-113.04000000000087,-0.7577463882364356,On Budget
P0096,500,Subcontractor,Concrete Work,job,1,27605.73,27605.73,1,26096.85,26096.85,-1508.880000000001,-5.465821769610878,Under Budget
P0096,501,Subcontractor,Utility Work,job,1,22653.69,22653.69,1,21505.75,21505.75,-1147.9399999999987,-5.067342229897199,Under Budget
P0097,100,Labor,General Labor,hour,3769,32.07,120863.47,3386,32.36,109566.16,-11297.309999999998,-9.347166683200472,Under Budget
P0097,101,Labor,Equipment Operators,hour,12462,39.14,487784.19,10942,38.33,419381.44,-68402.75,-14.023158479162682,Under Budget
P0097,102,Labor,Supervisors,hour,5500,50.69,278787.44,5713,50.16,286547.64,7760.200000000012,2.783554381072552,On Budget
P0097,103,Labor,Skilled Labor,hour,6437,50.05,322184.32,6587,52.93,348662.29,26477.969999999972,8.21826772947857,Watch
P0097,200,Materials,Gravel,ton,2198,33.46,73546.39,2246,32.22,72364.83,-1181.5599999999977,-1.6065506410307802,On Budget
P0097,201,Materials,Concrete,cubic_yard,11281,154.55,1743473.39,11507,164.57,1893761.25,150287.8600000001,8.62002602746923,Watch
P0097,202,Materials,Asphalt,ton,2628,87.85,230863.37,2505,88.74,222293.17,-8570.199999999983,-3.7122389749400186,On Budget
P0097,203,Materials,Topsoil,cubic_yard,8137,35.07,285331.86,8396,34.86,292646.83,7314.97000000003,2.5636709479271014,On Budget
P0097,300,Equipment,Excavator,hour,6661,127.07,846380.68,6506,133.88,871053.28,24672.599999999977,2.91507126556811,On Budget
P0097,301,Equipment,Bulldozer,hour,1633,150.95,246506.44,1563,155.26,242665.38,-3841.0599999999977,-1.5581986417880187,On Budget
P0097,302,Equipment,Loader,hour,3984,115.55,460355.26,4276,115.6,494312.5,33957.23999999999,7.376311937871632,Watch
P0097,303,Equipment,Compactor,hour,3753,98.44,369460.72,3516,106.78,375441.47,5980.75,1.6187783101813908,On Budget
P0097,400,Fuel,Diesel,gallon,51862,3.8,197278.73,56872,3.89,221251.63,23972.899999999994,12.151791528666061,Over Budget
P0097,500,Subcontractor,Concrete Work,job,6,27324.24,163945.43,6,28083.93,168503.6,4558.170000000013,2.7802970781192333,On Budget
P0097,501,Subcontractor,Utility Work,job,8,22519.01,180152.11,8,24255.34,194042.72,13890.610000000015,7.710489763344995,Watch
P0098,100,Labor,General Labor,hour,23703,30.71,727853.51,27590,34.21,943797.31,215943.80000000005,29.668579876739216,Over Budget
P0098,101,Labor,Equipment Operators,hour,22709,38.65,877770.58,24880,40.74,1013690.33,135919.75,15.48465545518739,Over Budget
P0098,102,Labor,Supervisors,hour,10086,57.82,583176.24,13123,62.26,816980.33,233804.08999999997,40.091497897788145,Over Budget
P0098,103,Labor,Skilled Labor,hour,12711,50.48,641623.91,13396,49.51,663230.82,21606.909999999916,3.367535040893335,On Budget
P0098,200,Materials,Gravel,ton,13037,34.08,444279.54,13229,34.14,451606.62,7327.080000000016,1.649204912744804,On Budget
P0098,201,Materials,Concrete,cubic_yard,2989,154.42,461558.24,3695,162.95,602087.93,140529.69000000006,30.446794753355515,Over Budget
P0098,202,Materials,Asphalt,ton,2730,94.34,257544.15,2799,95.69,267843.79,10299.639999999985,3.999174510467423,On Budget
P0098,203,Materials,Topsoil,cubic_yard,14242,35.19,501201.03,15122,36.46,551331.57,50130.53999999992,10.002082397955151,Over Budget
P0098,300,Equipment,Excavator,hour,11250,131.27,1476818.06,12417,142.05,1763827.17,287009.10999999987,19.43429036884881,Over Budget
P0098,301,Equipment,Bulldozer,hour,11682,154.17,1800973.77,10680,153.31,1637317.75,-163656.02000000002,-9.087085149496653,Under Budget
P0098,302,Equipment,Loader,hour,3438,121.8,418748.45,4132,135.95,561727.43,142978.98000000004,34.14436041494602,Over Budget
P0098,303,Equipment,Compactor,hour,850,88.66,75364.97,884,92.08,81402.19,6037.220000000001,8.010644733222877,Watch
P0098,400,Fuel,Diesel,gallon,6827,3.85,26291.15,7503,4.06,30493.04,4201.889999999999,15.982146083377863,Over Budget
P0098,500,Subcontractor,Concrete Work,job,11,27889.86,306788.51,10,29995.38,299953.85,-6834.660000000033,-2.2278083361075134,On Budget
P0098,501,Subcontractor,Utility Work,job,6,20282.68,121696.07,6,21937.16,131622.98,9926.910000000003,8.157132765256925,Watch
P0099,100,Labor,General Labor,hour,27171,29.7,806873.11,31489,31.14,980622.22,173749.11,21.533634947879225,Over Budget
P0099,101,Labor,Equipment Operators,hour,6068,45.34,275099.74,6631,45.62,302517.6,27417.859999999986,9.966516144290063,Watch
P0099,102,Labor,Supervisors,hour,20936,57.55,1204904.02,21625,57.03,1233265.63,28361.60999999987,2.3538480683299463,On Budget
P0099,103,Labor,Skilled Labor,hour,3118,44.49,138731.49,3501,45.74,160135.86,21404.369999999995,15.428631235777829,Over Budget
P0099,200,Materials,Gravel,ton,24731,36.45,901339.89,22116,36.86,815280.3,-86059.58999999997,-9.547961979137522,Under Budget
P0099,201,Materials,Concrete,cubic_yard,5036,142.69,718574.04,5718,149.49,854798.64,136224.59999999998,18.95762891740425,Over Budget
P0099,202,Materials,Asphalt,ton,28757,95.36,2742320.57,28970,96.99,2809670.44,67349.87000000011,2.4559444558299806,On Budget
P0099,203,Materials,Topsoil,cubic_yard,8884,39.63,352092.14,9395,43.06,404589.04,52496.899999999965,14.909989186353311,Over Budget
P0099,300,Equipment,Excavator,hour,3011,129.85,390981.65,3327,130.29,433488.34,42506.69,10.871786438059178,Over Budget
P0099,301,Equipment,Bulldozer,hour,10945,156.85,1716717.2,11495,160.41,1843956.89,127239.68999999994,7.4118025962575524,Watch
P0099,302,Equipment,Loader,hour,3651,124.11,453130.48,3543,123.76,438475.15,-14655.329999999958,-3.234240609901139,On Budget
P0099,303,Equipment,Compactor,hour,8380,90.68,759857.63,8941,94.88,848347.19,88489.55999999994,11.645544705525946,Over Budget
P0099,400,Fuel,Diesel,gallon,114056,3.9,444263.91,119156,4.07,484825.04,40561.130000000005,9.12996286374016,Watch
P0099,500,Subcontractor,Concrete Work,job,8,27881.59,223052.73,8,29063.72,232509.73,9457.0,4.2398046417096085,On Budget
P0099,501,Subcontractor,Utility Work,job,15,23444.16,351662.35,14,24983.05,349762.7,-1899.649999999965,-0.5401914649094409,On Budget
P0100,100,Labor,General Labor,hour,2056,30.09,61872.09,1951,30.58,59660.49,-2211.5999999999985,-3.5744711387638572,On Budget
P0100,101,Labor,Equipment Operators,hour,5956,45.01,268076.37,5977,46.94,280562.73,12486.359999999986,4.65776226379072,On Budget
P0100,102,Labor,Supervisors,hour,10391,50.78,527657.04,9804,53.13,520893.75,-6763.290000000037,-1.2817586968990382,On Budget
P0100,103,Labor,Skilled Labor,hour,10958,49.13,538369.26,10707,52.17,558583.01,20213.75,3.754625589135605,On Budget
P0100,200,Materials,Gravel,ton,10171,36.62,372459.88,10296,38.1,392249.6,19789.719999999972,5.313248771921414,Watch
P0100,201,Materials,Concrete,cubic_yard,13960,147.78,2063031.59,16227,158.74,2575911.56,512879.97,24.860500076007074,Over Budget
P0100,202,Materials,Asphalt,ton,3792,85.81,325405.75,3626,86.8,314748.97,-10656.780000000028,-3.2749206183357327,On Budget
P0100,203,Materials,Topsoil,cubic_yard,16152,37.82,610857.76,16528,39.76,657074.45,46216.689999999944,7.565867707074711,Watch
P0100,300,Equipment,Excavator,hour,3348,141.42,473469.31,3647,138.94,506716.98,33247.669999999984,7.022138351480475,Watch
P0100,301,Equipment,Bulldozer,hour,7142,162.23,1158679.23,7572,170.1,1287978.37,129299.14000000013,11.159183374677403,Over Budget
P0100,302,Equipment,Loader,hour,7615,110.4,840723.08,8055,119.24,960497.55,119774.47000000009,14.246601865622639,Over Budget
P0100,303,Equipment,Compactor,hour,1857,92.02,170875.09,2031,94.78,192495.27,21620.179999999993,12.652622450703607,Over Budget
P0100,400,Fuel,Diesel,gallon,66051,4.0,264471.96,58077,3.98,231275.45,-33196.51000000001,-12.551996060376307,Under Budget
P0100,500,Subcontractor,Concrete Work,job,4,28519.85,114079.41,5,30607.81,153039.04,38959.630000000005,34.15132494110901,Over Budget
P0100,501,Subcontractor,Utility Work,job,5,23595.15,117975.74,5,22637.06,113185.3,-4790.440000000002,-4.060529732638255,On Budget
P0101,100,Labor,General Labor,hour,17395,31.1,540931.99,22034,35.6,784397.63,243465.64,45.00854904144235,Over Budget
P0101,101,Labor,Equipment Operators,hour,13185,44.73,589752.56,13808,44.25,610953.69,21201.12999999989,3.5949195371021174,On Budget
P0101,102,Labor,Supervisors,hour,12088,52.8,638272.6,11789,55.05,649011.0,10738.400000000023,1.682415945788684,On Budget
P0101,103,Labor,Skilled Labor,hour,22681,49.93,1132435.36,23693,50.59,1198536.77,66101.40999999992,5.837102260741832,Watch
P0101,200,Materials,Gravel,ton,9366,31.57,295718.3,9988,34.23,341932.09,46213.79000000004,15.62763954750181,Over Budget
P0101,201,Materials,Concrete,cubic_yard,12289,134.15,1648523.07,13623,125.89,1715026.26,66503.18999999994,4.03410732978095,On Budget
P0101,202,Materials,Asphalt,ton,10830,98.86,1070657.55,10939,100.96,1104407.33,33749.78000000003,3.152247887291322,On Budget
P0101,203,Materials,Topsoil,cubic_yard,1317,39.23,51666.2,1237,40.58,50194.22,-1471.979999999996,-2.84901928146447,On Budget
P0101,300,Equipment,Excavator,hour,3679,135.1,497033.81,3889,138.69,539375.9,42342.090000000026,8.518955682310631,Watch
P0101,301,Equipment,Bulldozer,hour,11808,147.76,1744763.4,12393,152.86,1894366.63,149603.22999999998,8.574413585245999,Watch
P0101,302,Equipment,Loader,hour,6616,129.47,856573.13,8005,144.01,1152812.13,296238.9999999999,34.584204153123494,Over Budget
P0101,303,Equipment,Compactor,hour,6027,89.17,537441.84,6167,90.31,556944.33,19502.48999999999,3.628762881579892,On Budget
P0101,400,Fuel,Diesel,gallon,88278,4.09,360799.47,95733,3.67,351265.17,-9534.299999999988,-2.642548227690021,On Budget
P0101,500,Subcontractor,Concrete Work,job,3,27287.76,81863.27,3,28140.71,84422.14,2558.8699999999953,3.1257852270010655,On Budget
P0101,501,Subcontractor,Utility Work,job,3,22382.04,67146.13,3,22568.49,67705.46,559.3300000000017,0.8330040763332179,On Budget
P0102,100,Labor,General Labor,hour,14050,33.24,467073.88,13623,33.42,455255.38,-11818.5,-2.5303277502908106,On Budget
P0102,101,Labor,Equipment Operators,hour,9015,42.89,386689.0,9409,43.35,407908.61,21219.609999999986,5.487513221219116,Watch
P0102,102,Labor,Supervisors,hour,1880,53.66,100885.53,1866,57.86,107959.83,7074.300000000003,7.012204822634131,Watch
P0102,103,Labor,Skilled Labor,hour,1820,48.91,89009.97,2132,54.53,116262.35,27252.380000000005,30.61722186851653,Over Budget
P0102,200,Materials,Gravel,ton,5152,33.17,170908.76,4769,33.09,157813.7,-13095.059999999998,-7.662018026460432,Under Budget
P0102,201,Materials,Concrete,cubic_yard,4999,139.64,698038.99,5021,156.2,784303.31,86264.32000000007,12.358094782069418,Over Budget
P0102,202,Materials,Asphalt,ton,6630,87.75,581783.27,6975,82.34,574320.33,-7462.9400000000605,-1.2827697847000756,On Budget
P0102,203,Materials,Topsoil,cubic_yard,10766,38.81,417834.25,9856,40.29,397112.63,-20721.619999999995,-4.959291872315397,On Budget
P0102,300,Equipment,Excavator,hour,500,137.7,68850.21,545,144.91,78976.03,10125.819999999992,14.707028489818683,Over Budget
P0102,301,Equipment,Bulldozer,hour,7259,166.36,1207617.73,9786,186.04,1820610.04,612992.31,50.76045960338791,Over Budget
P0102,302,Equipment,Loader,hour,5194,110.69,574934.72,5361,111.96,600243.45,25308.72999999998,4.4020180238897355,On Budget
P0102,303,Equipment,Compactor,hour,434,97.22,42192.9,438,98.62,43197.25,1004.3499999999985,2.3803767932519415,On Budget
P0102,400,Fuel,Diesel,gallon,29572,3.62,106990.21,32139,3.75,120583.6,13593.39,12.705265276140684,Over Budget
P0102,500,Subcontractor,Concrete Work,job,6,26052.09,156312.57,6,26321.73,157930.35,1617.7799999999988,1.0349647504356168,On Budget
P0102,501,Subcontractor,Utility Work,job,7,21542.92,150800.44,9,24533.49,220801.39,70000.95000000001,46.41959267492854,Over Budget
P0103,100,Labor,General Labor,hour,14367,33.77,485127.87,14575,32.66,476064.02,-9063.849999999977,-1.8683424640188115,On Budget
P0103,101,Labor,Equipment Operators,hour,9010,41.93,377810.4,8788,40.51,356024.9,-21785.5,-5.766252067174435,Under Budget
P0103,102,Labor,Supervisors,hour,8111,51.75,419775.61,8499,53.7,456364.24,36588.630000000005,8.71623532391508,Watch
P0103,103,Labor,Skilled Labor,hour,7775,48.14,374323.08,9990,52.5,524471.23,150148.14999999997,40.11191348393478,Over Budget
P0103,200,Materials,Gravel,ton,7546,36.03,271903.36,6528,35.55,232093.34,-39810.01999999999,-14.641238710694857,Under Budget
P0103,201,Materials,Concrete,cubic_yard,14266,145.98,2082516.3,12393,141.41,1752538.87,-329977.42999999993,-15.845130719985237,Under Budget
P0103,202,Materials,Asphalt,ton,7559,90.69,685516.38,7920,91.43,724158.15,38641.77000000002,5.636885000472201,Watch
P0103,203,Materials,Topsoil,cubic_yard,5726,35.86,205316.87,6192,37.79,233977.54,28660.670000000013,13.959237738233595,Over Budget
P0103,300,Equipment,Excavator,hour,1819,124.67,226770.35,1792,128.43,230143.43,3373.079999999987,1.4874431335489788,On Budget
P0103,301,Equipment,Bulldozer,hour,3987,161.04,642074.42,3785,169.23,640520.98,-1553.4400000000605,-0.241940801815475,On Budget
P0103,302,Equipment,Loader,hour,6015,121.88,733109.67,6051,129.82,785567.36,52457.689999999944,7.155503759758066,Watch
P0103,303,Equipment,Compactor,hour,7962,98.39,783366.01,8041,107.27,862572.47,79206.45999999996,10.11104119771548,Over Budget
P0103,400,Fuel,Diesel,gallon,35037,4.07,142472.49,33064,4.15,137185.76,-5286.729999999981,-3.7107023257612624,On Budget
P0103,500,Subcontractor,Concrete Work,job,7,27066.27,189463.88,7,27237.85,190664.97,1201.0899999999965,0.6339414140573899,On Budget
P0103,501,Subcontractor,Utility Work,job,8,22461.02,179688.13,9,24359.07,219231.59,39543.45999999999,22.006717972967937,Over Budget
P0104,100,Labor,General Labor,hour,6438,31.38,202048.33,7249,33.35,241753.25,39704.92000000001,19.651199294743,Over Budget
P0104,101,Labor,Equipment Operators,hour,6878,45.15,310538.99,7667,47.57,364690.69,54151.70000000001,17.437971315614835,Over Budget
P0104,102,Labor,Supervisors,hour,1564,53.81,84161.38,1397,55.06,76912.66,-7248.720000000001,-8.612881585354232,Under Budget
P0104,103,Labor,Skilled Labor,hour,10231,48.08,491868.44,11817,49.42,583989.66,92121.22000000003,18.728833262813126,Over Budget
P0104,200,Materials,Gravel,ton,11436,36.35,415663.57,11821,37.91,448188.87,32525.29999999999,7.824909938583261,Watch
P0104,201,Materials,Concrete,cubic_yard,3407,154.15,525199.06,3333,151.88,506206.35,-18992.71000000008,-3.6162878890148957,On Budget
P0104,202,Materials,Asphalt,ton,4320,92.21,398360.77,4366,92.23,402668.85,4308.079999999958,1.0814518708757286,On Budget
P0104,203,Materials,Topsoil,cubic_yard,11091,38.68,428981.97,11295,42.26,477356.38,48374.41000000003,11.27656017804199,Over Budget
P0104,300,Equipment,Excavator,hour,540,136.82,73882.9,686,154.61,106064.13,32181.23000000001,43.557074776436785,Over Budget
P0104,301,Equipment,Bulldozer,hour,4084,167.33,683359.96,4361,178.62,778957.09,95597.13,13.989278798248586,Over Budget
P0104,302,Equipment,Loader,hour,6733,124.09,835523.59,7915,133.21,1054317.91,218794.31999999995,26.186492232972135,Over Budget
P0104,303,Equipment,Compactor,hour,658,97.4,64085.94,598,103.17,61696.53,-2389.4100000000035,-3.7284465204068216,On Budget
P0104,400,Fuel,Diesel,gallon,45069,4.02,181358.89,44705,4.0,178818.76,-2540.1300000000047,-1.400609586880469,On Budget
P0104,500,Subcontractor,Concrete Work,job,6,29371.25,176227.49,6,29713.71,178282.24,2054.75,1.1659645155247913,On Budget
P0104,501,Subcontractor,Utility Work,job,5,20252.59,101262.96,6,22572.16,135432.97,34170.009999999995,33.743838813323244,Over Budget
P0105,100,Labor,General Labor,hour,7904,30.96,244735.03,7852,30.06,236041.58,-8693.450000000012,-3.55218866706577,On Budget
P0105,101,Labor,Equipment Operators,hour,15725,41.51,652747.2,17302,41.77,722693.12,69945.92000000004,10.715621606649565,Over Budget
P0105,102,Labor,Supervisors,hour,5457,54.32,296412.31,5373,57.41,308458.21,12045.900000000023,4.063900045176944,On Budget
P0105,103,Labor,Skilled Labor,hour,9898,46.39,459147.52,9291,45.11,419073.79,-40073.73000000004,-8.727855047545512,Under Budget
P0105,200,Materials,Gravel,ton,950,32.08,30475.49,928,30.69,28480.47,-1995.0200000000004,-6.54630983784018,Under Budget
P0105,201,Materials,Concrete,cubic_yard,12375,155.87,1928885.24,12378,161.8,2002726.73,73841.48999999999,3.8281950874381723,On Budget
P0105,202,Materials,Asphalt,ton,463,91.88,42542.03,454,90.42,41052.24,-1489.7900000000009,-3.5019250374276947,On Budget
P0105,203,Materials,Topsoil,cubic_yard,12793,37.82,483827.57,14208,40.41,574138.59,90311.01999999996,18.665951590976917,Over Budget
P0105,300,Equipment,Excavator,hour,6469,127.58,825346.85,6362,130.84,832379.44,7032.589999999967,0.8520769177225268,On Budget
P0105,301,Equipment,Bulldozer,hour,6533,152.1,993671.85,5876,151.01,887363.83,-106308.02000000002,-10.698503736419626,Under Budget
P0105,302,Equipment,Loader,hour,3031,125.92,381648.64,3568,134.02,478195.26,96546.62,25.297252467609997,Over Budget
P0105,303,Equipment,Compactor,hour,1791,89.39,160105.51,1772,91.72,162529.25,2423.7399999999907,1.5138392176509043,On Budget
P0105,400,Fuel,Diesel,gallon,18668,4.03,75269.46,24661,4.5,110949.25,35679.78999999999,47.40274475198838,Over Budget
P0105,500,Subcontractor,Concrete Work,job,4,27312.02,109248.08,5,29067.42,145337.11,36089.029999999984,33.03401762300992,Over Budget
P0105,501,Subcontractor,Utility Work,job,4,22243.26,88973.03,4,22676.72,90706.9,1733.8699999999953,1.9487590790152873,On Budget
P0106,100,Labor,General Labor,hour,10643,34.3,365041.75,10218,32.7,334113.22,-30928.530000000028,-8.472600736765049,Under Budget
P0106,101,Labor,Equipment Operators,hour,9779,42.85,419009.87,10026,44.35,444655.5,25645.630000000005,6.120531241901296,Watch
P0106,102,Labor,Supervisors,hour,9342,56.28,525731.2,9682,60.29,583745.7,58014.5,11.035011808315733,Over Budget
P0106,103,Labor,Skilled Labor,hour,2801,45.52,127494.5,2960,46.58,137885.81,10391.309999999998,8.150398644647415,Watch
P0106,200,Materials,Gravel,ton,1850,32.89,60839.5,1652,34.82,57526.39,-3313.1100000000006,-5.445656193755703,Under Budget
P0106,201,Materials,Concrete,cubic_yard,3540,148.31,525023.93,3577,140.75,503471.69,-21552.24000000005,-4.105001461552438,On Budget
P0106,202,Materials,Asphalt,ton,15265,87.66,1338154.31,16715,86.68,1448896.76,110742.44999999995,8.275760812667409,Watch
P0106,203,Materials,Topsoil,cubic_yard,17281,37.25,643690.33,18917,39.26,742758.9,99068.57000000007,15.39071901235491,Over Budget
P0106,300,Equipment,Excavator,hour,4200,133.55,560918.82,4882,146.17,713605.51,152686.69000000006,27.220817800336967,Over Budget
P0106,301,Equipment,Bulldozer,hour,6491,151.12,980935.84,7182,157.23,1129245.7,148309.86,15.119221253043419,Over Budget
P0106,302,Equipment,Loader,hour,6394,128.54,821914.94,7354,142.69,1049320.03,227405.09000000008,27.66771583443904,Over Budget
P0106,303,Equipment,Compactor,hour,3179,100.78,320393.4,3049,99.07,302059.03,-18334.369999999995,-5.722455581169897,Under Budget
P0106,400,Fuel,Diesel,gallon,15258,3.9,59509.6,17127,4.12,70598.5,11088.900000000001,18.63380026079826,Over Budget
P0106,500,Subcontractor,Concrete Work,job,2,25835.3,51670.59,2,26504.74,53009.48,1338.8900000000067,2.5912032357285,On Budget
P0106,501,Subcontractor,Utility Work,job,3,20603.47,61810.41,4,22917.54,91670.18,29859.76999999999,48.308642508600066,Over Budget
P0107,100,Labor,General Labor,hour,3108,32.94,102362.42,3333,33.49,111610.14,9247.720000000001,9.034292077111894,Watch
P0107,101,Labor,Equipment Operators,hour,1430,41.99,60047.8,1536,44.26,67982.06,7934.259999999995,13.213240118705421,Over Budget
P0107,102,Labor,Supervisors,hour,1187,54.25,64393.97,1354,55.78,75532.23,11138.259999999995,17.297054367047092,Over Budget
P0107,103,Labor,Skilled Labor,hour,3093,50.42,155935.99,3236,54.04,174867.48,18931.49000000002,12.140552030355547,Over Budget
P0107,200,Materials,Gravel,ton,2601,32.93,85657.98,2614,35.76,93477.0,7819.020000000004,9.128186305584144,Watch
P0107,201,Materials,Concrete,cubic_yard,2211,151.72,335456.67,2262,150.25,339859.9,4403.23000000004,1.3126076759779555,On Budget
P0107,202,Materials,Asphalt,ton,294,95.92,28201.57,305,101.12,30842.5,2640.9300000000003,9.364478644274062,Watch
P0107,203,Materials,Topsoil,cubic_yard,312,36.5,11387.74,328,35.96,11795.96,408.21999999999935,3.5847323525124333,On Budget
P0107,300,Equipment,Excavator,hour,1432,131.33,188065.15,1555,134.88,209745.55,21680.399999999994,11.528132671045112,Over Budget
P0107,301,Equipment,Bulldozer,hour,463,165.94,76831.7,475,168.38,79981.41,3149.7100000000064,4.099492787482259,On Budget
P0107,302,Equipment,Loader,hour,1579,118.95,187826.48,1716,122.44,210112.86,22286.379999999976,11.86540896682937,Over Budget
P0107,303,Equipment,Compactor,hour,766,92.0,70469.11,786,95.67,75196.97,4727.860000000001,6.709124040306455,Watch
P0107,400,Fuel,Diesel,gallon,12027,4.05,48713.99,14242,4.38,62364.59,13650.599999999999,28.021929634587515,Over Budget
P0107,500,Subcontractor,Concrete Work,job,1,28711.36,28711.36,1,29253.71,29253.71,542.3499999999985,1.8889735630774667,On Budget
P0107,501,Subcontractor,Utility Work,job,1,22153.45,22153.45,1,21826.4,21826.4,-327.0499999999993,-1.47629376011411,On Budget
P0108,100,Labor,General Labor,hour,1891,31.38,59332.69,1935,31.57,61090.17,1757.479999999996,2.9620770607231792,On Budget
P0108,101,Labor,Equipment Operators,hour,4577,38.7,177126.92,4678,40.56,189761.36,12634.439999999973,7.132986900014957,Watch
P0108,102,Labor,Supervisors,hour,11382,55.22,628495.69,10530,54.33,572143.29,-56352.39999999991,-8.966234915628444,Under Budget
P0108,103,Labor,Skilled Labor,hour,3724,46.8,174273.78,3668,46.51,170608.21,-3665.570000000007,-2.103339928702991,On Budget
P0108,200,Materials,Gravel,ton,3265,33.72,110108.77,3243,35.4,114797.81,4689.039999999994,4.258552702023639,On Budget
P0108,201,Materials,Concrete,cubic_yard,2283,142.19,324618.08,2159,144.56,312099.88,-12518.200000000012,-3.8562855155818836,On Budget
P0108,202,Materials,Asphalt,ton,3818,87.95,335797.93,4522,86.94,393151.48,57353.54999999999,17.07978068834432,Over Budget
P0108,203,Materials,Topsoil,cubic_yard,6867,38.85,266775.2,7234,38.1,275640.41,8865.209999999963,3.3231012477921347,On Budget
P0108,300,Equipment,Excavator,hour,539,136.38,73507.82,545,141.28,76996.21,3488.3899999999994,4.745603937104922,On Budget
P0108,301,Equipment,Bulldozer,hour,2010,165.5,332654.88,2179,160.57,349881.83,17226.95000000001,5.178625366926832,Watch
P0108,302,Equipment,Loader,hour,5108,115.32,589069.82,5607,119.5,670028.28,80958.46000000008,13.743440463475126,Over Budget
P0108,303,Equipment,Compactor,hour,2404,90.63,217862.84,2451,95.18,233296.96,15434.119999999995,7.08432883735473,Watch
P0108,400,Fuel,Diesel,gallon,2564,3.61,9255.08,2605,3.64,9472.99,217.90999999999985,2.3544907229327015,On Budget
P0108,500,Subcontractor,Concrete Work,job,2,28960.28,57920.56,2,32085.43,64170.85,6250.290000000001,10.791142212713414,Over Budget
P0108,501,Subcontractor,Utility Work,job,4,21666.16,86664.62,4,22495.78,89983.12,3318.5,3.8291288878898913,On Budget
P0109,100,Labor,General Labor,hour,21089,34.21,721504.55,20711,35.59,737022.56,15518.01000000001,2.1507847732907583,On Budget
P0109,101,Labor,Equipment Operators,hour,13907,41.9,582697.35,12650,43.16,545951.6,-36745.75,-6.306146750109641,Under Budget
P0109,102,Labor,Supervisors,hour,20929,54.74,1145622.87,21295,56.24,1197666.49,52043.61999999988,4.542823067070918,On Budget
P0109,103,Labor,Skilled Labor,hour,12407,46.61,578251.58,14543,47.38,689108.26,110856.68000000005,19.17101203597231,Over Budget
P0109,200,Materials,Gravel,ton,5742,34.22,196506.9,6117,35.62,217916.73,21409.830000000016,10.895205206534742,Over Budget
P0109,201,Materials,Concrete,cubic_yard,20981,150.34,3154318.47,20632,163.42,3371777.13,217458.65999999968,6.893998246156789,Watch
P0109,202,Materials,Asphalt,ton,19174,88.45,1695998.92,23636,96.96,2291753.15,595754.23,35.127040646936265,Over Budget
P0109,203,Materials,Topsoil,cubic_yard,7899,39.38,311097.96,9436,44.3,418032.54,106934.57999999996,34.37328229346151,Over Budget
P0109,300,Equipment,Excavator,hour,6692,139.43,933093.17,6874,145.32,998936.52,65843.34999999998,7.056460396125284,Watch
P0109,301,Equipment,Bulldozer,hour,790,151.35,119567.57,926,155.64,144120.58,24553.00999999998,20.534840676280346,Over Budget
P0109,302,Equipment,Loader,hour,6001,114.74,688561.37,6353,114.42,726895.5,38334.130000000005,5.567278629063957,Watch
P0109,303,Equipment,Compactor,hour,12861,88.49,1138019.23,16705,94.09,1571779.19,433759.95999999996,38.11534537953282,Over Budget
P0109,400,Fuel,Diesel,gallon,20540,3.56,73035.68,24704,3.76,92805.05,19769.37000000001,27.06809877035445,Over Budget
P0109,500,Subcontractor,Concrete Work,job,7,29490.83,206435.82,7,30388.68,212720.77,6284.9499999999825,3.0445055514105945,On Budget
P0109,501,Subcontractor,Utility Work,job,11,21354.95,234904.45,11,20708.92,227798.1,-7106.350000000006,-3.0252087604130127,On Budget
P0110,100,Labor,General Labor,hour,12558,32.4,406902.18,12704,33.53,425924.84,19022.660000000033,4.674995842981238,On Budget
P0110,101,Labor,Equipment Operators,hour,2437,45.34,110490.72,2451,46.7,114470.83,3980.1100000000006,3.6022120228739576,On Budget
P0110,102,Labor,Supervisors,hour,9968,55.22,550384.66,9915,56.42,559436.47,9051.80999999994,1.6446334096593351,On Budget
P0110,103,Labor,Skilled Labor,hour,8460,45.28,383035.22,8600,48.28,415216.89,32181.670000000042,8.40175219396275,Watch
P0110,200,Materials,Gravel,ton,10354,32.07,332046.59,11538,30.79,355243.57,23196.97999999998,6.98606180536291,Watch
P0110,201,Materials,Concrete,cubic_yard,836,150.85,126109.97,1071,158.67,169935.72,43825.75,34.75201048735481,Over Budget
P0110,202,Materials,Asphalt,ton,10981,87.21,957670.34,11788,85.62,1009332.19,51661.84999999998,5.394533780799766,Watch
P0110,203,Materials,Topsoil,cubic_yard,4403,39.37,173326.84,4488,37.27,167282.66,-6044.179999999993,-3.487157557363876,On Budget
P0110,300,Equipment,Excavator,hour,547,128.22,70135.43,530,126.28,66929.92,-3205.5099999999948,-4.5704574706392975,On Budget
P0110,301,Equipment,Bulldozer,hour,4338,145.52,631250.45,4832,148.28,716507.42,85256.97000000009,13.506045025393659,Over Budget
P0110,302,Equipment,Loader,hour,277,127.46,35307.51,300,132.95,39884.41,4576.9000000000015,12.962964536439985,Over Budget
P0110,303,Equipment,Compactor,hour,1299,94.13,122269.86,1310,88.61,116081.05,-6188.809999999998,-5.061598990953288,Under Budget
P0110,400,Fuel,Diesel,gallon,18494,3.76,69615.5,17437,3.94,68621.7,-993.8000000000029,-1.4275556449353992,On Budget
P0110,500,Subcontractor,Concrete Work,job,6,29625.29,177751.76,5,28943.79,144718.95,-33032.81,-18.583675345886867,Under Budget
P0110,501,Subcontractor,Utility Work,job,5,22604.26,113021.32,5,23789.47,118947.34,5926.0199999999895,5.2432762243442115,Watch
P0111,100,Labor,General Labor,hour,1886,33.02,62275.62,2005,30.39,60924.46,-1351.1600000000035,-2.1696451998390436,On Budget
P0111,101,Labor,Equipment Operators,hour,15396,42.64,656481.52,16044,40.31,646808.26,-9673.26000000001,-1.4735007315971376,On Budget
P0111,102,Labor,Supervisors,hour,12914,53.43,689955.24,12505,52.67,658601.24,-31354.0,-4.5443527612023065,On Budget
P0111,103,Labor,Skilled Labor,hour,15421,49.04,756250.64,17768,52.85,939105.76,182855.12,24.179168959116517,Over Budget
P0111,200,Materials,Gravel,ton,10881,32.01,348332.14,11164,35.42,395419.36,47087.21999999997,13.517908511112402,Over Budget
P0111,201,Materials,Concrete,cubic_yard,5757,137.67,792592.6,6776,142.63,966440.57,173847.96999999997,21.934089467905704,Over Budget
P0111,202,Materials,Asphalt,ton,1272,98.8,125668.17,1146,105.93,121398.41,-4269.759999999995,-3.3976463570687745,On Budget
P0111,203,Materials,Topsoil,cubic_yard,12552,35.19,441750.42,12885,37.9,488398.9,46648.48000000004,10.559917520848092,Over Budget
P0111,300,Equipment,Excavator,hour,4591,126.3,579837.59,5269,135.65,714715.28,134877.69000000006,23.261287699543605,Over Budget
P0111,301,Equipment,Bulldozer,hour,7920,160.26,1269230.96,7238,160.76,1163592.15,-105638.81000000006,-8.323056506595147,Under Budget
P0111,302,Equipment,Loader,hour,1135,125.06,141942.24,1015,134.29,136302.61,-5639.630000000005,-3.9731865581380177,On Budget
P0111,303,Equipment,Compactor,hour,3895,89.16,347291.69,4274,89.97,384516.46,37224.77000000002,10.718589321846434,Over Budget
P0111,400,Fuel,Diesel,gallon,15290,3.67,56088.52,15507,3.92,60762.54,4674.020000000004,8.333291732425824,Watch
P0111,500,Subcontractor,Concrete Work,job,7,30237.0,211658.99,8,31905.33,255242.61,43583.619999999995,20.591433418443504,Over Budget
P0111,501,Subcontractor,Utility Work,job,3,23174.06,69522.18,3,21776.35,65329.05,-4193.12999999999,-6.0313557486258205,Under Budget
P0112,100,Labor,General Labor,hour,10409,30.52,317663.58,11065,32.68,361566.31,43902.72999999998,13.82051099468185,Over Budget
P0112,101,Labor,Equipment Operators,hour,6967,43.56,303457.48,7332,42.83,314014.51,10557.030000000028,3.4789157281606733,On Budget
P0112,102,Labor,Supervisors,hour,19232,54.84,1054635.71,19556,51.71,1011157.91,-43477.79999999993,-4.122541991300477,On Budget
P0112,103,Labor,Skilled Labor,hour,4901,51.5,252405.33,5134,56.68,290984.79,38579.45999999999,15.284724771858023,Over Budget
P0112,200,Materials,Gravel,ton,17839,33.97,606017.22,18663,33.29,621199.01,15181.790000000037,2.5051746879403916,On Budget
P0112,201,Materials,Concrete,cubic_yard,20852,136.96,2855972.29,22937,138.12,3168126.84,312154.5499999998,10.929887208394442,Over Budget
P0112,202,Materials,Asphalt,ton,6901,88.38,609893.81,6747,90.35,609571.05,-322.7600000000093,-0.052920687947301724,On Budget
P0112,203,Materials,Topsoil,cubic_yard,2237,38.87,86951.11,2280,39.21,89403.05,2451.9400000000023,2.819906496880836,On Budget
P0112,300,Equipment,Excavator,hour,4904,126.51,620380.62,4825,132.47,639154.82,18774.199999999953,3.026238956336185,On Budget
P0112,301,Equipment,Bulldozer,hour,3200,143.39,458860.95,2947,156.39,460887.09,2026.140000000014,0.44155860288394866,On Budget
P0112,302,Equipment,Loader,hour,10870,111.48,1211752.16,11047,118.84,1312777.55,101025.39000000013,8.337133065230116,Watch
P0112,303,Equipment,Compactor,hour,480,91.09,43723.48,510,91.96,46898.05,3174.5699999999997,7.260561144721326,Watch
P0112,400,Fuel,Diesel,gallon,88046,3.76,330845.52,82737,3.86,319609.8,-11235.72000000003,-3.396062307266554,On Budget
P0112,500,Subcontractor,Concrete Work,job,2,29997.32,59994.65,2,29213.36,58426.72,-1567.9300000000003,-2.6134496992648515,On Budget
P0112,501,Subcontractor,Utility Work,job,10,22566.72,225667.21,10,23268.57,232685.68,7018.470000000001,3.1100973863238712,On Budget
P0113,100,Labor,General Labor,hour,24414,31.38,766104.24,28596,32.24,921925.12,155820.88,20.3393835804903,Over Budget
P0113,101,Labor,Equipment Operators,hour,19601,39.58,775888.77,18647,39.91,744129.34,-31759.43000000005,-4.093296775000371,On Budget
P0113,102,Labor,Supervisors,hour,24332,50.62,1231770.51,24313,53.11,1291192.44,59421.929999999935,4.824107211334352,On Budget
P0113,103,Labor,Skilled Labor,hour,19192,46.1,884781.38,17519,48.03,841465.04,-43316.33999999997,-4.895711073847414,On Budget
P0113,200,Materials,Gravel,ton,10781,35.03,377690.72,11128,34.27,381304.4,3613.680000000051,0.9567828407327698,On Budget
P0113,201,Materials,Concrete,cubic_yard,7026,151.99,1067894.64,9048,162.25,1468042.2,400147.56000000006,37.47069654736727,Over Budget
P0113,202,Materials,Asphalt,ton,15808,96.94,1532449.57,16234,105.25,1708704.61,176255.04000000004,11.501523015860158,Over Budget
P0113,203,Materials,Topsoil,cubic_yard,23352,38.54,899885.19,24367,44.01,1072401.03,172515.84000000008,19.17087223093427,Over Budget
P0113,300,Equipment,Excavator,hour,3314,135.97,450595.94,3867,146.04,564731.58,114135.63999999996,25.329930846691596,Over Budget
P0113,301,Equipment,Bulldozer,hour,12996,144.88,1882912.67,13049,153.31,2000506.16,117593.48999999999,6.245297080081786,Watch
P0113,302,Equipment,Loader,hour,6377,126.92,809397.64,6546,129.03,844648.21,35250.56999999995,4.355160956486103,On Budget
P0113,303,Equipment,Compactor,hour,913,101.01,92222.15,1172,106.78,125151.5,32929.350000000006,35.706552059348006,Over Budget
P0113,400,Fuel,Diesel,gallon,75412,3.56,268687.4,72853,3.62,263979.46,-4707.940000000002,-1.7521997682064743,On Budget
P0113,500,Subcontractor,Concrete Work,job,10,27952.02,279520.2,10,28217.61,282176.08,2655.8800000000047,0.9501567328586644,On Budget
P0113,501,Subcontractor,Utility Work,job,3,20571.48,61714.43,3,22824.44,68473.31,6758.879999999997,10.951863283838152,Over Budget
P0114,100,Labor,General Labor,hour,2696,34.4,92738.0,2659,34.6,91989.51,-748.4900000000052,-0.8071017274472226,On Budget
P0114,101,Labor,Equipment Operators,hour,15769,41.74,658180.28,17556,42.48,745811.49,87631.20999999996,13.314165231446918,Over Budget
P0114,102,Labor,Supervisors,hour,4184,57.35,239968.98,4544,58.77,267063.41,27094.429999999964,11.290805169901526,Over Budget
P0114,103,Labor,Skilled Labor,hour,3641,48.73,177437.87,3376,48.76,164618.96,-12818.910000000003,-7.224449887726901,Under Budget
P0114,200,Materials,Gravel,ton,6400,31.87,203957.38,6888,31.27,215389.94,11432.559999999998,5.605367160531282,Watch
P0114,201,Materials,Concrete,cubic_yard,1124,148.51,166922.61,1130,148.51,167816.94,894.3300000000163,0.5357752314081455,On Budget
P0114,202,Materials,Asphalt,ton,3991,92.77,370228.77,4407,93.63,412621.97,42393.19999999995,11.450541782584848,Over Budget
P0114,203,Materials,Topsoil,cubic_yard,549,38.29,21021.59,553,37.25,20596.56,-425.02999999999884,-2.0218737022270856,On Budget
P0114,300,Equipment,Excavator,hour,4375,132.43,579368.64,4871,134.17,653520.0,74151.35999999999,12.798649233068602,Over Budget
P0114,301,Equipment,Bulldozer,hour,1173,161.67,189638.88,1258,170.74,214791.1,25152.22,13.26321901922222,Over Budget
P0114,302,Equipment,Loader,hour,4089,114.46,468022.37,4195,119.12,499696.19,31673.820000000007,6.76758677154684,Watch
P0114,303,Equipment,Compactor,hour,421,88.31,37177.5,436,89.8,39153.74,1976.239999999998,5.315688252303135,Watch
P0114,400,Fuel,Diesel,gallon,23466,3.79,89041.47,20044,4.12,82503.46,-6538.009999999995,-7.342657303389077,Under Budget
P0114,500,Subcontractor,Concrete Work,job,8,30029.78,240238.26,8,30098.78,240790.25,551.9899999999907,0.22976773141796425,On Budget
P0114,501,Subcontractor,Utility Work,job,4,23533.12,94132.48,4,22787.24,91148.95,-2983.529999999999,-3.169501111624807,On Budget
P0115,100,Labor,General Labor,hour,1519,33.99,51632.46,1618,35.03,56685.0,5052.540000000001,9.785588368247417,Watch
P0115,101,Labor,Equipment Operators,hour,6452,41.4,267104.23,6520,43.2,281680.57,14576.340000000026,5.457173029420023,Watch
P0115,102,Labor,Supervisors,hour,5813,52.85,307232.56,6356,52.69,334874.69,27642.130000000005,8.997135590055953,Watch
P0115,103,Labor,Skilled Labor,hour,2423,45.05,109165.78,2502,44.64,111685.07,2519.290000000008,2.30776530887244,On Budget
P0115,200,Materials,Gravel,ton,1903,32.15,61181.83,2486,36.37,90413.97,29232.14,47.779120042666264,Over Budget
P0115,201,Materials,Concrete,cubic_yard,2069,150.56,311502.36,2188,145.44,318227.5,6725.140000000014,2.158937094409177,On Budget
P0115,202,Materials,Asphalt,ton,2256,95.78,216082.67,3027,101.26,306510.46,90427.79000000001,41.848700777346004,Over Budget
P0115,203,Materials,Topsoil,cubic_yard,6803,40.45,275149.66,8502,43.88,373095.17,97945.51000000001,35.597176460258034,Over Budget
P0115,300,Equipment,Excavator,hour,3455,129.07,445936.43,4406,140.9,620821.45,174885.01999999996,39.21747770192267,Over Budget
P0115,301,Equipment,Bulldozer,hour,3689,147.82,545313.04,4215,158.77,669229.97,123916.92999999993,22.723999044658814,Over Budget
P0115,302,Equipment,Loader,hour,2300,115.78,266287.15,2274,113.6,258322.26,-7964.890000000014,-2.991090632799973,On Budget
P0115,303,Equipment,Compactor,hour,1339,97.03,129928.52,1242,94.93,117907.73,-12020.790000000008,-9.251848631847732,Under Budget
P0115,400,Fuel,Diesel,gallon,12764,3.87,49420.2,13871,4.08,56596.03,7175.830000000002,14.520034317950964,Over Budget
P0115,500,Subcontractor,Concrete Work,job,5,27335.32,136676.62,6,29217.83,175307.0,38630.380000000005,28.264073255542904,Over Budget
P0115,501,Subcontractor,Utility Work,job,4,22843.08,91372.3,4,21547.17,86188.67,-5183.630000000005,-5.673086920215431,Under Budget
P0116,100,Labor,General Labor,hour,17320,33.64,582571.04,15999,33.76,540051.37,-42519.67000000004,-7.298624044202411,Under Budget
P0116,101,Labor,Equipment Operators,hour,5465,44.77,244642.82,5827,44.74,260673.37,16030.549999999988,6.552634571494879,Watch
P0116,102,Labor,Supervisors,hour,9582,51.1,489647.22,11838,58.42,691545.98,201898.76,41.23351501924182,Over Budget
P0116,103,Labor,Skilled Labor,hour,9393,47.44,445609.28,10608,51.03,541357.53,95748.25,21.487041293215437,Over Budget
P0116,200,Materials,Gravel,ton,7511,32.89,247067.66,6954,32.47,225764.52,-21303.140000000014,-8.622391129620127,Under Budget
P0116,201,Materials,Concrete,cubic_yard,17466,152.76,2668181.43,17773,152.82,2715990.82,47809.389999999665,1.7918342981646365,On Budget
P0116,202,Materials,Asphalt,ton,12447,92.64,1153148.75,12697,93.03,1181158.39,28009.639999999898,2.428970243431292,On Budget
P0116,203,Materials,Topsoil,cubic_yard,15681,37.05,580943.24,15312,36.19,554112.93,-26830.30999999994,-4.618404717128637,On Budget
P0116,300,Equipment,Excavator,hour,12673,131.72,1669266.27,13223,134.77,1782064.49,112798.21999999997,6.757353337044303,Watch
P0116,301,Equipment,Bulldozer,hour,12930,156.98,2029693.44,17199,173.78,2988767.12,959073.6800000002,47.252144639143154,Over Budget
P0116,302,Equipment,Loader,hour,5144,126.32,649792.89,4627,131.72,609478.36,-40314.53000000003,-6.204212237533105,Under Budget
P0116,303,Equipment,Compactor,hour,3691,96.43,355907.34,4009,92.87,372329.97,16422.629999999946,4.614299328583655,On Budget
P0116,400,Fuel,Diesel,gallon,93315,3.87,361153.35,99281,4.13,409941.69,48788.340000000026,13.509037089092493,Over Budget
P0116,500,Subcontractor,Concrete Work,job,5,29643.21,148216.06,5,29269.11,146345.57,-1870.4899999999907,-1.262002241862313,On Budget
P0116,501,Subcontractor,Utility Work,job,13,22470.74,292119.58,13,22425.32,291529.21,-590.3699999999953,-0.20209874326123412,On Budget
P0117,100,Labor,General Labor,hour,2370,32.58,77207.81,2409,34.42,82917.33,5709.520000000004,7.395003173901713,Watch
P0117,101,Labor,Equipment Operators,hour,5010,44.37,222309.41,5375,44.36,238419.73,16110.320000000007,7.2468007539581905,Watch
P0117,102,Labor,Supervisors,hour,6278,54.21,340326.87,6727,58.18,391345.25,51018.380000000005,14.990993805455327,Over Budget
P0117,103,Labor,Skilled Labor,hour,5883,46.43,273148.87,5995,47.93,287323.53,14174.660000000033,5.189353336881838,Watch
P0117,200,Materials,Gravel,ton,13397,35.29,472747.59,14070,37.03,521055.88,48308.28999999998,10.218622161564054,Over Budget
P0117,201,Materials,Concrete,cubic_yard,11148,136.43,1520933.38,11711,141.25,1654221.06,133287.68000000017,8.763544922657966,Watch
P0117,202,Materials,Asphalt,ton,548,94.72,51904.08,708,105.47,74673.87,22769.789999999994,43.86897908603715,Over Budget
P0117,203,Materials,Topsoil,cubic_yard,2748,39.62,108870.32,3614,42.64,154088.79,45218.47,41.534249187473684,Over Budget
P0117,300,Equipment,Excavator,hour,5825,144.15,839683.59,4817,148.49,715278.47,-124405.12,-14.815714095353465,Under Budget
P0117,301,Equipment,Bulldozer,hour,1589,157.24,249853.94,1794,160.91,288666.24,38812.29999999999,15.533995581578578,Over Budget
P0117,302,Equipment,Loader,hour,6718,119.87,805320.14,7550,130.35,984156.44,178836.29999999993,22.206858008046332,Over Budget
P0117,303,Equipment,Compactor,hour,5090,98.41,500915.9,5163,102.16,527435.19,26519.28999999992,5.294160157423615,Watch
P0117,400,Fuel,Diesel,gallon,44587,3.55,158445.49,51641,3.9,201393.8,42948.31,27.106047638212992,Over Budget
P0117,500,Subcontractor,Concrete Work,job,4,25926.57,103706.28,4,25567.65,102270.58,-1435.699999999997,-1.3843906077818982,On Budget
P0117,501,Subcontractor,Utility Work,job,3,20729.49,62188.46,3,21246.8,63740.41,1551.9500000000044,2.4955594655342876,On Budget
P0118,100,Labor,General Labor,hour,4981,30.13,150089.32,5139,30.55,156974.08,6884.75999999998,4.587108529774124,On Budget
P0118,101,Labor,Equipment Operators,hour,7481,44.48,332725.47,7194,42.66,306907.73,-25817.73999999999,-7.759472095719031,Under Budget
P0118,102,Labor,Supervisors,hour,1184,56.98,67461.24,1269,54.37,68993.53,1532.2899999999936,2.271363526671009,On Budget
P0118,103,Labor,Skilled Labor,hour,4999,51.69,258412.69,4634,54.67,253317.94,-5094.75,-1.971555653865141,On Budget
P0118,200,Materials,Gravel,ton,10054,33.7,338833.92,10483,33.56,351788.82,12954.900000000023,3.8233775414220705,On Budget
P0118,201,Materials,Concrete,cubic_yard,2880,143.81,414166.54,2926,149.17,436480.63,22314.090000000026,5.387709494832689,Watch
P0118,202,Materials,Asphalt,ton,8505,85.43,726542.15,8572,95.04,814645.0,88102.84999999998,12.126323297278757,Over Budget
P0118,203,Materials,Topsoil,cubic_yard,9054,40.1,363062.23,9150,41.08,375919.4,12857.170000000042,3.5413130140251834,On Budget
P0118,300,Equipment,Excavator,hour,4211,138.79,584444.02,4836,148.01,715782.42,131338.40000000002,22.47236613012141,Over Budget
P0118,301,Equipment,Bulldozer,hour,3099,149.81,464271.81,3015,157.89,476052.42,11780.609999999986,2.537438144262945,On Budget
P0118,302,Equipment,Loader,hour,2377,123.74,294129.86,3016,137.22,413855.18,119725.32,40.70491856896135,Over Budget
P0118,303,Equipment,Compactor,hour,3536,93.02,328929.0,3827,92.75,354966.49,26037.48999999999,7.915838980448665,Watch
P0118,400,Fuel,Diesel,gallon,7066,4.14,29219.18,7130,4.38,31205.2,1986.0200000000004,6.796973768599941,Watch
P0118,500,Subcontractor,Concrete Work,job,2,29795.25,59590.5,2,31104.69,62209.37,2618.8700000000026,4.394777691074924,On Budget
P0118,501,Subcontractor,Utility Work,job,5,22468.4,112342.01,5,24423.45,122117.27,9775.26000000001,8.7013397748536,Watch
P0119,100,Labor,General Labor,hour,1662,31.45,52275.45,1604,30.88,49524.32,-2751.1299999999974,-5.262757183343228,Under Budget
P0119,101,Labor,Equipment Operators,hour,1212,41.53,50340.07,1144,41.3,47250.69,-3089.3799999999974,-6.137019674386622,Under Budget
P0119,102,Labor,Supervisors,hour,1111,55.54,61700.96,1262,58.07,73278.76,11577.799999999996,18.764375789290792,Over Budget
P0119,103,Labor,Skilled Labor,hour,963,46.31,44591.87,917,48.85,44794.18,202.30999999999767,0.4536925677259053,On Budget
P0119,200,Materials,Gravel,ton,1386,35.9,49752.18,1388,37.04,51406.93,1654.75,3.3259849116159335,On Budget
P0119,201,Materials,Concrete,cubic_yard,1756,145.93,256261.56,1808,148.68,268808.5,12546.940000000002,4.896145953376699,On Budget
P0119,202,Materials,Asphalt,ton,1674,93.11,155858.22,1878,96.93,182028.33,26170.109999999986,16.790971948736477,Over Budget
P0119,203,Materials,Topsoil,cubic_yard,190,38.26,7268.75,181,40.25,7286.03,17.279999999999745,0.23773000859844878,On Budget
P0119,300,Equipment,Excavator,hour,628,144.57,90792.38,626,149.28,93447.53,2655.149999999994,2.9244194281502414,On Budget
P0119,301,Equipment,Bulldozer,hour,397,166.54,66114.59,402,163.28,65639.32,-475.2699999999895,-0.7188579706839133,On Budget
P0119,302,Equipment,Loader,hour,753,129.55,97553.35,815,132.35,107861.46,10308.11,10.566638664894645,Over Budget
P0119,303,Equipment,Compactor,hour,405,89.06,36069.61,435,77.45,33689.9,-2379.709999999999,-6.597548462542287,Under Budget
P0119,400,Fuel,Diesel,gallon,5441,3.54,19283.88,5148,3.38,17402.8,-1881.0800000000017,-9.754675926214027,Under Budget
P0119,500,Subcontractor,Concrete Work,job,1,27454.12,27454.12,1,27189.26,27189.26,-264.8600000000006,-0.9647368045306155,On Budget
P0119,501,Subcontractor,Utility Work,job,1,23070.16,23070.16,1,22450.74,22450.74,-619.4199999999983,-2.684940199807883,On Budget
P0120,100,Labor,General Labor,hour,9096,32.39,294635.46,9427,32.56,306965.53,12330.070000000007,4.184856093017455,On Budget
P0120,101,Labor,Equipment Operators,hour,11540,40.15,463304.98,12233,44.28,541684.65,78379.67000000004,16.91751079386197,Over Budget
P0120,102,Labor,Supervisors,hour,21385,53.58,1145890.69,19412,53.89,1046165.95,-99724.73999999999,-8.702814401956612,Under Budget
P0120,103,Labor,Skilled Labor,hour,18112,44.49,805807.53,21128,47.4,1001376.13,195568.59999999998,24.26988985818983,Over Budget
P0120,200,Materials,Gravel,ton,19955,35.86,715592.85,20534,38.87,798201.31,82608.46000000008,11.544058887676153,Over Budget
P0120,201,Materials,Concrete,cubic_yard,6625,141.23,935672.75,6310,136.98,864355.03,-71317.71999999997,-7.622079407570646,Under Budget
P0120,202,Materials,Asphalt,ton,9748,86.45,842697.1,10573,88.94,940410.47,97713.37,11.595313428751563,Over Budget
P0120,203,Materials,Topsoil,cubic_yard,9920,38.57,382621.75,10188,39.57,403123.31,20501.559999999998,5.358179455297562,Watch
P0120,300,Equipment,Excavator,hour,7502,139.84,1049101.68,6860,146.28,1003479.79,-45621.8899999999,-4.348662371792208,On Budget
P0120,301,Equipment,Bulldozer,hour,7168,155.04,1111329.73,8753,174.26,1525327.11,413997.3800000001,37.25243452274062,Over Budget
P0120,302,Equipment,Loader,hour,7362,115.09,847286.82,7544,122.57,924644.37,77357.55000000005,9.130031079676188,Watch
P0120,303,Equipment,Compactor,hour,7606,102.01,775920.81,8383,103.69,869216.62,93295.80999999994,12.02388295269461,Over Budget
P0120,400,Fuel,Diesel,gallon,85732,3.71,317699.85,98598,3.86,380216.71,62516.860000000044,19.677963335519376,Over Budget
P0120,500,Subcontractor,Concrete Work,job,14,26339.03,368746.42,14,26585.71,372199.99,3453.570000000007,0.9365704486025944,On Budget
P0120,501,Subcontractor,Utility Work,job,13,22478.28,292217.62,13,23096.55,300255.21,8037.590000000026,2.750549402188693,On Budget
P0121,100,Labor,General Labor,hour,14473,33.53,485289.83,14026,32.04,449382.74,-35907.090000000026,-7.3991020994608565,Under Budget
P0121,101,Labor,Equipment Operators,hour,12453,40.61,505733.18,13726,44.53,611220.08,105486.89999999997,20.85821222961878,Over Budget
P0121,102,Labor,Supervisors,hour,8748,53.04,463976.43,10075,51.32,517042.48,53066.04999999999,11.437229688585687,Over Budget
P0121,103,Labor,Skilled Labor,hour,6032,44.76,269967.79,6936,45.73,317194.28,47226.49000000005,17.493379487975233,Over Budget
P0121,200,Materials,Gravel,ton,14667,35.06,514188.67,14977,37.62,563371.54,49182.87000000005,9.565140748822811,Watch
P0121,201,Materials,Concrete,cubic_yard,15153,153.97,2333089.36,18586,169.77,3155385.16,822295.8000000003,35.2449337817048,Over Budget
P0121,202,Materials,Asphalt,ton,11688,88.85,1038509.91,11935,82.11,979946.73,-58563.18000000005,-5.639154661509204,Under Budget
P0121,203,Materials,Topsoil,cubic_yard,16251,39.59,643435.91,17880,40.09,716773.54,73337.63,11.397814274929106,Over Budget
P0121,300,Equipment,Excavator,hour,3460,135.83,469977.09,3515,137.67,483910.04,13932.949999999953,2.964601955384666,On Budget
P0121,301,Equipment,Bulldozer,hour,6042,166.19,1004105.37,6983,189.19,1321116.5,317011.13,31.571500309773263,Over Budget
P0121,302,Equipment,Loader,hour,6471,129.45,837678.54,6130,130.43,799558.03,-38120.51000000001,-4.550732551892759,On Budget
P0121,303,Equipment,Compactor,hour,1290,96.2,124093.5,1365,95.17,129911.86,5818.360000000001,4.688690382655015,On Budget
P0121,400,Fuel,Diesel,gallon,21719,4.04,87804.47,25099,4.16,104294.83,16490.36,18.78077505621297,Over Budget
P0121,500,Subcontractor,Concrete Work,job,5,29048.34,145241.7,6,31638.91,189833.46,44591.75999999998,30.701761271039913,Over Budget
P0121,501,Subcontractor,Utility Work,job,8,20398.17,163185.38,9,21099.37,189894.32,26708.940000000002,16.367238290587064,Over Budget
P0122,100,Labor,General Labor,hour,2920,32.26,94212.27,2985,33.31,99438.13,5225.860000000001,5.546899570512418,Watch
P0122,101,Labor,Equipment Operators,hour,2085,40.88,85226.91,2040,41.94,85564.43,337.5199999999895,0.3960251521497019,On Budget
P0122,102,Labor,Supervisors,hour,991,52.33,51860.96,1246,57.88,72124.26,20263.299999999996,39.07235808978468,Over Budget
P0122,103,Labor,Skilled Labor,hour,1337,46.22,61801.26,1368,45.08,61674.71,-126.55000000000291,-0.20476928787536516,On Budget
P0122,200,Materials,Gravel,ton,2318,32.17,74578.82,2433,32.21,78366.74,3787.9199999999983,5.079082774439175,Watch
P0122,201,Materials,Concrete,cubic_yard,1712,139.54,238885.21,1934,146.87,284053.76,45168.55000000002,18.908056300346104,Over Budget
P0122,202,Materials,Asphalt,ton,2115,97.95,207162.9,2235,98.49,220120.44,12957.540000000008,6.254758936083638,Watch
P0122,203,Materials,Topsoil,cubic_yard,2510,40.61,101928.96,2633,43.74,115154.93,13225.969999999987,12.97567443050531,Over Budget
P0122,300,Equipment,Excavator,hour,507,145.68,73859.61,600,165.97,99579.74,25720.130000000005,34.822997305293114,Over Budget
P0122,301,Equipment,Bulldozer,hour,147,164.59,24195.19,149,164.57,24521.54,326.3500000000022,1.3488218112773744,On Budget
P0122,302,Equipment,Loader,hour,1146,121.6,139348.47,1143,128.12,146437.44,7088.970000000001,5.087224854352545,Watch
P0122,303,Equipment,Compactor,hour,182,101.75,18518.99,189,107.5,20318.26,1799.2699999999968,9.715810635461203,Watch
P0122,400,Fuel,Diesel,gallon,5702,3.95,22522.32,6306,4.04,25474.73,2952.41,13.108818274493924,Over Budget
P0122,500,Subcontractor,Concrete Work,job,2,26437.57,52875.14,3,28275.7,84827.11,31951.97,60.429097681821744,Over Budget
P0122,501,Subcontractor,Utility Work,job,1,20803.54,20803.54,1,20375.8,20375.8,-427.7400000000016,-2.0560923765859154,On Budget
P0123,100,Labor,General Labor,hour,21354,33.05,705676.17,22113,33.11,732130.87,26454.699999999953,3.7488441759341193,On Budget
P0123,101,Labor,Equipment Operators,hour,16716,43.07,720016.4,18198,43.5,791557.03,71540.63,9.935972291742244,Watch
P0123,102,Labor,Supervisors,hour,15357,57.05,876091.75,17110,57.49,983695.59,107603.83999999997,12.282256966807411,Over Budget
P0123,103,Labor,Skilled Labor,hour,3519,49.33,173591.83,3438,52.21,179483.02,5891.190000000002,3.3937023418671277,On Budget
P0123,200,Materials,Gravel,ton,6383,34.91,222828.42,6851,39.14,268168.59,45340.17000000001,20.347570565729455,Over Budget
P0123,201,Materials,Concrete,cubic_yard,3869,150.0,580344.59,3854,162.26,625368.16,45023.570000000065,7.758075249740859,Watch
P0123,202,Materials,Asphalt,ton,12390,96.66,1197595.11,13513,95.97,1296895.66,99300.54999999981,8.291662947755341,Watch
P0123,203,Materials,Topsoil,cubic_yard,12646,35.52,449210.34,13525,36.48,493396.47,44186.12999999995,9.83640091632796,Watch
P0123,300,Equipment,Excavator,hour,2413,141.61,341701.51,2664,147.2,392134.2,50432.69,14.759282158279019,Over Budget
P0123,301,Equipment,Bulldozer,hour,9635,147.54,1421505.88,10115,154.64,1564180.2,142674.32000000007,10.036843463496618,Over Budget
P0123,302,Equipment,Loader,hour,9565,122.57,1172414.41,9502,123.73,1175726.47,3312.060000000056,0.2824990866497501,On Budget
P0123,303,Equipment,Compactor,hour,6894,94.01,648086.28,6118,97.49,596442.66,-51643.619999999995,-7.968633435659214,Under Budget
P0123,400,Fuel,Diesel,gallon,56325,3.56,200563.76,59211,3.32,196469.22,-4094.540000000008,-2.0415153764568474,On Budget
P0123,500,Subcontractor,Concrete Work,job,11,29802.51,327827.61,12,28008.88,336106.53,8278.920000000042,2.525388267327466,On Budget
P0123,501,Subcontractor,Utility Work,job,10,21201.0,212010.02,11,22346.68,245813.48,33803.46000000002,15.94427470928026,Over Budget
P0124,100,Labor,General Labor,hour,6027,32.43,195474.87,6629,33.7,223389.37,27914.5,14.280352251928855,Over Budget
P0124,101,Labor,Equipment Operators,hour,8549,43.35,370633.49,7960,39.69,315927.58,-54705.909999999974,-14.7601097785308,Under Budget
P0124,102,Labor,Supervisors,hour,5909,50.89,300724.61,5786,51.05,295367.52,-5357.089999999967,-1.7813939471066127,On Budget
P0124,103,Labor,Skilled Labor,hour,2356,49.54,116706.63,2931,52.6,154175.16,37468.53,32.1048855579156,Over Budget
P0124,200,Materials,Gravel,ton,9669,36.49,352860.2,11025,36.05,397437.79,44577.58999999997,12.633215647443368,Over Budget
P0124,201,Materials,Concrete,cubic_yard,6891,141.52,975220.54,6929,135.36,937898.5,-37322.04000000004,-3.82703588257073,On Budget
P0124,202,Materials,Asphalt,ton,5568,92.89,517231.99,6038,99.44,600428.45,83196.45999999996,16.084940917904163,Over Budget
P0124,203,Materials,Topsoil,cubic_yard,6080,35.54,216103.94,5878,37.32,219370.43,3266.4899999999907,1.5115365319114453,On Budget
P0124,300,Equipment,Excavator,hour,781,133.16,103997.11,825,137.67,113577.55,9580.440000000002,9.212217531814106,Watch
P0124,301,Equipment,Bulldozer,hour,3578,145.83,521787.41,3881,155.36,602970.27,81182.86000000004,15.55860843786937,Over Budget
P0124,302,Equipment,Loader,hour,1549,124.5,192850.76,1491,124.32,185361.3,-7489.460000000021,-3.8835522348991622,On Budget
P0124,303,Equipment,Compactor,hour,784,98.61,77308.04,840,98.91,83082.38,5774.340000000011,7.469261929289646,Watch
P0124,400,Fuel,Diesel,gallon,27847,3.86,107519.76,29350,4.09,119944.59,12424.830000000002,11.555857267538546,Over Budget
P0124,500,Subcontractor,Concrete Work,job,3,27459.26,82377.78,3,28189.4,84568.2,2190.4199999999983,2.6589937237929915,On Budget
P0124,501,Subcontractor,Utility Work,job,5,23463.94,117319.68,5,23201.3,116006.5,-1313.179999999993,-1.119317747883384,On Budget
P0125,100,Labor,General Labor,hour,8455,31.33,264934.86,9215,32.78,302085.13,37150.27000000002,14.022416680085067,Over Budget
P0125,101,Labor,Equipment Operators,hour,2424,39.69,96210.57,2505,40.84,102312.07,6101.5,6.34181878352867,Watch
P0125,102,Labor,Supervisors,hour,4317,51.37,221781.5,4293,52.13,223798.03,2016.5299999999988,0.909241753708041,On Budget
P0125,103,Labor,Skilled Labor,hour,2636,45.21,119183.6,2709,46.43,125774.6,6591.0,5.530123271993798,Watch
P0125,200,Materials,Gravel,ton,6052,33.58,203205.12,5600,33.78,189161.17,-14043.949999999983,-6.911218575594937,Under Budget
P0125,201,Materials,Concrete,cubic_yard,7468,153.66,1147527.35,7511,163.97,1231611.18,84083.82999999984,7.327392240367939,Watch
P0125,202,Materials,Asphalt,ton,4502,85.06,382926.32,4745,90.37,428807.8,45881.47999999998,11.981803705736388,Over Budget
P0125,203,Materials,Topsoil,cubic_yard,1834,35.59,65268.44,1718,33.55,57639.62,-7628.82,-11.688374963458601,Under Budget
P0125,300,Equipment,Excavator,hour,5278,139.84,738058.26,5668,145.38,824007.44,85949.17999999993,11.64531103547299,Over Budget
P0125,301,Equipment,Bulldozer,hour,3918,152.67,598145.45,5264,175.36,923080.92,324935.4700000001,54.323822073711355,Over Budget
P0125,302,Equipment,Loader,hour,3090,111.76,345328.77,3211,117.11,376032.27,30703.5,8.891092392910096,Watch
P0125,303,Equipment,Compactor,hour,3982,88.69,353169.72,4351,96.88,421534.53,68364.81000000006,19.357494747850996,Over Budget
P0125,400,Fuel,Diesel,gallon,23944,4.03,96484.99,28081,4.37,122851.93,26366.939999999988,27.327504516505613,Over Budget
P0125,500,Subcontractor,Concrete Work,job,2,29676.34,59352.67,2,29286.5,58573.0,-779.6699999999983,-1.3136224537160641,On Budget
P0125,501,Subcontractor,Utility Work,job,5,23462.88,117314.42,5,25050.59,125252.93,7938.509999999995,6.766866340898242,Watch
P0126,100,Labor,General Labor,hour,1755,30.96,54331.52,1947,30.42,59227.07,4895.550000000003,9.01051544296939,Watch
P0126,101,Labor,Equipment Operators,hour,696,45.08,31372.74,934,48.31,45118.4,13745.66,43.81402453212566,Over Budget
P0126,102,Labor,Supervisors,hour,306,53.17,16271.17,298,55.66,16586.49,315.3200000000015,1.937906124759323,On Budget
P0126,103,Labor,Skilled Labor,hour,589,49.1,28916.96,653,51.47,33606.91,4689.950000000004,16.218682738434484,Over Budget
P0126,200,Materials,Gravel,ton,2111,34.97,73827.1,2190,34.55,75655.28,1828.179999999993,2.476299353489427,On Budget
P0126,201,Materials,Concrete,cubic_yard,1132,154.26,174622.51,982,158.93,156073.92,-18548.589999999997,-10.622107081154656,Under Budget
P0126,202,Materials,Asphalt,ton,885,87.97,77854.51,1120,94.24,105547.0,27692.490000000005,35.56953861760868,Over Budget
P0126,203,Materials,Topsoil,cubic_yard,476,35.72,17003.82,486,36.36,17670.44,666.619999999999,3.9204131777447597,On Budget
P0126,300,Equipment,Excavator,hour,452,136.33,61620.68,420,136.4,57288.16,-4332.519999999997,-7.0309512975189445,Under Budget
P0126,301,Equipment,Bulldozer,hour,529,165.43,87511.26,517,181.58,93875.84,6364.580000000002,7.272869799840617,Watch
P0126,302,Equipment,Loader,hour,727,111.02,80712.71,654,116.36,76097.93,-4614.780000000013,-5.71753816716105,Under Budget
P0126,303,Equipment,Compactor,hour,248,99.67,24719.36,289,109.05,31515.3,6795.939999999999,27.49237844345484,Over Budget
P0126,400,Fuel,Diesel,gallon,2464,4.0,9858.95,2408,4.26,10254.49,395.53999999999905,4.011989106344986,On Budget
P0126,500,Subcontractor,Concrete Work,job,1,29623.12,29623.12,1,29875.67,29875.67,252.54999999999927,0.8525435538187717,On Budget
P0126,501,Subcontractor,Utility Work,job,1,21472.67,21472.67,1,22096.01,22096.01,623.3400000000001,2.9029459308041345,On Budget
P0127,100,Labor,General Labor,hour,12396,32.96,408537.64,12491,35.13,438860.56,30322.919999999984,7.422307525935672,Watch
P0127,101,Labor,Equipment Operators,hour,24669,45.05,1111385.96,25424,46.62,1185242.45,73856.48999999999,6.645440257316189,Watch
P0127,102,Labor,Supervisors,hour,23009,52.68,1212136.41,22838,56.96,1300914.23,88777.82000000007,7.324078318875024,Watch
P0127,103,Labor,Skilled Labor,hour,21677,50.9,1103365.08,21667,52.57,1138993.11,35628.03000000003,3.2290336757802796,On Budget
P0127,200,Materials,Gravel,ton,8825,34.1,300912.46,9915,37.15,368338.85,67426.38999999996,22.407310750774478,Over Budget
P0127,201,Materials,Concrete,cubic_yard,5657,151.86,859065.68,5400,150.39,812123.63,-46942.05000000005,-5.464314439845862,Under Budget
P0127,202,Materials,Asphalt,ton,22378,96.94,2169370.89,21716,99.81,2167444.33,-1926.5600000000559,-0.08880731316534148,On Budget
P0127,203,Materials,Topsoil,cubic_yard,15126,37.71,570390.43,15219,36.3,552414.18,-17976.25,-3.1515693557481317,On Budget
P0127,300,Equipment,Excavator,hour,2412,144.88,349456.8,2588,154.16,398967.66,49510.859999999986,14.167948656314596,Over Budget
P0127,301,Equipment,Bulldozer,hour,5668,165.5,938039.29,7429,177.33,1317416.66,379377.3699999999,40.44365455097301,Over Budget
P0127,302,Equipment,Loader,hour,4458,120.37,536623.06,4624,128.39,593683.11,57060.04999999993,10.633171448129703,Over Budget
P0127,303,Equipment,Compactor,hour,5421,101.79,551786.44,5678,108.87,618156.83,66370.39000000001,12.028274924624828,Over Budget
P0127,400,Fuel,Diesel,gallon,41450,3.54,146850.83,40938,3.57,146172.3,-678.5299999999988,-0.46205390871811813,On Budget
P0127,500,Subcontractor,Concrete Work,job,3,27317.06,81951.18,3,28307.58,84922.74,2971.560000000012,3.626012462541738,On Budget
P0127,501,Subcontractor,Utility Work,job,7,21619.69,151337.8,7,23213.64,162495.51,11157.710000000021,7.372718514475578,Watch
P0128,100,Labor,General Labor,hour,8073,32.09,259102.81,8850,32.42,286925.49,27822.679999999993,10.738085009575926,Over Budget
P0128,101,Labor,Equipment Operators,hour,8724,42.94,374565.4,8585,42.48,364697.34,-9868.059999999998,-2.6345359181600854,On Budget
P0128,102,Labor,Supervisors,hour,1386,59.1,81906.39,1481,60.19,89134.38,7227.990000000005,8.824696095139837,Watch
P0128,103,Labor,Skilled Labor,hour,9108,48.02,437363.56,10437,52.73,550315.14,112951.58000000002,25.82555803231527,Over Budget
P0128,200,Materials,Gravel,ton,8192,35.97,294652.11,8466,37.15,314504.68,19852.570000000007,6.737630353300375,Watch
P0128,201,Materials,Concrete,cubic_yard,6780,139.54,946098.82,7376,142.71,1052617.94,106519.12,11.258773158600917,Over Budget
P0128,202,Materials,Asphalt,ton,4700,86.52,406645.76,6042,95.6,577640.7,170994.93999999994,42.05009785421098,Over Budget
P0128,203,Materials,Topsoil,cubic_yard,3225,35.99,116059.21,3233,35.69,115381.59,-677.6200000000099,-0.5838571536028979,On Budget
P0128,300,Equipment,Excavator,hour,1892,134.26,254014.93,2004,134.5,269531.33,15516.400000000023,6.108459845253987,Watch
P0128,301,Equipment,Bulldozer,hour,1786,148.29,264852.66,1986,152.06,301993.25,37140.590000000026,14.023113832422915,Over Budget
P0128,302,Equipment,Loader,hour,335,122.02,40876.27,374,125.33,46874.81,5998.540000000001,14.674871263938712,Over Budget
P0128,303,Equipment,Compactor,hour,363,101.63,36890.53,417,104.74,43678.19,6787.6600000000035,18.399464578036703,Over Budget
P0128,400,Fuel,Diesel,gallon,33188,3.86,127992.82,37890,3.94,149155.58,21162.75999999998,16.534333722782247,Over Budget
P0128,500,Subcontractor,Concrete Work,job,4,28674.62,114698.48,4,30605.85,122423.38,7724.900000000009,6.7349628347298145,Watch
P0128,501,Subcontractor,Utility Work,job,3,23607.68,70823.04,3,22620.65,67861.95,-2961.0899999999965,-4.18096992165261,On Budget
P0129,100,Labor,General Labor,hour,10432,31.73,330965.29,12349,35.82,442374.94,111409.65000000002,33.662034468931786,Over Budget
P0129,101,Labor,Equipment Operators,hour,9304,42.47,395133.69,10828,46.58,504398.16,109264.46999999997,27.652531982276674,Over Budget
P0129,102,Labor,Supervisors,hour,1862,51.29,95495.8,1948,54.73,106609.38,11113.580000000002,11.637768362587675,Over Budget
P0129,103,Labor,Skilled Labor,hour,12937,49.12,635524.78,13848,52.7,729787.29,94262.51000000001,14.83223203350151,Over Budget
P0129,200,Materials,Gravel,ton,13421,32.44,435425.46,13159,34.58,455028.23,19602.76999999996,4.501980660478595,On Budget
P0129,201,Materials,Concrete,cubic_yard,5337,154.0,821894.38,5718,158.77,907830.49,85936.10999999999,10.455858087264204,Over Budget
P0129,202,Materials,Asphalt,ton,3071,99.09,304315.32,2615,100.45,262677.19,-41638.130000000005,-13.682561232868592,Under Budget
P0129,203,Materials,Topsoil,cubic_yard,13002,36.21,470812.91,12398,35.47,439810.23,-31002.679999999993,-6.584925634260963,Under Budget
P0129,300,Equipment,Excavator,hour,3333,145.57,485172.38,3238,137.98,446790.69,-38381.69,-7.910938788395168,Under Budget
P0129,301,Equipment,Bulldozer,hour,4646,143.03,664495.83,4551,133.2,606202.67,-58293.159999999916,-8.772539626019913,Under Budget
P0129,302,Equipment,Loader,hour,353,118.07,41678.14,357,119.13,42528.17,850.0299999999988,2.039510400416139,On Budget
P0129,303,Equipment,Compactor,hour,4050,98.05,397099.79,4264,96.35,410815.15,13715.360000000044,3.453882461131507,On Budget
P0129,400,Fuel,Diesel,gallon,45694,3.79,173355.24,49281,3.81,187540.51,14185.270000000019,8.182775438458059,Watch
P0129,500,Subcontractor,Concrete Work,job,7,29633.92,207437.43,9,31471.49,283243.41,75805.97999999998,36.544021973276465,Over Budget
P0129,501,Subcontractor,Utility Work,job,1,20422.28,20422.28,1,21003.55,21003.55,581.2700000000004,2.846254189052351,On Budget
P0130,100,Labor,General Labor,hour,5787,34.33,198666.23,5769,31.66,182618.51,-16047.720000000001,-8.077729164136251,Under Budget
P0130,101,Labor,Equipment Operators,hour,7925,41.85,331639.9,7336,41.96,307815.13,-23824.77000000002,-7.183927506913378,Under Budget
P0130,102,Labor,Supervisors,hour,3848,51.28,197344.09,4001,51.55,206236.56,8892.470000000001,4.506073630074253,On Budget
P0130,103,Labor,Skilled Labor,hour,4675,50.04,233914.64,4429,51.53,228215.77,-5698.870000000024,-2.4363032600268304,On Budget
P0130,200,Materials,Gravel,ton,9151,36.0,329478.68,9859,38.86,383078.53,53599.850000000035,16.268078407986835,Over Budget
P0130,201,Materials,Concrete,cubic_yard,336,150.75,50653.63,372,160.42,59676.66,9023.030000000006,17.813195224113272,Over Budget
P0130,202,Materials,Asphalt,ton,4520,84.87,383622.34,4708,89.12,419586.13,35963.78999999998,9.374790321126756,Watch
P0130,203,Materials,Topsoil,cubic_yard,5376,40.8,219347.71,6203,42.04,260751.13,41403.42000000001,18.875701961967152,Over Budget
P0130,300,Equipment,Excavator,hour,1986,136.85,271777.08,2261,152.15,344019.0,72241.91999999998,26.581314362491486,Over Budget
P0130,301,Equipment,Bulldozer,hour,3186,150.14,478331.92,3153,150.14,473381.31,-4950.609999999986,-1.0349737897483375,On Budget
P0130,302,Equipment,Loader,hour,2899,123.56,358203.55,3167,131.62,416841.32,58637.77000000002,16.369957807509174,Over Budget
P0130,303,Equipment,Compactor,hour,1462,93.36,136498.85,1531,98.01,150058.14,13559.290000000008,9.933629477464468,Watch
P0130,400,Fuel,Diesel,gallon,27591,3.88,107015.75,28455,4.03,114760.15,7744.399999999994,7.236691795366565,Watch
P0130,500,Subcontractor,Concrete Work,job,2,28316.11,56632.22,2,32042.28,64084.56,7452.3399999999965,13.159187473138076,Over Budget
P0130,501,Subcontractor,Utility Work,job,5,22534.34,112671.68,5,22369.8,111849.01,-822.6699999999983,-0.730147983947695,On Budget
P0131,100,Labor,General Labor,hour,1836,31.07,57043.94,1894,31.63,59907.13,2863.189999999995,5.019271109253665,Watch
P0131,101,Labor,Equipment Operators,hour,6012,40.42,243019.04,6800,41.73,283748.53,40729.49000000002,16.759793800518683,Over Budget
P0131,102,Labor,Supervisors,hour,10537,51.97,547559.48,10023,48.09,482051.6,-65507.880000000005,-11.963609871205225,Under Budget
P0131,103,Labor,Skilled Labor,hour,13069,47.75,624091.69,13558,51.41,696978.4,72886.71000000008,11.67884642078796,Over Budget
P0131,200,Materials,Gravel,ton,5974,31.75,189656.47,6526,33.16,216424.75,26768.28,14.114087433979975,Over Budget
P0131,201,Materials,Concrete,cubic_yard,7137,147.2,1050557.89,7771,145.58,1131323.47,80765.58000000007,7.687875248835653,Watch
P0131,202,Materials,Asphalt,ton,7482,87.76,656642.87,7819,92.48,723086.96,66444.08999999997,10.118756029438035,Over Budget
P0131,203,Materials,Topsoil,cubic_yard,8935,37.4,334148.52,9077,37.13,337012.6,2864.079999999958,0.8571278424336453,On Budget
P0131,300,Equipment,Excavator,hour,6467,132.58,857398.15,6585,133.46,878826.91,21428.76000000001,2.4992776109908807,On Budget
P0131,301,Equipment,Bulldozer,hour,518,156.74,81193.74,537,167.17,89769.97,8576.229999999996,10.56267392042785,Over Budget
P0131,302,Equipment,Loader,hour,2821,120.31,339399.12,2917,118.96,347020.03,7620.910000000033,2.245412421811828,On Budget
P0131,303,Equipment,Compactor,hour,7404,91.95,680773.96,7574,98.67,747325.01,66551.05000000005,9.775792540596008,Watch
P0131,400,Fuel,Diesel,gallon,47132,3.73,175971.2,51565,3.96,204128.2,28157.0,16.000913785892234,Over Budget
P0131,500,Subcontractor,Concrete Work,job,8,26767.28,214138.21,8,27135.28,217082.22,2944.0100000000093,1.374817693675505,On Budget
P0131,501,Subcontractor,Utility Work,job,4,21556.76,86227.06,4,20792.39,83169.55,-3057.5099999999948,-3.545882232329381,On Budget
P0132,100,Labor,General Labor,hour,18582,33.45,621544.56,24612,37.24,916538.6,294994.0399999999,47.461446690161665,Over Budget
P0132,101,Labor,Equipment Operators,hour,16922,40.94,692723.88,16957,42.61,722507.56,29783.68000000005,4.299502422234968,On Budget
P0132,102,Labor,Supervisors,hour,17343,57.89,1004000.1,16521,57.32,946973.7,-57026.40000000002,-5.679919752996043,Under Budget
P0132,103,Labor,Skilled Labor,hour,7466,51.49,384437.11,6719,55.31,371630.27,-12806.839999999967,-3.3313225146240346,On Budget
P0132,200,Materials,Gravel,ton,7664,32.33,247792.29,7964,33.95,270397.48,22605.189999999973,9.122636543695517,Watch
P0132,201,Materials,Concrete,cubic_yard,11720,147.92,1733632.78,12886,148.66,1915577.65,181944.86999999988,10.49500633000259,Over Budget
P0132,202,Materials,Asphalt,ton,6011,91.56,550359.33,7795,99.96,779196.46,228837.13,41.57958583167837,Over Budget
P0132,203,Materials,Topsoil,cubic_yard,10039,35.66,357963.75,10823,34.35,371753.23,13789.479999999981,3.8522001180287058,On Budget
P0132,300,Equipment,Excavator,hour,5612,141.16,792178.65,5511,151.76,836333.03,44154.380000000005,5.573790709961699,Watch
P0132,301,Equipment,Bulldozer,hour,4080,159.28,649875.74,4333,164.33,712023.74,62148.0,9.563058931850572,Watch
P0132,302,Equipment,Loader,hour,2945,127.69,376052.47,3375,135.84,458459.71,82407.24000000005,21.91376113019549,Over Budget
P0132,303,Equipment,Compactor,hour,4832,92.13,445152.17,4810,90.07,433243.31,-11908.859999999986,-2.675233504983248,On Budget
P0132,400,Fuel,Diesel,gallon,10793,3.89,42030.72,11829,4.0,47301.44,5270.720000000001,12.54016110121359,Over Budget
P0132,500,Subcontractor,Concrete Work,job,5,29531.97,147659.87,5,29381.48,146907.4,-752.4700000000012,-0.5095968186887887,On Budget
P0132,501,Subcontractor,Utility Work,job,7,22118.87,154832.09,7,21158.7,148110.91,-6721.179999999993,-4.340947667889773,On Budget
P0133,100,Labor,General Labor,hour,7836,29.9,234290.95,7152,30.45,217791.25,-16499.70000000001,-7.042397497641292,Under Budget
P0133,101,Labor,Equipment Operators,hour,9128,43.85,400262.82,9059,48.46,438989.51,38726.69,9.675315334059755,Watch
P0133,102,Labor,Supervisors,hour,10721,53.99,578806.8,11992,57.36,687842.32,109035.5199999999,18.837981861996074,Over Budget
P0133,103,Labor,Skilled Labor,hour,11082,51.35,569026.92,11105,51.72,574341.59,5314.6699999999255,0.9339927186573045,On Budget
P0133,200,Materials,Gravel,ton,2055,35.3,72532.68,2098,36.46,76497.12,3964.4400000000023,5.465729378812424,Watch
P0133,201,Materials,Concrete,cubic_yard,14393,146.77,2112509.61,15432,157.61,2432210.9,319701.29000000004,15.133720030745804,Over Budget
P0133,202,Materials,Asphalt,ton,9952,95.28,948247.72,11627,95.2,1106868.48,158620.76,16.727776577200736,Over Budget
P0133,203,Materials,Topsoil,cubic_yard,1687,36.7,61920.28,1549,38.14,59084.56,-2835.720000000001,-4.579630453867459,On Budget
P0133,300,Equipment,Excavator,hour,1143,127.76,146030.72,1331,133.22,177318.64,31287.920000000013,21.425574016207012,Over Budget
P0133,301,Equipment,Bulldozer,hour,6297,156.68,986629.08,6143,156.73,962787.11,-23841.969999999972,-2.416507934268466,On Budget
P0133,302,Equipment,Loader,hour,780,115.03,89720.61,788,116.06,91452.12,1731.5099999999948,1.9298910250387227,On Budget
P0133,303,Equipment,Compactor,hour,7467,96.26,718780.03,8658,101.66,880192.22,161412.18999999994,22.45640992557903,Over Budget
P0133,400,Fuel,Diesel,gallon,65543,4.07,266466.43,66893,4.28,286211.67,19745.23999999999,7.41002909822449,Watch
P0133,500,Subcontractor,Concrete Work,job,3,27558.04,82674.12,3,29238.6,87715.79,5041.669999999998,6.098244529243249,Watch
P0133,501,Subcontractor,Utility Work,job,5,23519.88,117599.38,6,24290.03,145740.15,28140.76999999999,23.929352348626317,Over Budget
P0134,100,Labor,General Labor,hour,12927,30.56,395027.49,11584,32.4,375341.65,-19685.839999999967,-4.983410141911888,On Budget
P0134,101,Labor,Equipment Operators,hour,21171,43.07,911918.5,20979,42.93,900691.71,-11226.790000000037,-1.2311176930833223,On Budget
P0134,102,Labor,Supervisors,hour,5196,54.48,283052.94,5083,52.59,267310.86,-15742.080000000016,-5.561532058278574,Under Budget
P0134,103,Labor,Skilled Labor,hour,20796,48.9,1017024.66,22080,48.09,1061720.19,44695.52999999991,4.39473414538443,On Budget
P0134,200,Materials,Gravel,ton,5868,36.65,215068.0,5740,37.91,217593.02,2525.0199999999895,1.1740565774545675,On Budget
P0134,201,Materials,Concrete,cubic_yard,6413,136.64,876285.04,6922,134.37,930100.05,53815.01000000001,6.141267686140118,Watch
P0134,202,Materials,Asphalt,ton,3055,95.71,292395.01,3637,108.08,393071.51,100676.5,34.43167515068058,Over Budget
P0134,203,Materials,Topsoil,cubic_yard,18055,37.86,683491.21,22966,41.29,948233.14,264741.93000000005,38.73377245041675,Over Budget
P0134,300,Equipment,Excavator,hour,4151,138.03,572974.44,4023,141.08,567546.14,-5428.29999999993,-0.9473895554572959,On Budget
P0134,301,Equipment,Bulldozer,hour,10185,157.8,1607220.97,11021,161.36,1778320.86,171099.89000000013,10.645697959005608,Over Budget
P0134,302,Equipment,Loader,hour,6362,124.5,792068.81,7012,130.25,913309.34,121240.52999999991,15.306817850837973,Over Budget
P0134,303,Equipment,Compactor,hour,3010,93.35,280978.43,3083,95.32,293870.52,12892.090000000026,4.588284588251143,On Budget
P0134,400,Fuel,Diesel,gallon,90219,3.89,351240.45,100276,4.03,403940.48,52700.02999999997,15.003975197048053,Over Budget
P0134,500,Subcontractor,Concrete Work,job,6,28202.67,169216.03,6,28046.75,168280.51,-935.5199999999895,-0.5528554239217109,On Budget
P0134,501,Subcontractor,Utility Work,job,2,20629.68,41259.37,2,21450.09,42900.18,1640.8099999999977,3.976817871916119,On Budget
P0135,100,Labor,General Labor,hour,13851,33.5,464032.9,15132,35.81,541945.25,77912.34999999998,16.79026422479957,Over Budget
P0135,101,Labor,Equipment Operators,hour,10334,41.08,424538.22,10784,38.88,419232.45,-5305.76999999996,-1.2497744019372297,On Budget
P0135,102,Labor,Supervisors,hour,9000,53.03,477308.48,8713,51.77,451110.97,-26197.51000000001,-5.488590942276997,Under Budget
P0135,103,Labor,Skilled Labor,hour,4508,50.48,227566.05,4915,52.32,257174.57,29608.52000000002,13.010956599193957,Over Budget
P0135,200,Materials,Gravel,ton,6540,32.33,211460.21,6951,34.86,242332.18,30871.97,14.599422747192015,Over Budget
P0135,201,Materials,Concrete,cubic_yard,4081,136.77,558140.08,4664,139.5,650637.91,92497.83000000007,16.572511689180264,Over Budget
P0135,202,Materials,Asphalt,ton,697,90.37,62990.83,684,98.57,67422.03,4431.199999999997,7.034674729639214,Watch
P0135,203,Materials,Topsoil,cubic_yard,12807,38.13,488308.69,13323,37.16,495092.68,6783.989999999991,1.3892830782921335,On Budget
P0135,300,Equipment,Excavator,hour,4698,128.4,603225.42,4576,123.48,565063.86,-38161.560000000056,-6.326251967299397,Under Budget
P0135,301,Equipment,Bulldozer,hour,3672,148.66,545865.83,4115,150.54,619479.19,73613.35999999999,13.485614221355455,Over Budget
P0135,302,Equipment,Loader,hour,7112,113.44,806815.68,7957,114.9,914296.49,107480.80999999994,13.321606491336402,Over Budget
P0135,303,Equipment,Compactor,hour,5758,88.93,512052.62,5936,90.72,538495.55,26442.93000000005,5.164104032901941,Watch
P0135,400,Fuel,Diesel,gallon,16139,4.15,66931.23,16095,4.01,64555.51,-2375.719999999994,-3.5494940104940462,On Budget
P0135,500,Subcontractor,Concrete Work,job,6,26716.47,160298.81,6,26774.74,160648.41,349.6000000000058,0.21809269825521838,On Budget
P0135,501,Subcontractor,Utility Work,job,8,22353.6,178828.83,9,22940.25,206462.26,27633.430000000022,15.452446901319,Over Budget
P0136,100,Labor,General Labor,hour,2390,31.61,75549.24,2534,30.94,78413.4,2864.159999999989,3.7911168927708454,On Budget
P0136,101,Labor,Equipment Operators,hour,3475,41.72,144979.16,3630,42.1,152818.7,7839.540000000008,5.407356477993119,Watch
P0136,102,Labor,Supervisors,hour,3512,57.52,202008.18,4154,55.1,228871.96,26863.78,13.298362472252363,Over Budget
P0136,103,Labor,Skilled Labor,hour,1957,50.32,98481.27,1955,49.61,96981.23,-1500.0400000000081,-1.5231728835341056,On Budget
P0136,200,Materials,Gravel,ton,1270,34.36,43633.44,1320,33.92,44780.98,1147.5400000000009,2.629955373676705,On Budget
P0136,201,Materials,Concrete,cubic_yard,3079,155.01,477285.97,3053,160.4,489705.48,12419.51000000001,2.602110847716728,On Budget
P0136,202,Materials,Asphalt,ton,3086,90.53,279367.59,3385,92.78,314060.39,34692.79999999999,12.418333851825828,Over Budget
P0136,203,Materials,Topsoil,cubic_yard,1576,35.34,55689.07,1854,37.89,70254.73,14565.659999999996,26.15532994176415,Over Budget
P0136,300,Equipment,Excavator,hour,1642,137.69,226088.69,1676,130.01,217901.86,-8186.830000000016,-3.6210701207566003,On Budget
P0136,301,Equipment,Bulldozer,hour,1572,162.31,255150.2,1589,163.69,260097.17,4946.970000000001,1.9388462168557976,On Budget
P0136,302,Equipment,Loader,hour,211,124.82,26337.17,230,132.93,30572.93,4235.760000000002,16.082821350965204,Over Budget
P0136,303,Equipment,Compactor,hour,784,98.27,77043.32,717,93.29,66890.87,-10152.450000000012,-13.177586324161538,Under Budget
P0136,400,Fuel,Diesel,gallon,12666,3.79,47946.62,12098,3.77,45658.57,-2288.050000000003,-4.772077781499515,On Budget
P0136,500,Subcontractor,Concrete Work,job,2,26416.91,52833.81,2,26633.58,53267.16,433.3500000000058,0.8202134201565358,On Budget
P0136,501,Subcontractor,Utility Work,job,2,22288.6,44577.19,2,21117.85,42235.71,-2341.480000000003,-5.252641541559715,Under Budget
P0137,100,Labor,General Labor,hour,7651,31.5,241003.72,8100,31.52,255278.78,14275.059999999998,5.923169982604417,Watch
P0137,101,Labor,Equipment Operators,hour,9234,42.22,389824.23,10026,45.36,454824.71,65000.48000000004,16.674304724465188,Over Budget
P0137,102,Labor,Supervisors,hour,15600,58.68,915398.32,14558,63.71,927517.83,12119.51000000001,1.3239602624571138,On Budget
P0137,103,Labor,Skilled Labor,hour,2332,45.12,105225.23,2518,46.33,116663.21,11437.98000000001,10.869997623193612,Over Budget
P0137,200,Materials,Gravel,ton,16755,34.29,574531.21,20226,37.26,753663.05,179131.84000000008,31.17878313346982,Over Budget
P0137,201,Materials,Concrete,cubic_yard,13258,134.91,1788586.77,13756,140.69,1935342.89,146756.11999999988,8.205143997570769,Watch
P0137,202,Materials,Asphalt,ton,16878,94.67,1597912.25,17893,103.16,1845911.67,247999.41999999993,15.52021520580995,Over Budget
P0137,203,Materials,Topsoil,cubic_yard,4329,38.63,167222.07,5081,41.76,212205.6,44983.53,26.900474321362005,Over Budget
P0137,300,Equipment,Excavator,hour,4909,126.8,622481.78,5658,135.12,764507.27,142025.49,22.81600756250247,Over Budget
P0137,301,Equipment,Bulldozer,hour,5819,153.82,895080.76,5617,159.17,894078.57,-1002.1900000000605,-0.11196643306242673,On Budget
P0137,302,Equipment,Loader,hour,6382,121.3,774143.08,6636,119.27,791464.47,17321.390000000014,2.237492066712011,On Budget
P0137,303,Equipment,Compactor,hour,7703,89.84,692075.83,7811,90.87,709754.72,17678.890000000014,2.554472968662988,On Budget
P0137,400,Fuel,Diesel,gallon,77961,3.65,284385.08,96573,4.14,399856.94,115471.85999999999,40.60404997336709,Over Budget
P0137,500,Subcontractor,Concrete Work,job,2,27352.8,54705.6,2,27116.44,54232.88,-472.72000000000116,-0.8641162879120259,On Budget
P0137,501,Subcontractor,Utility Work,job,9,22152.1,199368.92,11,22009.92,242109.14,42740.22,21.43775469115246,Over Budget
P0138,100,Labor,General Labor,hour,4129,33.48,138251.73,4062,33.21,134915.57,-3336.1600000000035,-2.413105427324492,On Budget
P0138,101,Labor,Equipment Operators,hour,5610,44.15,247665.56,5894,44.29,261044.48,13378.920000000013,5.402010679240187,Watch
P0138,102,Labor,Supervisors,hour,2986,50.92,152041.58,2878,50.25,144620.6,-7420.979999999981,-4.880888504315715,On Budget
P0138,103,Labor,Skilled Labor,hour,3832,50.39,193108.78,4375,53.27,233042.1,39933.32000000001,20.67918403295801,Over Budget
P0138,200,Materials,Gravel,ton,1623,33.63,54586.69,1544,35.46,54751.71,165.0199999999968,0.30230812676129803,On Budget
P0138,201,Materials,Concrete,cubic_yard,3067,140.35,430442.34,3289,138.51,455556.64,25114.29999999999,5.834532913281715,Watch
P0138,202,Materials,Asphalt,ton,2388,95.33,227652.76,2713,105.3,285675.32,58022.56,25.48730795093369,Over Budget
P0138,203,Materials,Topsoil,cubic_yard,6160,37.19,229101.12,6187,38.31,237006.67,7905.5500000000175,3.450681515655627,On Budget
P0138,300,Equipment,Excavator,hour,2121,127.45,270325.02,1925,133.64,257259.74,-13065.280000000028,-4.8331745245038835,On Budget
P0138,301,Equipment,Bulldozer,hour,551,151.81,83644.87,516,151.01,77921.36,-5723.509999999995,-6.842631233690716,Under Budget
P0138,302,Equipment,Loader,hour,1875,118.42,222041.59,2054,127.49,261870.54,39828.95000000001,17.937607994970676,Over Budget
P0138,303,Equipment,Compactor,hour,3078,90.94,279922.65,3100,90.03,279082.24,-840.4100000000326,-0.3002293669340557,On Budget
P0138,400,Fuel,Diesel,gallon,13411,3.71,49721.93,13449,3.71,49859.99,138.05999999999767,0.27766420169128125,On Budget
P0138,500,Subcontractor,Concrete Work,job,3,26971.47,80914.42,3,26114.54,78343.62,-2570.800000000003,-3.1771839926678127,On Budget
P0138,501,Subcontractor,Utility Work,job,1,23254.18,23254.18,1,23206.27,23206.27,-47.909999999999854,-0.20602747549042733,On Budget
P0139,100,Labor,General Labor,hour,928,29.95,27790.8,860,31.34,26952.78,-838.0200000000004,-3.0154583531240573,On Budget
P0139,101,Labor,Equipment Operators,hour,720,45.2,32541.26,722,46.52,33584.68,1043.420000000002,3.2064523623240215,On Budget
P0139,102,Labor,Supervisors,hour,1712,52.49,89859.38,1731,52.57,91007.28,1147.8999999999942,1.277440374059997,On Budget
P0139,103,Labor,Skilled Labor,hour,1067,50.49,53872.7,1155,47.48,54835.76,963.060000000005,1.787658684268665,On Budget
P0139,200,Materials,Gravel,ton,1842,31.38,57800.13,1864,31.53,58772.27,972.1399999999994,1.6818993313682848,On Budget
P0139,201,Materials,Concrete,cubic_yard,233,144.52,33672.97,219,149.12,32658.37,-1014.6000000000022,-3.0130992306292024,On Budget
P0139,202,Materials,Asphalt,ton,1453,94.72,137629.7,1521,93.51,142229.11,4599.409999999974,3.341873156738679,On Budget
P0139,203,Materials,Topsoil,cubic_yard,2005,38.01,76209.07,2067,38.53,79634.43,3425.359999999986,4.494688099461108,On Budget
P0139,300,Equipment,Excavator,hour,459,144.18,66177.45,500,136.02,68008.13,1830.6800000000076,2.7663199473536797,On Budget
P0139,301,Equipment,Bulldozer,hour,73,149.13,10886.34,70,160.21,11214.75,328.40999999999985,3.016716361972893,On Budget
P0139,302,Equipment,Loader,hour,896,114.93,102975.53,801,115.56,92567.31,-10408.220000000001,-10.107469221085825,Under Budget
P0139,303,Equipment,Compactor,hour,1050,97.99,102889.08,993,100.1,99398.38,-3490.699999999997,-3.392682683137994,On Budget
P0139,400,Fuel,Diesel,gallon,3545,3.96,14025.54,3494,4.18,14603.89,578.3499999999985,4.1235488972260494,On Budget
P0139,500,Subcontractor,Concrete Work,job,1,26131.47,26131.47,1,27762.53,27762.53,1631.0599999999977,6.241746063271594,Watch
P0139,501,Subcontractor,Utility Work,job,1,22502.6,22502.6,1,22233.51,22233.51,-269.09000000000015,-1.1958173722147671,On Budget
P0140,100,Labor,General Labor,hour,3637,32.23,117208.02,3904,32.98,128734.76,11526.73999999999,9.83442941873772,Watch
P0140,101,Labor,Equipment Operators,hour,1948,42.59,82972.08,2103,44.26,93070.14,10098.059999999998,12.17043130653106,Over Budget
P0140,102,Labor,Supervisors,hour,9611,57.55,553156.18,10700,55.53,594138.52,40982.33999999997,7.4088189704397704,Watch
P0140,103,Labor,Skilled Labor,hour,7631,51.54,393311.49,8207,48.68,399502.1,6190.609999999986,1.5739713070675831,On Budget
P0140,200,Materials,Gravel,ton,11108,36.34,403616.47,11245,36.04,405259.15,1642.6800000000512,0.4069903292103148,On Budget
P0140,201,Materials,Concrete,cubic_yard,5186,156.29,810501.79,4983,150.52,750025.11,-60476.68000000005,-7.461634353700816,Under Budget
P0140,202,Materials,Asphalt,ton,5218,96.73,504753.18,5801,106.15,615751.39,110998.21000000002,21.99059152039419,Over Budget
P0140,203,Materials,Topsoil,cubic_yard,2169,39.48,85621.31,2098,40.55,85070.2,-551.1100000000006,-0.6436598552393097,On Budget
P0140,300,Equipment,Excavator,hour,2132,135.02,287859.83,1984,138.92,275621.03,-12238.799999999988,-4.251652618567859,On Budget
P0140,301,Equipment,Bulldozer,hour,4237,165.03,699223.58,4668,179.48,837797.81,138574.2300000001,19.818300464066173,Over Budget
P0140,302,Equipment,Loader,hour,4123,111.91,461409.92,4055,111.52,452213.95,-9195.969999999972,-1.993015234696292,On Budget
P0140,303,Equipment,Compactor,hour,6016,98.98,595436.2,5969,99.7,595117.11,-319.0899999999674,-0.05358928462864157,On Budget
P0140,400,Fuel,Diesel,gallon,44772,3.55,158744.58,47083,3.38,159159.16,414.5800000000163,0.26116167241742444,On Budget
P0140,500,Subcontractor,Concrete Work,job,2,27154.2,54308.4,2,28032.03,56064.06,1755.6599999999962,3.2327595731047056,On Budget
P0140,501,Subcontractor,Utility Work,job,5,20970.26,104851.28,5,22099.34,110496.68,5645.399999999994,5.384197503359038,Watch
P0141,100,Labor,General Labor,hour,6751,33.2,224125.41,6776,33.88,229599.78,5474.369999999995,2.442547678998109,On Budget
P0141,101,Labor,Equipment Operators,hour,6129,41.32,253243.06,6985,40.56,283327.88,30084.820000000007,11.879820122217764,Over Budget
P0141,102,Labor,Supervisors,hour,3166,53.0,167795.3,3429,53.65,183954.36,16159.059999999998,9.63022206223893,Watch
P0141,103,Labor,Skilled Labor,hour,13736,50.58,694774.21,18400,53.76,989197.75,294423.54000000004,42.37686657943162,Over Budget
P0141,200,Materials,Gravel,ton,814,33.53,27296.81,802,33.04,26498.8,-798.010000000002,-2.9234551583133777,On Budget
P0141,201,Materials,Concrete,cubic_yard,3990,149.29,595656.14,4143,152.44,631538.32,35882.179999999935,6.023975510434583,Watch
P0141,202,Materials,Asphalt,ton,6721,94.09,632367.95,6759,91.97,621594.03,-10773.919999999925,-1.703742259549986,On Budget
P0141,203,Materials,Topsoil,cubic_yard,12923,40.63,525041.05,12811,39.72,508900.43,-16140.620000000054,-3.0741634392206194,On Budget
P0141,300,Equipment,Excavator,hour,3033,133.86,406001.92,3209,141.22,453161.45,47159.53000000003,11.615592852368785,Over Budget
P0141,301,Equipment,Bulldozer,hour,464,156.61,72666.19,492,159.23,78340.91,5674.720000000001,7.80929893255722,Watch
P0141,302,Equipment,Loader,hour,6292,122.65,771730.02,8057,139.97,1127705.78,355975.76,46.1269810393018,Over Budget
P0141,303,Equipment,Compactor,hour,3062,100.14,306627.5,3474,105.75,367386.93,60759.42999999999,19.81538837840702,Over Budget
P0141,400,Fuel,Diesel,gallon,42053,4.09,171813.86,45142,4.0,180467.22,8653.360000000015,5.036473774583737,Watch
P0141,500,Subcontractor,Concrete Work,job,2,27839.93,55679.86,2,31121.83,62243.66,6563.800000000003,11.78846354857933,Over Budget
P0141,501,Subcontractor,Utility Work,job,6,20645.92,123875.54,6,20317.85,121907.12,-1968.4199999999983,-1.5890304090702638,On Budget
P0142,100,Labor,General Labor,hour,6181,31.68,195807.62,5879,33.53,197103.14,1295.5200000000186,0.6616290009551307,On Budget
P0142,101,Labor,Equipment Operators,hour,20451,44.87,917722.79,21803,42.47,925995.31,8272.520000000019,0.9014181722565721,On Budget
P0142,102,Labor,Supervisors,hour,9292,56.33,523454.55,10565,56.46,596550.68,73096.13000000006,13.964178933968588,Over Budget
P0142,103,Labor,Skilled Labor,hour,19881,44.46,883848.65,19007,43.89,834201.35,-49647.30000000005,-5.617172125566978,Under Budget
P0142,200,Materials,Gravel,ton,11483,31.58,362645.32,10480,32.82,343950.31,-18695.01000000001,-5.155177516147185,Under Budget
P0142,201,Materials,Concrete,cubic_yard,6188,141.85,877744.65,6582,144.18,948994.14,71249.48999999999,8.117336858732205,Watch
P0142,202,Materials,Asphalt,ton,24816,86.15,2137832.32,28479,89.46,2547751.0,409918.68000000017,19.174501019799354,Over Budget
P0142,203,Materials,Topsoil,cubic_yard,23023,38.56,887662.3,20026,38.45,770011.39,-117650.91000000003,-13.254016758400128,Under Budget
P0142,300,Equipment,Excavator,hour,12713,124.89,1587786.44,13939,131.47,1832546.55,244760.1100000001,15.415178252813403,Over Budget
P0142,301,Equipment,Bulldozer,hour,615,158.18,97280.91,682,162.56,110863.13,13582.220000000001,13.96185541438706,Over Budget
P0142,302,Equipment,Loader,hour,8304,126.86,1053414.43,8220,131.83,1083602.93,30188.5,2.8657761978825373,On Budget
P0142,303,Equipment,Compactor,hour,11879,101.7,1208035.45,13607,105.33,1433290.54,225255.09000000008,18.6463973387536,Over Budget
P0142,400,Fuel,Diesel,gallon,14534,3.85,55902.91,15704,4.12,64752.76,8849.849999999999,15.830750134474211,Over Budget
P0142,500,Subcontractor,Concrete Work,job,12,27399.62,328795.46,13,28041.87,364544.35,35748.889999999956,10.87268358267476,Over Budget
P0142,501,Subcontractor,Utility Work,job,12,22179.48,266153.79,13,21930.38,285094.92,18941.130000000005,7.116611039053776,Watch
P0143,100,Labor,General Labor,hour,4272,30.87,131884.61,4250,33.85,143883.38,11998.770000000019,9.097930380201314,Watch
P0143,101,Labor,Equipment Operators,hour,5540,43.3,239904.85,5556,45.51,252877.12,12972.26999999999,5.407256251801491,Watch
P0143,102,Labor,Supervisors,hour,8700,56.21,489010.14,8370,58.8,492196.65,3186.5100000000093,0.6516245245957495,On Budget
P0143,103,Labor,Skilled Labor,hour,1495,49.74,74358.13,1506,54.48,82047.49,7689.360000000001,10.34098087189659,Over Budget
P0143,200,Materials,Gravel,ton,2966,32.83,97375.26,3196,32.18,102837.45,5462.190000000002,5.609422763030366,Watch
P0143,201,Materials,Concrete,cubic_yard,3605,151.28,545381.86,3967,162.61,645081.73,99699.87,18.28074553121367,Over Budget
P0143,202,Materials,Asphalt,ton,5177,87.64,453717.92,5102,83.69,426981.35,-26736.570000000007,-5.892773642266545,Under Budget
P0143,203,Materials,Topsoil,cubic_yard,1985,37.32,74078.63,2143,36.93,79151.51,5072.87999999999,6.847966815800981,Watch
P0143,300,Equipment,Excavator,hour,1902,139.96,266199.01,2014,150.24,302587.86,36388.84999999998,13.669791634461742,Over Budget
P0143,301,Equipment,Bulldozer,hour,3753,153.9,577583.5,3819,146.62,559952.15,-17631.349999999977,-3.0526062465427035,On Budget
P0143,302,Equipment,Loader,hour,2884,111.66,322025.55,3209,125.53,402812.56,80787.01000000001,25.08714293011844,Over Budget
P0143,303,Equipment,Compactor,hour,1457,96.44,140514.99,1694,108.34,183529.51,43014.52000000002,30.61205071430459,Over Budget
P0143,400,Fuel,Diesel,gallon,12947,3.76,48625.46,12712,3.82,48550.38,-75.08000000000175,-0.15440470897345085,On Budget
P0143,500,Subcontractor,Concrete Work,job,2,28121.52,56243.03,2,25942.22,51884.44,-4358.5899999999965,-7.749564701617244,Under Budget
P0143,501,Subcontractor,Utility Work,job,1,23324.59,23324.59,1,23247.85,23247.85,-76.7400000000016,-0.3290089986576467,On Budget
P0144,100,Labor,General Labor,hour,3124,34.47,107686.56,3010,35.43,106633.17,-1053.3899999999994,-0.9782000650777586,On Budget
P0144,101,Labor,Equipment Operators,hour,7010,40.52,284029.81,7439,41.32,307394.08,23364.27000000002,8.225992194270038,Watch
P0144,102,Labor,Supervisors,hour,11926,56.42,672886.01,13133,56.52,742329.33,69443.31999999995,10.320220508076835,Over Budget
P0144,103,Labor,Skilled Labor,hour,19888,51.28,1019894.72,20329,48.94,994922.34,-24972.380000000005,-2.448525275236252,On Budget
P0144,200,Materials,Gravel,ton,1234,34.8,42942.32,1298,35.78,46443.44,3501.1200000000026,8.153076033153315,Watch
P0144,201,Materials,Concrete,cubic_yard,16550,140.83,2330809.96,16549,145.84,2413493.88,82683.91999999993,3.547432927564799,On Budget
P0144,202,Materials,Asphalt,ton,4257,87.68,373259.42,4653,93.06,433025.95,59766.53000000003,16.01206206664524,Over Budget
P0144,203,Materials,Topsoil,cubic_yard,3336,40.28,134359.82,4048,46.28,187347.3,52987.47999999998,39.43699835263249,Over Budget
P0144,300,Equipment,Excavator,hour,5315,127.03,675180.26,5326,134.65,717147.52,41967.26000000001,6.215711934469176,Watch
P0144,301,Equipment,Bulldozer,hour,4846,149.11,722610.81,5833,157.37,917954.03,195343.21999999997,27.032977821076322,Over Budget
P0144,302,Equipment,Loader,hour,11066,123.11,1362280.34,10836,127.54,1382013.96,19733.61999999988,1.448572619054304,On Budget
P0144,303,Equipment,Compactor,hour,11251,101.08,1137232.79,11703,100.51,1176321.57,39088.78000000003,3.4371836921796834,On Budget
P0144,400,Fuel,Diesel,gallon,70823,4.09,289981.0,83454,4.54,379224.89,89243.89000000001,30.775771516064847,Over Budget
P0144,500,Subcontractor,Concrete Work,job,8,25910.57,207284.57,9,27000.41,243003.7,35719.130000000005,17.231929033598593,Over Budget
P0144,501,Subcontractor,Utility Work,job,5,21943.34,109716.7,6,21738.5,130431.02,20714.320000000007,18.879824128870087,Over Budget
P0145,100,Labor,General Labor,hour,5305,30.9,163936.22,5739,33.66,193190.78,29254.559999999998,17.84508633906528,Over Budget
P0145,101,Labor,Equipment Operators,hour,1546,45.33,70076.4,1655,46.78,77420.58,7344.180000000008,10.480247272976364,Over Budget
P0145,102,Labor,Supervisors,hour,3919,57.41,224991.91,3725,54.6,203376.13,-21615.78,-9.607358771255374,Under Budget
P0145,103,Labor,Skilled Labor,hour,7456,45.39,338398.44,9930,51.38,510245.51,171847.07,50.78246519103339,Over Budget
P0145,200,Materials,Gravel,ton,7930,31.6,250562.73,8648,33.96,293653.66,43090.929999999964,17.19766143991166,Over Budget
P0145,201,Materials,Concrete,cubic_yard,5003,141.74,709108.09,6393,156.9,1003087.9,293979.81000000006,41.457686655358856,Over Budget
P0145,202,Materials,Asphalt,ton,1065,98.02,104390.4,1119,101.26,113307.07,8916.670000000013,8.54165708724175,Watch
P0145,203,Materials,Topsoil,cubic_yard,4791,36.46,174683.89,4788,38.15,182672.21,7988.319999999978,4.573014718186077,On Budget
P0145,300,Equipment,Excavator,hour,3082,145.59,448700.89,3382,149.27,504830.67,56129.77999999997,12.509397964421234,Over Budget
P0145,301,Equipment,Bulldozer,hour,4036,151.89,613035.66,4183,161.56,675786.09,62750.429999999935,10.23601628655663,Over Budget
P0145,302,Equipment,Loader,hour,3580,125.56,449495.98,3539,128.71,455497.68,6001.700000000012,1.335206601847699,On Budget
P0145,303,Equipment,Compactor,hour,3575,93.75,335160.54,3668,99.05,363308.8,28148.26000000001,8.398440938184432,Watch
P0145,400,Fuel,Diesel,gallon,19507,3.98,77565.5,20703,3.88,80343.34,2777.8399999999965,3.581282915729282,On Budget
P0145,500,Subcontractor,Concrete Work,job,1,27794.2,27794.2,1,27856.18,27856.18,61.97999999999956,0.22299616466744704,On Budget
P0145,501,Subcontractor,Utility Work,job,2,21428.2,42856.4,2,21869.96,43739.93,883.5299999999988,2.061605734499395,On Budget
P0146,100,Labor,General Labor,hour,1894,33.91,64225.25,2062,37.63,77587.29,13362.039999999994,20.80496377982179,Over Budget
P0146,101,Labor,Equipment Operators,hour,4956,43.5,215590.81,5310,43.61,231549.84,15959.029999999999,7.402463027065022,Watch
P0146,102,Labor,Supervisors,hour,2457,52.19,128221.41,2929,57.5,168421.86,40200.44999999998,31.352369311802125,Over Budget
P0146,103,Labor,Skilled Labor,hour,4819,46.11,222223.12,6260,51.91,324987.72,102764.59999999998,46.24388317471196,Over Budget
P0146,200,Materials,Gravel,ton,8225,36.18,297548.92,8628,38.7,333937.07,36388.15000000002,12.229299975278023,Over Budget
P0146,201,Materials,Concrete,cubic_yard,1203,147.84,177848.72,1596,162.35,259114.89,81266.17000000001,45.693986439711246,Over Budget
P0146,202,Materials,Asphalt,ton,5799,85.41,495286.95,5541,83.72,463919.01,-31367.940000000002,-6.333286188945621,Under Budget
P0146,203,Materials,Topsoil,cubic_yard,3312,34.96,115800.4,3603,35.6,128283.91,12483.51000000001,10.780195923330153,Over Budget
P0146,300,Equipment,Excavator,hour,1939,132.05,256050.41,1863,148.21,276121.52,20071.110000000015,7.838733786835183,Watch
P0146,301,Equipment,Bulldozer,hour,2127,162.67,345994.19,2349,161.97,380463.5,34469.31,9.96239561132515,Watch
P0146,302,Equipment,Loader,hour,454,127.01,57663.11,504,131.95,66504.25,8841.14,15.332402293251265,Over Budget
P0146,303,Equipment,Compactor,hour,1217,100.93,122835.19,1295,102.91,133271.81,10436.619999999995,8.496441451346309,Watch
P0146,400,Fuel,Diesel,gallon,1684,4.09,6892.36,1611,4.05,6532.34,-360.0199999999995,-5.223464821918756,Under Budget
P0146,500,Subcontractor,Concrete Work,job,2,26716.41,53432.82,2,26871.49,53742.98,310.1600000000035,0.5804672109763316,On Budget
P0146,501,Subcontractor,Utility Work,job,3,21706.67,65120.01,3,23358.96,70076.89,4956.879999999997,7.611915293010546,Watch
P0147,100,Labor,General Labor,hour,538,34.18,18387.75,524,33.96,17794.24,-593.5099999999984,-3.2277467335590186,On Budget
P0147,101,Labor,Equipment Operators,hour,631,41.49,26182.44,708,42.82,30314.63,4132.190000000002,15.782295309375302,Over Budget
P0147,102,Labor,Supervisors,hour,1960,57.51,112719.85,2050,59.06,121083.13,8363.279999999999,7.419527261613636,Watch
P0147,103,Labor,Skilled Labor,hour,1913,46.96,89828.23,2043,44.52,90962.04,1133.8099999999977,1.2621978636337348,On Budget
P0147,200,Materials,Gravel,ton,1937,35.43,68634.56,2131,36.11,76954.75,8320.190000000002,12.122449681326728,Over Budget
P0147,201,Materials,Concrete,cubic_yard,2210,155.15,342891.72,2470,161.76,399546.63,56654.91000000003,16.522682437476192,Over Budget
P0147,202,Materials,Asphalt,ton,2450,91.83,224980.02,3164,99.99,316366.36,91386.34,40.61975814563444,Over Budget
P0147,203,Materials,Topsoil,cubic_yard,1533,40.39,61924.35,1490,39.78,59278.78,-2645.5699999999997,-4.272261234877718,On Budget
P0147,300,Equipment,Excavator,hour,517,126.52,65410.24,506,124.93,63214.62,-2195.6199999999953,-3.356691551659183,On Budget
P0147,301,Equipment,Bulldozer,hour,461,161.66,74525.14,485,168.7,81819.87,7294.729999999996,9.788280840532465,Watch
P0147,302,Equipment,Loader,hour,1322,124.93,165153.23,1742,142.89,248918.18,83764.94999999998,50.71953482229804,Over Budget
P0147,303,Equipment,Compactor,hour,1410,89.3,125918.74,1384,88.2,122064.25,-3854.4900000000052,-3.061093209795464,On Budget
P0147,400,Fuel,Diesel,gallon,8604,4.14,35657.07,8825,4.15,36634.18,977.1100000000006,2.740298067115443,On Budget
P0147,500,Subcontractor,Concrete Work,job,1,29746.12,29746.12,1,27292.57,27292.57,-2453.5499999999993,-8.248302635772326,Under Budget
P0147,501,Subcontractor,Utility Work,job,1,23437.9,23437.9,1,23676.87,23676.87,238.96999999999753,1.0195879323659438,On Budget
P0148,100,Labor,General Labor,hour,6240,33.63,209822.64,6853,36.86,252572.3,42749.659999999974,20.37418840979218,Over Budget
P0148,101,Labor,Equipment Operators,hour,14065,41.25,580134.56,14396,40.92,589131.09,8996.529999999912,1.5507660843373838,On Budget
P0148,102,Labor,Supervisors,hour,3742,52.25,195513.54,4441,54.96,244057.08,48543.53999999998,24.82873564664625,Over Budget
P0148,103,Labor,Skilled Labor,hour,11547,47.47,548176.48,12589,51.29,645663.93,97487.45000000007,17.783953445065734,Over Budget
P0148,200,Materials,Gravel,ton,3878,31.43,121896.68,3945,32.29,127386.12,5489.440000000002,4.503354808350812,On Budget
P0148,201,Materials,Concrete,cubic_yard,738,150.27,110901.13,726,156.84,113866.9,2965.7699999999895,2.674246871966038,On Budget
P0148,202,Materials,Asphalt,ton,6937,93.48,648501.29,7638,97.47,744473.75,95972.45999999996,14.799116282405539,Over Budget
P0148,203,Materials,Topsoil,cubic_yard,8511,38.07,323977.12,8833,39.1,345411.0,21433.880000000005,6.615862255951903,Watch
P0148,300,Equipment,Excavator,hour,6880,129.68,892224.23,6877,132.28,909682.47,17458.23999999999,1.956709918088639,On Budget
P0148,301,Equipment,Bulldozer,hour,7438,143.7,1068838.64,7898,162.1,1280277.06,211438.42000000016,19.782071127218995,Over Budget
P0148,302,Equipment,Loader,hour,5476,120.53,660013.45,5289,118.25,625425.35,-34588.09999999998,-5.240514416789534,Under Budget
P0148,303,Equipment,Compactor,hour,3576,89.52,320121.6,3887,93.62,363883.09,43761.49000000005,13.670270922049637,Over Budget
P0148,400,Fuel,Diesel,gallon,47584,3.63,172870.0,43971,3.65,160463.32,-12406.679999999993,-7.176884363972924,Under Budget
P0148,500,Subcontractor,Concrete Work,job,6,29004.6,174027.59,6,28663.02,171978.1,-2049.4899999999907,-1.1776810791897943,On Budget
P0148,501,Subcontractor,Utility Work,job,4,20803.47,83213.87,5,22418.45,112092.25,28878.380000000005,34.70380598811232,Over Budget
P0149,100,Labor,General Labor,hour,4887,31.75,155156.56,5556,32.59,181096.11,25939.54999999999,16.718306979737104,Over Budget
P0149,101,Labor,Equipment Operators,hour,956,43.41,41500.44,979,42.57,41677.2,176.75999999999476,0.42592319503117254,On Budget
P0149,102,Labor,Supervisors,hour,5227,53.54,279879.63,5239,53.02,277783.97,-2095.6600000000326,-0.7487718916878776,On Budget
P0149,103,Labor,Skilled Labor,hour,5152,48.97,252284.55,5263,49.79,262056.64,9772.090000000026,3.873439733031621,On Budget
P0149,200,Materials,Gravel,ton,1511,35.07,52988.72,1508,36.94,55698.63,2709.909999999996,5.114126176288078,Watch
P0149,201,Materials,Concrete,cubic_yard,4190,140.03,586740.45,4097,147.15,602893.03,16152.580000000075,2.752934453385662,On Budget
P0149,202,Materials,Asphalt,ton,6344,89.9,570308.85,6428,92.9,597158.13,26849.280000000028,4.707849089138285,On Budget
P0149,203,Materials,Topsoil,cubic_yard,1376,40.13,55222.05,1371,41.25,56557.26,1335.2099999999991,2.4178928525833414,On Budget
P0149,300,Equipment,Excavator,hour,3074,140.22,431027.88,3155,130.28,411034.42,-19993.46000000002,-4.638553775222156,On Budget
P0149,301,Equipment,Bulldozer,hour,1291,162.03,209180.76,1211,179.12,216913.31,7732.549999999988,3.696587582911539,On Budget
P0149,302,Equipment,Loader,hour,848,122.95,104258.14,850,128.93,109586.41,5328.270000000004,5.110651312214091,Watch
P0149,303,Equipment,Compactor,hour,2519,98.95,249252.69,2807,94.9,266376.24,17123.54999999999,6.86995594711535,Watch
P0149,400,Fuel,Diesel,gallon,2356,4.01,9450.69,2638,4.12,10881.24,1430.5499999999993,15.136989997555725,Over Budget
P0149,500,Subcontractor,Concrete Work,job,3,28225.35,84676.06,3,29327.67,87983.02,3306.9600000000064,3.905424980803319,On Budget
P0149,501,Subcontractor,Utility Work,job,1,22562.24,22562.24,1,22871.1,22871.1,308.85999999999694,1.3689243621200595,On Budget
P0150,100,Labor,General Labor,hour,4061,29.58,120121.44,3975,29.07,115566.46,-4554.979999999996,-3.791979183732726,On Budget
P0150,101,Labor,Equipment Operators,hour,8905,42.02,374178.56,8391,43.58,365658.92,-8519.640000000014,-2.276891546111037,On Budget
P0150,102,Labor,Supervisors,hour,1617,50.78,82117.69,1733,53.11,92035.23,9917.539999999994,12.077227208899805,Over Budget
P0150,103,Labor,Skilled Labor,hour,9519,51.31,488466.61,9103,54.93,500034.42,11567.809999999998,2.3681884827296584,On Budget
P0150,200,Materials,Gravel,ton,1181,34.4,40627.64,1199,35.92,43066.86,2439.220000000001,6.00384368868091,Watch
P0150,201,Materials,Concrete,cubic_yard,6751,146.74,990637.14,7691,156.01,1199908.39,209271.24999999988,21.124914618081032,Over Budget
P0150,202,Materials,Asphalt,ton,4882,92.2,450108.61,5499,98.51,541699.44,91590.82999999996,20.34860652854429,Over Budget
P0150,203,Materials,Topsoil,cubic_yard,4839,37.93,183549.14,5749,41.05,235969.21,52420.06999999998,28.559147702898514,Over Budget
P0150,300,Equipment,Excavator,hour,2143,137.03,293653.25,1911,131.03,250389.26,-43263.98999999999,-14.733019300825035,Under Budget
P0150,301,Equipment,Bulldozer,hour,2759,163.26,450445.1,2862,161.1,461077.66,10632.559999999998,2.3604563575006137,On Budget
P0150,302,Equipment,Loader,hour,3320,123.45,409866.11,3499,116.24,406707.86,-3158.25,-0.7705565117350152,On Budget
P0150,303,Equipment,Compactor,hour,1122,87.71,98409.18,1285,87.85,112881.14,14471.960000000006,14.705904469481412,Over Budget
P0150,400,Fuel,Diesel,gallon,7336,4.06,29784.23,8577,4.29,36771.44,6987.210000000003,23.459428026173594,Over Budget
P0150,500,Subcontractor,Concrete Work,job,3,29776.68,89330.05,3,28818.67,86456.01,-2874.040000000008,-3.2173272040035887,On Budget
P0150,501,Subcontractor,Utility Work,job,2,22098.01,44196.02,2,23428.53,46857.07,2661.050000000003,6.021017277121341,Watch
P0151,100,Labor,General Labor,hour,213,33.56,7149.14,204,32.16,6561.55,-587.5900000000001,-8.21903054073637,Under Budget
P0151,101,Labor,Equipment Operators,hour,1418,41.61,59003.9,1368,43.85,59980.86,976.9599999999991,1.6557549585705336,On Budget
P0151,102,Labor,Supervisors,hour,1597,55.66,88889.38,1753,56.96,99846.26,10956.87999999999,12.32642189651901,Over Budget
P0151,103,Labor,Skilled Labor,hour,1760,48.4,85178.88,1790,47.28,84632.3,-546.5800000000017,-0.6416848871457358,On Budget
P0151,200,Materials,Gravel,ton,1136,35.1,39872.01,1023,33.86,34637.61,-5234.4000000000015,-13.128006338280917,Under Budget
P0151,201,Materials,Concrete,cubic_yard,813,152.58,124051.31,906,164.49,149024.21,24972.899999999994,20.131105427262312,Over Budget
P0151,202,Materials,Asphalt,ton,75,88.9,6667.48,74,87.39,6466.57,-200.90999999999985,-3.013282379549693,On Budget
P0151,203,Materials,Topsoil,cubic_yard,1055,37.53,39589.83,1238,38.41,47550.83,7961.0,20.108699633213885,Over Budget
P0151,300,Equipment,Excavator,hour,807,125.74,101474.38,810,127.04,102900.17,1425.7899999999936,1.4050738718482374,On Budget
P0151,301,Equipment,Bulldozer,hour,171,153.83,26304.78,172,146.68,25228.84,-1075.9399999999987,-4.090283210884101,On Budget
P0151,302,Equipment,Loader,hour,263,119.88,31529.31,239,123.14,29431.24,-2098.0699999999997,-6.654347970190276,Under Budget
P0151,303,Equipment,Compactor,hour,296,98.94,29285.0,331,102.11,33799.56,4514.559999999998,15.41594673040805,Over Budget
P0151,400,Fuel,Diesel,gallon,2508,3.64,9119.22,2624,3.95,10364.68,1245.460000000001,13.657527727152113,Over Budget
P0151,500,Subcontractor,Concrete Work,job,1,28045.82,28045.82,1,28754.71,28754.71,708.8899999999994,2.5276137406572508,On Budget
P0151,501,Subcontractor,Utility Work,job,1,21878.35,21878.35,1,22016.77,22016.77,138.4200000000019,0.6326802523956419,On Budget
P0152,100,Labor,General Labor,hour,825,33.74,27838.24,902,36.08,32546.54,4708.299999999999,16.913066343274572,Over Budget
P0152,101,Labor,Equipment Operators,hour,1552,43.17,66996.26,1645,44.56,73299.09,6302.830000000002,9.407734103366371,Watch
P0152,102,Labor,Supervisors,hour,849,58.92,50018.85,1036,62.64,64894.04,14875.190000000002,29.739168333538263,Over Budget
P0152,103,Labor,Skilled Labor,hour,455,50.42,22942.24,451,50.69,22860.16,-82.08000000000175,-0.3577680296257111,On Budget
P0152,200,Materials,Gravel,ton,1127,35.79,40335.29,1520,39.73,60397.05,20061.760000000002,49.73748794170068,Over Budget
P0152,201,Materials,Concrete,cubic_yard,2081,141.87,295231.25,2219,148.47,329451.42,34220.169999999984,11.590971484217874,Over Budget
P0152,202,Materials,Asphalt,ton,528,98.33,51916.48,438,99.05,43381.73,-8534.75,-16.439384950597574,Under Budget
P0152,203,Materials,Topsoil,cubic_yard,1518,35.51,53897.27,1425,37.05,52800.47,-1096.7999999999956,-2.034982476849005,On Budget
P0152,300,Equipment,Excavator,hour,596,129.0,76883.81,678,141.67,96050.35,19166.540000000008,24.929227622824634,Over Budget
P0152,301,Equipment,Bulldozer,hour,284,151.41,43001.1,279,145.18,40504.04,-2497.0599999999977,-5.806967728732515,Under Budget
P0152,302,Equipment,Loader,hour,758,111.15,84247.95,776,117.67,91314.59,7066.639999999999,8.387907361544109,Watch
P0152,303,Equipment,Compactor,hour,182,95.99,17470.22,187,102.24,19119.33,1649.1100000000006,9.439549129890754,Watch
P0152,400,Fuel,Diesel,gallon,3741,4.06,15182.43,4012,4.19,16828.36,1645.9300000000003,10.841018203278397,Over Budget
P0152,500,Subcontractor,Concrete Work,job,1,28850.25,28850.25,1,30783.28,30783.28,1933.0299999999988,6.700219235535217,Watch
P0152,501,Subcontractor,Utility Work,job,1,22331.36,22331.36,1,22148.09,22148.09,-183.27000000000044,-0.820684454507027,On Budget
P0153,100,Labor,General Labor,hour,11112,30.2,335626.42,11274,32.04,361229.74,25603.320000000007,7.628517445080757,Watch
P0153,101,Labor,Equipment Operators,hour,5125,45.01,230665.57,5118,45.5,232889.37,2223.7999999999884,0.9640797280669102,On Budget
P0153,102,Labor,Supervisors,hour,8837,56.55,499752.62,9997,59.61,595901.15,96148.53000000003,19.23922479886149,Over Budget
P0153,103,Labor,Skilled Labor,hour,16042,47.46,761338.43,16307,48.66,793483.6,32145.169999999925,4.2221919626466144,On Budget
P0153,200,Materials,Gravel,ton,5396,35.63,192258.39,6077,36.81,223709.87,31451.47999999998,16.358963580210975,Over Budget
P0153,201,Materials,Concrete,cubic_yard,4285,137.26,588148.67,4199,128.47,539439.36,-48709.310000000056,-8.28180228648652,Under Budget
P0153,202,Materials,Asphalt,ton,844,90.32,76230.22,889,95.38,84792.59,8562.369999999995,11.232251461428284,Over Budget
P0153,203,Materials,Topsoil,cubic_yard,12427,38.04,472697.42,12034,40.06,482031.02,9333.600000000035,1.9745400768212433,On Budget
P0153,300,Equipment,Excavator,hour,2333,144.72,337627.97,2748,160.21,440251.73,102623.76000000001,30.39551492134968,Over Budget
P0153,301,Equipment,Bulldozer,hour,6658,155.94,1038246.51,6540,150.81,986316.13,-51930.380000000005,-5.001738941554449,Under Budget
P0153,302,Equipment,Loader,hour,1916,111.8,214208.16,2172,115.49,250846.55,36638.389999999985,17.104105651250627,Over Budget
P0153,303,Equipment,Compactor,hour,6967,88.05,613462.67,7029,86.25,606273.27,-7189.400000000023,-1.1719376502567014,On Budget
P0153,400,Fuel,Diesel,gallon,32905,3.85,126648.0,34588,4.1,141953.98,15305.98000000001,12.085449434653537,Over Budget
P0153,500,Subcontractor,Concrete Work,job,9,28799.54,259195.85,10,32395.36,323953.64,64757.79000000001,24.98411529351261,Over Budget
P0153,501,Subcontractor,Utility Work,job,7,20309.31,142165.14,7,20975.58,146829.07,4663.929999999993,3.2806424978725395,On Budget
P0154,100,Labor,General Labor,hour,1071,31.37,33602.38,1085,32.53,35295.72,1693.3400000000038,5.039345427317957,Watch
P0154,101,Labor,Equipment Operators,hour,6895,44.44,306446.91,8030,46.49,373287.37,66840.46000000002,21.81143219881056,Over Budget
P0154,102,Labor,Supervisors,hour,5100,55.34,282248.62,5080,60.05,305073.14,22824.52000000002,8.086671956093184,Watch
P0154,103,Labor,Skilled Labor,hour,7236,50.38,364527.59,7145,51.29,366437.47,1909.8799999999464,0.5239329072457716,On Budget
P0154,200,Materials,Gravel,ton,4042,36.17,146189.21,4365,38.6,168498.94,22309.73000000001,15.260859539496801,Over Budget
P0154,201,Materials,Concrete,cubic_yard,4789,150.12,718922.53,5021,158.13,793971.83,75049.29999999993,10.439135910791379,Over Budget
P0154,202,Materials,Asphalt,ton,6241,96.31,601042.09,6775,104.4,707328.06,106285.97000000009,17.683615135838508,Over Budget
P0154,203,Materials,Topsoil,cubic_yard,2206,38.5,84927.42,2301,41.05,94466.69,9539.270000000004,11.23226161821471,Over Budget
P0154,300,Equipment,Excavator,hour,2184,144.6,315802.04,2415,156.24,377328.78,61526.74000000005,19.48269238539436,Over Budget
P0154,301,Equipment,Bulldozer,hour,3155,152.64,481583.78,3296,153.11,504658.74,23074.959999999963,4.791473666326545,On Budget
P0154,302,Equipment,Loader,hour,1455,112.23,163298.85,1440,100.8,145153.7,-18145.149999999994,-11.111621422931021,Under Budget
P0154,303,Equipment,Compactor,hour,881,97.45,85849.58,867,95.04,82403.9,-3445.6800000000076,-4.013624760889928,On Budget
P0154,400,Fuel,Diesel,gallon,19856,4.11,81642.34,21449,4.05,86769.92,5127.580000000002,6.280540219694833,Watch
P0154,500,Subcontractor,Concrete Work,job,3,29383.53,88150.58,3,30021.88,90065.64,1915.0599999999977,2.1724871237375836,On Budget
P0154,501,Subcontractor,Utility Work,job,1,22513.25,22513.25,1,23746.83,23746.83,1233.5800000000017,5.47935104882681,Watch
P0155,100,Labor,General Labor,hour,2892,30.78,89021.86,2799,33.48,93705.47,4683.610000000001,5.2611909029984325,Watch
P0155,101,Labor,Equipment Operators,hour,7601,39.38,299324.27,7446,40.03,298072.21,-1252.0599999999977,-0.4182955160969732,On Budget
P0155,102,Labor,Supervisors,hour,5954,51.33,305610.95,6389,56.56,361391.31,55780.359999999986,18.252081608986845,Over Budget
P0155,103,Labor,Skilled Labor,hour,2220,46.37,102936.23,2114,48.18,101843.88,-1092.3499999999913,-1.061190991743132,On Budget
P0155,200,Materials,Gravel,ton,289,33.16,9581.94,294,32.02,9413.97,-167.97000000000116,-1.7529853036024141,On Budget
P0155,201,Materials,Concrete,cubic_yard,3547,143.96,510619.31,3525,147.55,520098.46,9479.150000000023,1.856402571222781,On Budget
P0155,202,Materials,Asphalt,ton,1891,91.01,172100.09,2070,91.21,188805.4,16705.309999999998,9.706741001704296,Watch
P0155,203,Materials,Topsoil,cubic_yard,8962,36.47,326861.22,8209,36.74,301601.45,-25259.76999999996,-7.727980088919684,Under Budget
P0155,300,Equipment,Excavator,hour,4973,142.02,706244.17,5001,143.59,718082.8,11838.630000000005,1.6762800321594167,On Budget
P0155,301,Equipment,Bulldozer,hour,2639,158.44,418118.85,3077,168.35,518014.3,99895.45000000001,23.89163990095161,Over Budget
P0155,302,Equipment,Loader,hour,2191,121.96,267213.11,2161,123.55,266999.44,-213.6699999999837,-0.07996239406067453,On Budget
P0155,303,Equipment,Compactor,hour,4328,102.49,443593.53,4509,108.71,490167.19,46573.659999999974,10.499174773806995,Over Budget
P0155,400,Fuel,Diesel,gallon,37366,3.56,133172.98,37303,3.65,136335.69,3162.709999999992,2.3748886598467585,On Budget
P0155,500,Subcontractor,Concrete Work,job,3,28067.47,84202.41,3,27425.04,82275.12,-1927.2900000000081,-2.2888774798726166,On Budget
P0155,501,Subcontractor,Utility Work,job,5,22213.07,111065.36,5,22353.43,111767.15,701.7899999999936,0.6318711792767732,On Budget
P0156,100,Labor,General Labor,hour,19559,34.11,667126.15,19645,34.25,672911.0,5784.849999999977,0.8671298524274571,On Budget
P0156,101,Labor,Equipment Operators,hour,5309,41.03,217821.38,5616,39.58,222295.72,4474.3399999999965,2.0541326108575735,On Budget
P0156,102,Labor,Supervisors,hour,7659,56.56,433185.64,8412,59.31,498951.42,65765.77999999997,15.181892917779999,Over Budget
P0156,103,Labor,Skilled Labor,hour,15372,46.7,717869.29,17847,50.35,898632.2,180762.90999999992,25.180476796827445,Over Budget
P0156,200,Materials,Gravel,ton,13775,36.21,498825.21,14797,36.26,536536.19,37710.97999999992,7.559958727827714,Watch
P0156,201,Materials,Concrete,cubic_yard,3894,134.86,525141.88,3883,140.18,544320.29,19178.410000000033,3.652043520124511,On Budget
P0156,202,Materials,Asphalt,ton,3383,98.03,331643.34,3253,94.19,306393.75,-25249.590000000026,-7.613477177017945,Under Budget
P0156,203,Materials,Topsoil,cubic_yard,9498,37.55,356696.34,9111,41.94,382160.81,25464.469999999972,7.138977091831099,Watch
P0156,300,Equipment,Excavator,hour,7063,139.72,986855.04,7364,137.18,1010173.78,23318.73999999999,2.36293468187587,On Budget
P0156,301,Equipment,Bulldozer,hour,7742,158.43,1226527.25,8203,153.79,1261578.49,35051.23999999999,2.8577628422034644,On Budget
P0156,302,Equipment,Loader,hour,3578,128.06,458182.69,3603,121.49,437731.64,-20451.04999999999,-4.463514324384447,On Budget
P0156,303,Equipment,Compactor,hour,8441,92.5,780784.5,9179,97.28,892970.48,112185.97999999998,14.368366687607143,Over Budget
P0156,400,Fuel,Diesel,gallon,17043,3.89,66299.55,17457,4.0,69848.51,3548.959999999992,5.352917176662574,Watch
P0156,500,Subcontractor,Concrete Work,job,10,28316.89,283168.94,10,29035.22,290352.19,7183.25,2.5367365502727806,On Budget
P0156,501,Subcontractor,Utility Work,job,5,21853.59,109267.93,5,23538.33,117691.64,8423.710000000006,7.709224472358914,Watch
P0157,100,Labor,General Labor,hour,5128,30.4,155878.98,4877,32.06,156380.5,501.5199999999895,0.3217367729760545,On Budget
P0157,101,Labor,Equipment Operators,hour,6018,41.24,248176.88,6265,43.18,270516.13,22339.25,9.001342107290574,Watch
P0157,102,Labor,Supervisors,hour,5064,54.41,275542.16,5554,56.22,312220.09,36677.93000000005,13.311186208310211,Over Budget
P0157,103,Labor,Skilled Labor,hour,2704,45.54,123137.95,2806,44.95,126127.61,2989.6600000000035,2.427894893491408,On Budget
P0157,200,Materials,Gravel,ton,12312,36.06,444004.9,15201,40.96,622706.34,178701.43999999994,40.247627897800214,Over Budget
P0157,201,Materials,Concrete,cubic_yard,1889,153.07,289140.48,2057,164.02,337390.18,48249.70000000001,16.68728640140599,Over Budget
P0157,202,Materials,Asphalt,ton,2845,86.36,245690.23,3034,86.62,262793.89,17103.660000000003,6.961473396805401,Watch
P0157,203,Materials,Topsoil,cubic_yard,457,36.74,16789.83,429,37.54,16104.44,-685.3900000000012,-4.082173553871606,On Budget
P0157,300,Equipment,Excavator,hour,6001,136.7,820358.65,6118,138.0,844263.04,23904.390000000014,2.913895038468847,On Budget
P0157,301,Equipment,Bulldozer,hour,5246,148.05,776655.53,5602,140.92,789440.15,12784.619999999995,1.6461120157092033,On Budget
P0157,302,Equipment,Loader,hour,4301,113.1,486459.96,4282,114.64,490884.31,4424.349999999977,0.9094993141881558,On Budget
P0157,303,Equipment,Compactor,hour,5219,88.09,459723.7,5016,87.76,440190.63,-19533.070000000007,-4.248871659216179,On Budget
P0157,400,Fuel,Diesel,gallon,33993,3.9,132433.85,31321,3.99,124874.11,-7559.740000000005,-5.708313999781781,Under Budget
P0157,500,Subcontractor,Concrete Work,job,6,27165.91,162995.45,6,26176.15,157056.89,-5938.559999999998,-3.6433900455503494,On Budget
P0157,501,Subcontractor,Utility Work,job,6,23585.56,141513.33,7,23944.62,167612.37,26099.040000000008,18.442813832449573,Over Budget
P0158,100,Labor,General Labor,hour,3257,30.97,100869.25,3259,30.59,99695.21,-1174.0399999999936,-1.1639226027753686,On Budget
P0158,101,Labor,Equipment Operators,hour,6265,43.5,272524.43,7234,47.92,346662.61,74138.18,27.204232662737795,Over Budget
P0158,102,Labor,Supervisors,hour,3692,54.5,201207.82,3199,55.0,175958.65,-25249.170000000013,-12.548801532664095,Under Budget
P0158,103,Labor,Skilled Labor,hour,1745,45.72,79774.62,1745,47.35,82628.7,2854.0800000000017,3.5776792167734572,On Budget
P0158,200,Materials,Gravel,ton,6051,32.42,196161.15,6200,32.25,199932.76,3771.610000000015,1.922709975956001,On Budget
P0158,201,Materials,Concrete,cubic_yard,5403,136.11,735405.39,5539,137.65,762420.76,27015.369999999995,3.673534402569445,On Budget
P0158,202,Materials,Asphalt,ton,2214,92.87,205623.7,2226,94.34,210009.85,4386.149999999994,2.1330955527013638,On Budget
P0158,203,Materials,Topsoil,cubic_yard,4700,39.74,186796.77,4696,38.79,182167.1,-4629.669999999984,-2.4784529197158944,On Budget
P0158,300,Equipment,Excavator,hour,2930,141.63,414971.28,2826,138.86,392412.5,-22558.780000000028,-5.436226815503961,Under Budget
P0158,301,Equipment,Bulldozer,hour,548,165.46,90673.16,623,176.51,109963.39,19290.229999999996,21.2744653434379,Over Budget
P0158,302,Equipment,Loader,hour,1360,117.17,159348.96,1270,116.45,147892.0,-11456.959999999992,-7.189855522119499,Under Budget
P0158,303,Equipment,Compactor,hour,1458,99.68,145328.28,1595,104.04,165940.72,20612.440000000002,14.183364724333078,Over Budget
P0158,400,Fuel,Diesel,gallon,15331,3.93,60203.17,14975,3.99,59740.89,-462.27999999999884,-0.7678665425757462,On Budget
P0158,500,Subcontractor,Concrete Work,job,4,29312.92,117251.67,4,28043.17,112172.7,-5078.970000000001,-4.3316824400027745,On Budget
P0158,501,Subcontractor,Utility Work,job,1,22698.97,22698.97,1,24124.25,24124.25,1425.2799999999988,6.279051428324715,Watch
P0159,100,Labor,General Labor,hour,5741,29.99,172150.05,5464,30.87,168687.13,-3462.9199999999837,-2.0115707198458463,On Budget
P0159,101,Labor,Equipment Operators,hour,3639,44.02,160179.95,3302,43.49,143607.38,-16572.570000000007,-10.346219985709826,Under Budget
P0159,102,Labor,Supervisors,hour,6606,58.74,388050.8,6861,62.57,429318.46,41267.66000000003,10.634602479881508,Over Budget
P0159,103,Labor,Skilled Labor,hour,4487,47.94,215089.56,4350,47.95,208600.98,-6488.579999999987,-3.016687560288834,On Budget
P0159,200,Materials,Gravel,ton,1512,35.78,54097.62,1380,36.47,50325.41,-3772.209999999999,-6.972968496580808,Under Budget
P0159,201,Materials,Concrete,cubic_yard,6546,134.29,879073.13,6794,136.64,928313.72,49240.58999999997,5.601421351600176,Watch
P0159,202,Materials,Asphalt,ton,4952,92.77,459393.98,4594,94.3,433232.56,-26161.419999999984,-5.694767702441374,Under Budget
P0159,203,Materials,Topsoil,cubic_yard,5230,40.7,212867.04,5487,43.15,236773.1,23906.059999999998,11.230512718173745,Over Budget
P0159,300,Equipment,Excavator,hour,3572,144.43,515896.95,3662,149.23,546482.93,30585.98000000004,5.928699520320878,Watch
P0159,301,Equipment,Bulldozer,hour,1959,145.9,285822.41,2307,158.63,365948.73,80126.32,28.033603103409565,Over Budget
P0159,302,Equipment,Loader,hour,1610,119.13,191793.75,1522,119.66,182114.95,-9678.799999999988,-5.046462671489549,Under Budget
P0159,303,Equipment,Compactor,hour,2676,90.83,243048.02,2855,91.88,262315.14,19267.120000000024,7.9272894302944845,Watch
P0159,400,Fuel,Diesel,gallon,10116,3.66,37009.92,10528,3.94,41518.83,4508.9100000000035,12.18297688835859,Over Budget
P0159,500,Subcontractor,Concrete Work,job,2,25929.77,51859.53,2,25551.14,51102.28,-757.25,-1.4601944907715132,On Budget
P0159,501,Subcontractor,Utility Work,job,4,20585.04,82340.17,4,22637.09,90548.36,8208.190000000002,9.968633778628345,Watch
P0160,100,Labor,General Labor,hour,3915,34.08,133414.08,3809,35.72,136071.25,2657.170000000013,1.9916713438341838,On Budget
P0160,101,Labor,Equipment Operators,hour,4790,44.18,211628.99,5041,45.93,231552.43,19923.440000000002,9.414324568670862,Watch
P0160,102,Labor,Supervisors,hour,2535,54.84,139028.28,2536,57.33,145388.96,6360.679999999993,4.57509795848729,On Budget
P0160,103,Labor,Skilled Labor,hour,8194,47.62,390215.58,8060,45.6,367534.41,-22681.170000000042,-5.812471659896317,Under Budget
P0160,200,Materials,Gravel,ton,6249,34.07,212899.33,6540,36.97,241768.81,28869.48000000001,13.560155403025465,Over Budget
P0160,201,Materials,Concrete,cubic_yard,7763,148.84,1155451.97,7642,143.3,1095109.8,-60342.169999999925,-5.222386699466178,Under Budget
P0160,202,Materials,Asphalt,ton,6022,97.77,588753.92,6304,94.41,595129.42,6375.5,1.082880263455401,On Budget
P0160,203,Materials,Topsoil,cubic_yard,750,39.3,29478.31,801,39.63,31744.66,2266.3499999999985,7.688195150943179,Watch
P0160,300,Equipment,Excavator,hour,2280,138.15,314978.63,2471,139.57,344885.86,29907.22999999998,9.495002883211468,Watch
P0160,301,Equipment,Bulldozer,hour,1067,152.29,162489.42,1058,150.61,159344.03,-3145.390000000014,-1.9357506476421749,On Budget
P0160,302,Equipment,Loader,hour,1150,128.13,147352.95,1248,126.79,158235.57,10882.619999999995,7.385410336202971,Watch
P0160,303,Equipment,Compactor,hour,267,95.4,25472.65,281,95.46,26825.35,1352.699999999997,5.310401548327312,Watch
P0160,400,Fuel,Diesel,gallon,15459,3.55,54891.87,14187,3.77,53506.48,-1385.3899999999994,-2.523852803702988,On Budget
P0160,500,Subcontractor,Concrete Work,job,2,26090.14,52180.27,2,26598.82,53197.65,1017.3800000000047,1.9497407736679109,On Budget
P0160,501,Subcontractor,Utility Work,job,4,21221.49,84885.97,4,20204.41,80817.63,-4068.3399999999965,-4.792711916939862,On Budget
P0161,100,Labor,General Labor,hour,4066,31.91,129732.22,4011,31.23,125258.93,-4473.290000000008,-3.4480948526125648,On Budget
P0161,101,Labor,Equipment Operators,hour,11137,42.58,474206.81,10911,43.15,470817.51,-3389.2999999999884,-0.7147303515105548,On Budget
P0161,102,Labor,Supervisors,hour,10080,52.27,526909.34,9229,54.06,498888.74,-28020.599999999977,-5.317916740667375,Under Budget
P0161,103,Labor,Skilled Labor,hour,14538,45.04,654805.92,15205,45.56,692701.8,37895.880000000005,5.787345355704787,Watch
P0161,200,Materials,Gravel,ton,8278,35.53,294143.92,7839,37.91,297180.87,3036.9500000000116,1.0324707714509318,On Budget
P0161,201,Materials,Concrete,cubic_yard,12661,149.03,1886900.33,12384,152.74,1891583.87,4683.540000000037,0.2482134284220533,On Budget
P0161,202,Materials,Asphalt,ton,6443,93.06,599569.31,7732,99.84,771986.76,172417.44999999995,28.75688383716637,Over Budget
P0161,203,Materials,Topsoil,cubic_yard,6462,38.22,246955.06,6507,40.17,261397.41,14442.350000000006,5.84816929849504,Watch
P0161,300,Equipment,Excavator,hour,11338,138.28,1567843.74,11910,146.04,1739282.67,171438.92999999993,10.934694933310123,Over Budget
P0161,301,Equipment,Bulldozer,hour,4658,148.58,692083.49,4916,153.61,755127.34,63043.84999999998,9.109283910240364,Watch
P0161,302,Equipment,Loader,hour,11250,120.22,1352496.14,10316,114.4,1180121.16,-172374.97999999998,-12.744951715721717,Under Budget
P0161,303,Equipment,Compactor,hour,938,93.99,88166.45,1014,95.07,96399.12,8232.669999999998,9.337644875119729,Watch
P0161,400,Fuel,Diesel,gallon,35710,3.62,129403.47,33978,3.81,129378.25,-25.220000000001164,-0.01948943100212163,On Budget
P0161,500,Subcontractor,Concrete Work,job,8,27560.3,220482.39,8,28493.37,227946.98,7464.5899999999965,3.3855719724373436,On Budget
P0161,501,Subcontractor,Utility Work,job,7,23276.2,162933.4,7,24353.79,170476.51,7543.110000000015,4.629566436347622,On Budget
P0162,100,Labor,General Labor,hour,24011,33.31,799775.92,25633,33.56,860162.25,60386.32999999996,7.550406118753858,Watch
P0162,101,Labor,Equipment Operators,hour,17996,44.36,798381.05,17900,43.67,781677.98,-16703.070000000065,-2.092117542118524,On Budget
P0162,102,Labor,Supervisors,hour,13606,55.29,752329.96,14865,56.76,843738.44,91408.47999999998,12.15005182034755,Over Budget
P0162,103,Labor,Skilled Labor,hour,6756,46.59,314743.62,7716,50.27,387873.45,73129.83000000002,23.234729904930244,Over Budget
P0162,200,Materials,Gravel,ton,13040,34.27,446834.14,13356,34.96,466936.89,20102.75,4.498928841918838,On Budget
P0162,201,Materials,Concrete,cubic_yard,15341,134.43,2062292.73,14643,135.36,1982139.92,-80152.81000000006,-3.8865874293219305,On Budget
P0162,202,Materials,Asphalt,ton,23097,87.55,2022238.58,25805,87.94,2269407.99,247169.41000000015,12.222564263411497,Over Budget
P0162,203,Materials,Topsoil,cubic_yard,14843,36.52,542070.68,15010,37.14,557422.43,15351.75,2.832056882323906,On Budget
P0162,300,Equipment,Excavator,hour,946,139.55,132015.11,1008,143.75,144895.59,12880.48000000001,9.756822533420616,Watch
P0162,301,Equipment,Bulldozer,hour,9477,151.8,1438605.52,8579,157.52,1351357.04,-87248.47999999998,-6.064795302606651,Under Budget
P0162,302,Equipment,Loader,hour,4011,122.8,492550.92,4049,129.07,522595.38,30044.46000000002,6.09976730933728,Watch
P0162,303,Equipment,Compactor,hour,9213,98.46,907129.36,9289,101.58,943605.57,36476.20999999996,4.021059355856365,On Budget
P0162,400,Fuel,Diesel,gallon,14067,3.58,50305.94,14842,3.51,52098.05,1792.1100000000006,3.562422250732221,On Budget
P0162,500,Subcontractor,Concrete Work,job,3,27858.93,83576.78,3,30140.11,90420.34,6843.559999999998,8.188350879275317,Watch
P0162,501,Subcontractor,Utility Work,job,10,22139.31,221393.06,13,23627.87,307162.3,85769.23999999999,38.74070849375315,Over Budget
P0163,100,Labor,General Labor,hour,2683,31.75,85185.2,2690,31.34,84298.53,-886.6699999999983,-1.0408732972394246,On Budget
P0163,101,Labor,Equipment Operators,hour,12977,39.94,518262.99,13872,42.42,588493.68,70230.69000000006,13.551168297778712,Over Budget
P0163,102,Labor,Supervisors,hour,11237,53.81,604706.9,10909,54.9,598936.87,-5770.030000000028,-0.954186234686594,On Budget
P0163,103,Labor,Skilled Labor,hour,14894,46.86,697926.55,14456,46.73,675482.1,-22444.45000000007,-3.2158756533907566,On Budget
P0163,200,Materials,Gravel,ton,18846,32.2,606832.98,20416,33.11,675988.64,69155.66000000003,11.396160439401305,Over Budget
P0163,201,Materials,Concrete,cubic_yard,10107,154.92,1565787.58,9675,158.97,1538005.29,-27782.290000000037,-1.774333271949956,On Budget
P0163,202,Materials,Asphalt,ton,9559,93.03,889264.04,9375,94.12,882348.89,-6915.150000000023,-0.7776261817581225,On Budget
P0163,203,Materials,Topsoil,cubic_yard,13813,37.93,523922.47,16211,41.59,674184.92,150262.45000000007,28.68028355416787,Over Budget
P0163,300,Equipment,Excavator,hour,8993,142.43,1280851.0,10606,149.84,1589183.16,308332.1599999999,24.072445585005585,Over Budget
P0163,301,Equipment,Bulldozer,hour,2050,162.74,333617.25,1958,166.49,325987.1,-7630.150000000023,-2.287096965159932,On Budget
P0163,302,Equipment,Loader,hour,5169,121.12,626050.24,5264,119.8,630630.22,4579.979999999981,0.731567485702103,On Budget
P0163,303,Equipment,Compactor,hour,5112,91.38,467117.32,5538,92.33,511344.58,44227.26000000001,9.468126765241761,Watch
P0163,400,Fuel,Diesel,gallon,12864,3.74,48091.14,14418,3.85,55460.06,7368.919999999998,15.322822457525437,Over Budget
P0163,500,Subcontractor,Concrete Work,job,6,27345.34,164072.05,6,28047.85,168287.09,4215.040000000008,2.5690176967984546,On Budget
P0163,501,Subcontractor,Utility Work,job,3,22745.5,68236.51,3,23196.3,69588.9,1352.3899999999994,1.9819155463841858,On Budget
P0164,100,Labor,General Labor,hour,7505,31.29,234866.74,7201,34.05,245161.42,10294.680000000022,4.383200448049827,On Budget
P0164,101,Labor,Equipment Operators,hour,2981,44.91,133890.9,2852,47.12,134382.73,491.8300000000163,0.3673363910467525,On Budget
P0164,102,Labor,Supervisors,hour,1019,51.12,52096.18,1050,50.64,53170.94,1074.760000000002,2.063030341188168,On Budget
P0164,103,Labor,Skilled Labor,hour,5282,47.03,248403.16,4509,47.22,212936.49,-35466.67000000001,-14.277865869339188,Under Budget
P0164,200,Materials,Gravel,ton,3242,33.63,109012.96,3082,35.83,110416.72,1403.7599999999948,1.287700104648103,On Budget
P0164,201,Materials,Concrete,cubic_yard,5721,141.06,807016.87,6451,152.36,982866.19,175849.31999999995,21.790042629468196,Over Budget
P0164,202,Materials,Asphalt,ton,3019,97.43,294153.98,3333,99.07,330198.61,36044.630000000005,12.253660480813487,Over Budget
P0164,203,Materials,Topsoil,cubic_yard,6260,40.59,254107.96,6931,43.9,304252.51,50144.55000000002,19.733561278442448,Over Budget
P0164,300,Equipment,Excavator,hour,2245,136.29,305965.85,2488,144.7,360007.5,54041.65000000002,17.662641108476656,Over Budget
P0164,301,Equipment,Bulldozer,hour,1185,147.82,175160.79,1298,159.86,207502.6,32341.809999999998,18.464069498658915,Over Budget
P0164,302,Equipment,Loader,hour,2825,111.28,314366.02,2564,116.35,298323.51,-16042.51000000001,-5.103131057230679,Under Budget
P0164,303,Equipment,Compactor,hour,3213,99.33,319153.19,2899,104.63,303329.08,-15824.109999999986,-4.958155047737416,On Budget
P0164,400,Fuel,Diesel,gallon,19372,3.6,69679.31,22344,3.92,87663.18,17983.869999999995,25.80948347508033,Over Budget
P0164,500,Subcontractor,Concrete Work,job,1,26464.87,26464.87,1,27126.57,27126.57,661.7000000000007,2.500295674983481,On Budget
P0164,501,Subcontractor,Utility Work,job,4,21266.98,85067.91,4,21164.96,84659.82,-408.0899999999965,-0.47972261220476264,On Budget
P0165,100,Labor,General Labor,hour,5835,30.94,180529.54,6208,30.92,191959.34,11429.799999999988,6.331263016567807,Watch
P0165,101,Labor,Equipment Operators,hour,13658,41.37,564997.47,14330,42.13,603788.79,38791.320000000065,6.865751097965106,Watch
P0165,102,Labor,Supervisors,hour,5602,58.56,328057.7,7053,63.97,451154.23,123096.52999999997,37.52282906330196,Over Budget
P0165,103,Labor,Skilled Labor,hour,11583,48.41,560738.32,11678,51.15,597385.92,36647.60000000009,6.535597567150413,Watch
P0165,200,Materials,Gravel,ton,15963,36.24,578525.44,15614,36.79,574386.56,-4138.879999999888,-0.7154188413909488,On Budget
P0165,201,Materials,Concrete,cubic_yard,16457,155.5,2559123.32,16345,153.03,2501331.21,-57792.10999999987,-2.258277651113737,On Budget
P0165,202,Materials,Asphalt,ton,11955,89.31,1067643.61,12232,91.6,1120496.2,52852.58999999985,4.9503963218587375,On Budget
P0165,203,Materials,Topsoil,cubic_yard,7594,40.65,308691.38,7745,39.69,307406.74,-1284.640000000014,-0.4161567452903978,On Budget
P0165,300,Equipment,Excavator,hour,6752,142.31,960852.1,6530,142.49,930481.39,-30370.709999999963,-3.160810076805781,On Budget
P0165,301,Equipment,Bulldozer,hour,1121,160.91,180381.45,1028,154.54,158864.87,-21516.580000000016,-11.928377335917864,Under Budget
P0165,302,Equipment,Loader,hour,9670,128.0,1237762.72,10188,137.13,1397037.18,159274.45999999996,12.867931585465747,Over Budget
P0165,303,Equipment,Compactor,hour,1902,92.82,176549.19,2110,99.25,209414.34,32865.149999999994,18.615293562094504,Over Budget
P0165,400,Fuel,Diesel,gallon,32894,3.78,124495.26,33982,3.8,129247.2,4751.940000000002,3.8169645976882993,On Budget
P0165,500,Subcontractor,Concrete Work,job,5,27912.18,139560.89,5,26984.59,134922.97,-4637.920000000013,-3.323223289848619,On Budget
P0165,501,Subcontractor,Utility Work,job,5,23387.88,116939.38,5,22858.06,114290.3,-2649.0800000000017,-2.2653446597715856,On Budget
P0166,100,Labor,General Labor,hour,704,34.37,24197.54,697,36.33,25324.18,1126.6399999999994,4.656010487016446,On Budget
P0166,101,Labor,Equipment Operators,hour,2969,45.25,134346.45,3059,43.95,134453.11,106.65999999997439,0.07939175169866743,On Budget
P0166,102,Labor,Supervisors,hour,1834,54.42,99810.28,1928,51.13,98573.04,-1237.2400000000052,-1.2395917534746976,On Budget
P0166,103,Labor,Skilled Labor,hour,1210,48.29,58427.51,1307,47.54,62129.21,3701.699999999997,6.335542965976125,Watch
P0166,200,Materials,Gravel,ton,217,33.35,7237.46,248,33.78,8376.44,1138.9800000000005,15.737289048920482,Over Budget
P0166,201,Materials,Concrete,cubic_yard,1695,138.34,234494.4,1523,144.39,219912.29,-14582.109999999986,-6.2185322975729855,Under Budget
P0166,202,Materials,Asphalt,ton,1292,89.58,115739.42,1163,89.98,104650.33,-11089.089999999997,-9.581083091655373,Under Budget
P0166,203,Materials,Topsoil,cubic_yard,3415,35.06,119727.81,3204,34.05,109104.52,-10623.289999999994,-8.872867548483509,Under Budget
P0166,300,Equipment,Excavator,hour,806,124.88,100649.62,882,137.25,121053.82,20404.20000000001,20.272505748158824,Over Budget
P0166,301,Equipment,Bulldozer,hour,136,146.74,19957.11,132,162.13,21401.24,1444.130000000001,7.236167962194933,Watch
P0166,302,Equipment,Loader,hour,256,123.26,31553.92,294,135.38,39801.11,8247.190000000002,26.13681596454578,Over Budget
P0166,303,Equipment,Compactor,hour,1221,90.65,110688.64,1467,96.75,141936.03,31247.39,28.229988190296673,Over Budget
P0166,400,Fuel,Diesel,gallon,8943,3.96,35387.67,9608,3.89,37344.57,1956.9000000000015,5.529892191263232,Watch
P0166,500,Subcontractor,Concrete Work,job,1,29264.91,29264.91,1,31701.17,31701.17,2436.2599999999984,8.324850477927315,Watch
P0166,501,Subcontractor,Utility Work,job,1,23186.66,23186.66,1,21915.62,21915.62,-1271.0400000000009,-5.48177270896283,Under Budget
P0167,100,Labor,General Labor,hour,3858,30.56,117881.54,4038,31.43,126920.06,9038.520000000004,7.667460062024982,Watch
P0167,101,Labor,Equipment Operators,hour,3066,42.57,130512.33,3226,44.81,144545.37,14033.039999999994,10.752271452053606,Over Budget
P0167,102,Labor,Supervisors,hour,534,53.89,28775.65,481,55.49,26692.78,-2082.8700000000026,-7.238307388364825,Under Budget
P0167,103,Labor,Skilled Labor,hour,951,48.41,46035.07,940,46.66,43863.89,-2171.1800000000003,-4.716360809269977,On Budget
P0167,200,Materials,Gravel,ton,3264,33.93,110760.32,3329,33.21,110561.6,-198.72000000000116,-0.17941443289438055,On Budget
P0167,201,Materials,Concrete,cubic_yard,3300,148.55,490199.75,3589,150.33,539518.91,49319.16000000003,10.061033282860718,Over Budget
P0167,202,Materials,Asphalt,ton,802,92.47,74162.73,800,94.48,75586.7,1423.9700000000012,1.9200614648355059,On Budget
P0167,203,Materials,Topsoil,cubic_yard,502,37.07,18610.74,618,39.41,24355.48,5744.739999999998,30.867875216138625,Over Budget
P0167,300,Equipment,Excavator,hour,777,141.29,109781.59,752,143.45,107877.89,-1903.699999999997,-1.7340794572204659,On Budget
P0167,301,Equipment,Bulldozer,hour,1311,146.66,192271.26,1682,167.37,281515.11,89243.84999999998,46.415595341706286,Over Budget
P0167,302,Equipment,Loader,hour,996,111.19,110742.37,920,107.67,99052.26,-11690.11,-10.556131316315517,Under Budget
P0167,303,Equipment,Compactor,hour,1159,101.95,118157.37,1315,102.81,135196.35,17038.98000000001,14.420581636168789,Over Budget
P0167,400,Fuel,Diesel,gallon,9943,3.97,39465.48,10110,4.03,40699.5,1234.0199999999968,3.1268338811538507,On Budget
P0167,500,Subcontractor,Concrete Work,job,2,30013.03,60026.05,2,34496.28,68992.57,8966.520000000004,14.93771454226957,Over Budget
P0167,501,Subcontractor,Utility Work,job,1,22256.49,22256.49,1,23113.39,23113.39,856.8999999999978,3.8501129333511157,On Budget
P0168,100,Labor,General Labor,hour,6713,30.61,205471.41,7252,32.15,233140.82,27669.410000000003,13.46630657764017,Over Budget
P0168,101,Labor,Equipment Operators,hour,10896,44.75,487592.4,11972,42.81,512549.09,24956.690000000002,5.118350901285583,Watch
P0168,102,Labor,Supervisors,hour,22790,57.56,1311788.36,23545,57.31,1349405.89,37617.529999999795,2.8676523703869266,On Budget
P0168,103,Labor,Skilled Labor,hour,14233,45.57,648661.94,13546,43.6,590549.46,-58112.47999999998,-8.95882375956881,Under Budget
P0168,200,Materials,Gravel,ton,16838,33.94,571465.98,18837,34.87,656927.83,85461.84999999998,14.954844731089675,Over Budget
P0168,201,Materials,Concrete,cubic_yard,5132,133.57,685463.01,5374,125.52,674559.13,-10903.880000000005,-1.5907320804954894,On Budget
P0168,202,Materials,Asphalt,ton,22838,92.59,2114652.9,25060,91.75,2299159.95,184507.05000000028,8.725169506541725,Watch
P0168,203,Materials,Topsoil,cubic_yard,15576,37.76,588080.41,16749,36.25,607127.12,19046.709999999963,3.2387934840407215,On Budget
P0168,300,Equipment,Excavator,hour,5568,143.41,798511.05,5730,142.13,814400.18,15889.130000000005,1.9898447241274875,On Budget
P0168,301,Equipment,Bulldozer,hour,11044,151.65,1674773.21,11483,145.51,1670886.21,-3887.0,-0.23209112593818002,On Budget
P0168,302,Equipment,Loader,hour,9862,127.05,1252937.58,11002,136.09,1497252.72,244315.1399999999,19.499386394013328,Over Budget
P0168,303,Equipment,Compactor,hour,909,97.9,88988.69,975,97.56,95118.15,6129.459999999992,6.887909014055597,Watch
P0168,400,Fuel,Diesel,gallon,32295,4.15,134111.82,32339,4.26,137771.12,3659.2999999999884,2.7285439866523236,On Budget
P0168,500,Subcontractor,Concrete Work,job,12,29299.45,351593.37,11,29073.97,319813.62,-31779.75,-9.038779656169286,Under Budget
P0168,501,Subcontractor,Utility Work,job,13,23246.77,302208.03,13,25060.06,325780.76,23572.72999999998,7.800166660032157,Watch
P0169,100,Labor,General Labor,hour,4632,30.51,141300.88,5256,33.36,175343.27,34042.389999999985,24.092128796367003,Over Budget
P0169,101,Labor,Equipment Operators,hour,16138,40.57,654729.22,16181,45.5,736272.31,81543.09000000008,12.45447545475366,Over Budget
P0169,102,Labor,Supervisors,hour,11367,53.87,612317.49,12286,56.71,696758.19,84440.69999999995,13.79034592005529,Over Budget
P0169,103,Labor,Skilled Labor,hour,5173,45.45,235137.21,5728,45.66,261553.41,26416.20000000001,11.23437672837915,Over Budget
P0169,200,Materials,Gravel,ton,7820,32.89,257168.85,7702,34.32,264306.96,7138.110000000015,2.77565109460186,On Budget
P0169,201,Materials,Concrete,cubic_yard,5187,144.88,751486.45,5338,151.88,810761.78,59275.330000000075,7.887744349881502,Watch
P0169,202,Materials,Asphalt,ton,2256,87.35,197059.16,2422,92.26,223447.41,26388.25,13.39102937412298,Over Budget
P0169,203,Materials,Topsoil,cubic_yard,1480,40.4,59797.06,1537,41.39,63610.33,3813.270000000004,6.37701920462311,Watch
P0169,300,Equipment,Excavator,hour,1106,134.62,148886.59,1382,144.74,200036.04,51149.45000000001,34.35463865483118,Over Budget
P0169,301,Equipment,Bulldozer,hour,7435,152.48,1133708.23,6201,157.16,974579.08,-159129.15000000002,-14.036164313634735,Under Budget
P0169,302,Equipment,Loader,hour,916,110.64,101350.44,925,110.11,101849.79,499.34999999999127,0.49269643032629284,On Budget
P0169,303,Equipment,Compactor,hour,353,96.75,34153.26,352,95.95,33773.24,-380.0200000000041,-1.1126902673419874,On Budget
P0169,400,Fuel,Diesel,gallon,38444,3.95,151720.61,38768,4.05,156985.53,5264.920000000013,3.4701415977697514,On Budget
P0169,500,Subcontractor,Concrete Work,job,2,25958.21,51916.43,2,26890.88,53781.76,1865.3300000000017,3.5929473578980713,On Budget
P0169,501,Subcontractor,Utility Work,job,6,21918.86,131513.14,6,23477.13,140862.79,9349.649999999994,7.109289611669217,Watch
P0170,100,Labor,General Labor,hour,11724,34.55,405023.34,10391,37.86,393368.48,-11654.860000000044,-2.8775773761581354,On Budget
P0170,101,Labor,Equipment Operators,hour,9860,41.52,409372.02,10251,42.06,431161.51,21789.48999999999,5.322662257181131,Watch
P0170,102,Labor,Supervisors,hour,10344,58.01,600052.01,9972,62.07,618922.98,18870.969999999972,3.14488905720022,On Budget
P0170,103,Labor,Skilled Labor,hour,12659,47.99,607473.67,11848,48.83,578564.07,-28909.600000000093,-4.758988154992807,On Budget
P0170,200,Materials,Gravel,ton,16510,32.66,539198.0,16514,31.8,525100.69,-14097.310000000056,-2.614495973649764,On Budget
P0170,201,Materials,Concrete,cubic_yard,17228,137.25,2364589.43,17177,132.63,2278179.29,-86410.14000000013,-3.654340110959564,On Budget
P0170,202,Materials,Asphalt,ton,10508,93.14,978693.58,9869,98.08,967962.67,-10730.909999999916,-1.0964524769846673,On Budget
P0170,203,Materials,Topsoil,cubic_yard,7900,35.19,277976.49,7857,36.56,287248.92,9272.429999999993,3.3356885684828934,On Budget
P0170,300,Equipment,Excavator,hour,2230,125.11,278990.81,2205,133.33,293990.93,15000.119999999995,5.376564195788383,Watch
P0170,301,Equipment,Bulldozer,hour,4803,149.84,719685.27,4777,163.29,780032.49,60347.21999999997,8.385223724253793,Watch
P0170,302,Equipment,Loader,hour,8397,120.33,1010384.95,9591,127.18,1219811.58,209426.63000000012,20.727409884717716,Over Budget
P0170,303,Equipment,Compactor,hour,8966,93.36,837036.96,9352,103.22,965316.13,128279.17000000004,15.325388976849966,Over Budget
P0170,400,Fuel,Diesel,gallon,31018,4.15,128777.46,32901,4.17,137064.47,8287.009999999995,6.435140124677094,Watch
P0170,500,Subcontractor,Concrete Work,job,1,26661.61,26661.61,1,26271.64,26271.64,-389.97000000000116,-1.4626648578236692,On Budget
P0170,501,Subcontractor,Utility Work,job,3,21258.61,63775.83,3,21900.19,65700.57,1924.7400000000052,3.0179771866552034,On Budget
P0171,100,Labor,General Labor,hour,4099,32.79,134390.37,4613,35.35,163053.61,28663.23999999999,21.328343690102194,Over Budget
P0171,101,Labor,Equipment Operators,hour,2511,42.33,106282.63,3139,47.4,148774.61,42491.97999999998,39.980173618210216,Over Budget
P0171,102,Labor,Supervisors,hour,1982,58.86,116661.82,2107,59.89,126188.26,9526.439999999988,8.165859233123559,Watch
P0171,103,Labor,Skilled Labor,hour,3706,44.43,164647.01,3862,49.82,192410.46,27763.449999999983,16.86240764408657,Over Budget
P0171,200,Materials,Gravel,ton,643,34.83,22397.99,754,37.44,28230.63,5832.639999999999,26.04090813506033,Over Budget
P0171,201,Materials,Concrete,cubic_yard,8537,138.8,1184900.28,9294,142.24,1322007.96,137107.67999999993,11.5712420964235,Over Budget
P0171,202,Materials,Asphalt,ton,3419,95.76,327404.8,3464,95.55,330985.88,3581.0800000000163,1.093777488906704,On Budget
P0171,203,Materials,Topsoil,cubic_yard,2398,37.14,89070.77,2796,36.98,103401.3,14330.529999999999,16.088925693580507,Over Budget
P0171,300,Equipment,Excavator,hour,3521,125.04,440273.64,3560,129.73,461854.13,21580.48999999999,4.901608463318401,On Budget
P0171,301,Equipment,Bulldozer,hour,1273,155.99,198577.87,1374,168.93,232110.64,33532.77000000002,16.886458697537655,Over Budget
P0171,302,Equipment,Loader,hour,1080,126.47,136584.4,1096,128.71,141070.7,4486.3000000000175,3.28463572706694,On Budget
P0171,303,Equipment,Compactor,hour,2635,96.79,255050.06,2844,98.28,279505.9,24455.840000000026,9.588643107945172,Watch
P0171,400,Fuel,Diesel,gallon,33997,3.76,127720.26,37210,3.99,148405.0,20684.740000000005,16.195347550968034,Over Budget
P0171,500,Subcontractor,Concrete Work,job,6,27768.9,166613.43,6,30147.21,180883.26,14269.830000000016,8.564633715301353,Watch
P0171,501,Subcontractor,Utility Work,job,1,22955.47,22955.47,1,26194.2,26194.2,3238.7299999999996,14.108750550522378,Over Budget
P0172,100,Labor,General Labor,hour,4151,29.96,124374.57,4399,30.67,134933.06,10558.48999999999,8.489267540784255,Watch
P0172,101,Labor,Equipment Operators,hour,5649,39.4,222557.01,5531,42.53,235227.39,12670.380000000005,5.693094097552804,Watch
P0172,102,Labor,Supervisors,hour,7545,53.46,403343.94,7138,52.81,376960.55,-26383.390000000014,-6.541164347231798,Under Budget
P0172,103,Labor,Skilled Labor,hour,8974,48.37,434092.8,9251,50.14,463850.67,29757.869999999995,6.855186264319518,Watch
P0172,200,Materials,Gravel,ton,2379,34.62,82369.67,2276,36.44,82928.67,559.0,0.6786478566686014,On Budget
P0172,201,Materials,Concrete,cubic_yard,6604,147.76,975836.74,6956,145.43,1011581.03,35744.29000000004,3.6629375114529954,On Budget
P0172,202,Materials,Asphalt,ton,471,94.89,44692.11,465,93.28,43377.35,-1314.760000000002,-2.9418167994305975,On Budget
P0172,203,Materials,Topsoil,cubic_yard,5953,39.41,234625.36,6325,40.66,257179.49,22554.130000000005,9.612827019210544,Watch
P0172,300,Equipment,Excavator,hour,3713,139.56,518179.19,3733,144.88,540842.98,22663.78999999998,4.3737360429314,On Budget
P0172,301,Equipment,Bulldozer,hour,1194,151.63,181049.51,1253,157.65,197537.6,16488.089999999997,9.106950910830964,Watch
P0172,302,Equipment,Loader,hour,3038,125.0,379763.49,3136,126.58,396962.48,17198.98999999999,4.528868744070156,On Budget
P0172,303,Equipment,Compactor,hour,2609,91.14,237779.68,2705,95.97,259597.59,21817.910000000003,9.175683136590983,Watch
P0172,400,Fuel,Diesel,gallon,15304,3.84,58762.38,17732,3.79,67187.61,8425.230000000003,14.33779571215462,Over Budget
P0172,500,Subcontractor,Concrete Work,job,2,27096.79,54193.58,2,29206.8,58413.61,4220.029999999999,7.786955576656863,Watch
P0172,501,Subcontractor,Utility Work,job,3,22198.43,66595.28,3,22156.6,66469.79,-125.49000000000524,-0.1884367781019995,On Budget
P0173,100,Labor,General Labor,hour,6309,30.15,190219.2,7003,33.15,232179.4,41960.19999999998,22.05886682311774,Over Budget
P0173,101,Labor,Equipment Operators,hour,5394,44.93,242368.53,5950,45.32,269656.64,27288.110000000015,11.258932832575258,Over Budget
P0173,102,Labor,Supervisors,hour,2524,52.2,131763.8,2482,53.26,132203.62,439.820000000007,0.3337942591212511,On Budget
P0173,103,Labor,Skilled Labor,hour,1954,51.13,99903.35,1848,51.84,95796.57,-4106.779999999999,-4.1107530428158805,On Budget
P0173,200,Materials,Gravel,ton,11418,33.05,377317.23,10899,35.5,386938.63,9621.400000000023,2.5499498127875113,On Budget
P0173,201,Materials,Concrete,cubic_yard,8712,153.94,1341112.72,8111,151.92,1232192.76,-108919.95999999996,-8.121611134968578,Under Budget
P0173,202,Materials,Asphalt,ton,4106,89.77,368600.8,3932,90.72,356704.85,-11895.950000000012,-3.2273261479627857,On Budget
P0173,203,Materials,Topsoil,cubic_yard,2468,37.05,91427.09,2461,41.58,102326.63,10899.540000000008,11.921565041608574,Over Budget
P0173,300,Equipment,Excavator,hour,5131,140.12,718979.19,5260,136.98,720530.78,1551.5900000000838,0.21580457704208156,On Budget
P0173,301,Equipment,Bulldozer,hour,2782,146.02,406229.0,3071,140.47,431392.26,25163.26000000001,6.194353431192753,Watch
P0173,302,Equipment,Loader,hour,3496,113.14,395545.49,4458,121.59,542067.3,146521.81000000006,37.042973236782466,Over Budget
P0173,303,Equipment,Compactor,hour,1876,101.95,191250.77,1908,103.39,197276.22,6025.450000000012,3.150549406938342,On Budget
P0173,400,Fuel,Diesel,gallon,33160,3.74,124164.22,41081,3.97,163143.86,38979.639999999985,31.39361725946491,Over Budget
P0173,500,Subcontractor,Concrete Work,job,5,28535.75,142678.75,6,31143.02,186858.14,44179.390000000014,30.96423959419326,Over Budget
P0173,501,Subcontractor,Utility Work,job,4,21282.14,85128.57,4,20130.33,80521.32,-4607.25,-5.412107827019765,Under Budget
P0174,100,Labor,General Labor,hour,6638,30.13,200005.68,6741,31.09,209579.61,9573.929999999993,4.786829054054861,On Budget
P0174,101,Labor,Equipment Operators,hour,17668,43.37,766311.31,16861,46.43,782850.78,16539.469999999972,2.158322575194665,On Budget
P0174,102,Labor,Supervisors,hour,5815,53.08,308655.0,5782,52.64,304378.73,-4276.270000000019,-1.38545301388282,On Budget
P0174,103,Labor,Skilled Labor,hour,8224,51.42,422912.25,9056,52.78,478018.5,55106.25,13.030185339866604,Over Budget
P0174,200,Materials,Gravel,ton,28435,36.28,1031512.88,26775,36.55,978595.39,-52917.48999999999,-5.130085239459151,Under Budget
P0174,201,Materials,Concrete,cubic_yard,6873,143.68,987502.52,6643,140.19,931283.89,-56218.630000000005,-5.693011294796493,Under Budget
P0174,202,Materials,Asphalt,ton,17626,88.14,1553544.65,17554,89.56,1572119.69,18575.040000000037,1.195655367871148,On Budget
P0174,203,Materials,Topsoil,cubic_yard,12022,40.55,487500.68,11924,41.05,489488.17,1987.4899999999907,0.407689687735408,On Budget
P0174,300,Equipment,Excavator,hour,9139,142.54,1302706.28,9560,154.44,1476471.1,173764.82000000007,13.338756607514018,Over Budget
P0174,301,Equipment,Bulldozer,hour,4832,148.08,715502.22,5597,165.48,926174.67,210672.45000000007,29.443996693679033,Over Budget
P0174,302,Equipment,Loader,hour,1606,120.23,193096.02,1736,132.05,229244.18,36148.16,18.72030298708384,Over Budget
P0174,303,Equipment,Compactor,hour,12970,98.82,1281681.25,13415,107.75,1445450.71,163769.45999999996,12.77770584534961,Over Budget
P0174,400,Fuel,Diesel,gallon,29441,3.66,107814.1,34138,3.83,130760.42,22946.319999999992,21.283227332974064,Over Budget
P0174,500,Subcontractor,Concrete Work,job,14,28485.25,398793.54,14,26990.84,377871.76,-20921.77999999997,-5.2462685328353045,Under Budget
P0174,501,Subcontractor,Utility Work,job,8,21069.62,168556.99,8,21581.39,172651.14,4094.1500000000233,2.428941095827603,On Budget
P0175,100,Labor,General Labor,hour,24213,29.98,725976.28,24493,30.61,749657.27,23680.98999999999,3.2619509276528964,On Budget
P0175,101,Labor,Equipment Operators,hour,19870,43.07,855864.56,19666,42.74,840474.32,-15390.240000000107,-1.7982097541227908,On Budget
P0175,102,Labor,Supervisors,hour,9323,59.05,550510.0,11521,67.15,773585.04,223075.04000000004,40.521523678044005,Over Budget
P0175,103,Labor,Skilled Labor,hour,22901,50.48,1155959.02,21224,49.63,1053296.9,-102662.12000000011,-8.881121062578854,Under Budget
P0175,200,Materials,Gravel,ton,1446,32.1,46410.97,1517,31.83,48288.59,1877.6199999999953,4.045638348002628,On Budget
P0175,201,Materials,Concrete,cubic_yard,1632,139.42,227533.64,1749,137.05,239702.37,12168.729999999981,5.348101493915353,Watch
P0175,202,Materials,Asphalt,ton,28779,96.37,2773520.75,31251,96.46,3014555.8,241035.0499999998,8.69058037514231,Watch
P0175,203,Materials,Topsoil,cubic_yard,11228,40.07,449876.46,12657,37.76,477886.41,28009.949999999953,6.226142617019781,Watch
P0175,300,Equipment,Excavator,hour,9297,144.39,1342416.44,8600,153.08,1316519.9,-25896.540000000037,-1.9290988420851012,On Budget
P0175,301,Equipment,Bulldozer,hour,3587,144.71,519060.51,3589,152.41,546990.3,27929.790000000037,5.380835078361102,Watch
P0175,302,Equipment,Loader,hour,8244,122.73,1011777.62,8281,128.9,1067436.69,55659.06999999995,5.501116935162091,Watch
P0175,303,Equipment,Compactor,hour,2312,89.59,207130.02,2350,87.22,204975.14,-2154.8799999999756,-1.040351369637282,On Budget
P0175,400,Fuel,Diesel,gallon,83690,3.92,328001.21,86601,4.03,349079.6,21078.389999999956,6.426314707802436,Watch
P0175,500,Subcontractor,Concrete Work,job,9,27226.19,245035.74,8,27227.26,217818.12,-27217.619999999995,-11.107612301780954,Under Budget
P0175,501,Subcontractor,Utility Work,job,4,22098.12,88392.47,4,22696.01,90784.05,2391.5800000000017,2.7056377087324313,On Budget
P0176,100,Labor,General Labor,hour,4077,30.3,123542.4,4438,30.63,135926.22,12383.820000000007,10.023943196829595,Over Budget
P0176,101,Labor,Equipment Operators,hour,5324,43.51,231635.78,5210,44.54,232070.49,434.70999999999185,0.1876696251330394,On Budget
P0176,102,Labor,Supervisors,hour,4589,54.71,251059.21,4860,55.4,269247.78,18188.570000000036,7.244733224485186,Watch
P0176,103,Labor,Skilled Labor,hour,2159,46.59,100590.93,2181,47.97,104629.05,4038.12000000001,4.014397719555839,On Budget
P0176,200,Materials,Gravel,ton,4735,34.29,162357.08,4574,35.89,164175.45,1818.3700000000244,1.1199819558223296,On Budget
P0176,201,Materials,Concrete,cubic_yard,1170,148.52,173773.52,1190,154.09,183370.22,9596.700000000012,5.522533007330468,Watch
P0176,202,Materials,Asphalt,ton,860,94.74,81472.27,865,92.38,79911.63,-1560.6399999999994,-1.915547461731457,On Budget
P0176,203,Materials,Topsoil,cubic_yard,6418,37.46,240427.89,6443,38.17,245898.12,5470.229999999981,2.2752060919388266,On Budget
P0176,300,Equipment,Excavator,hour,558,142.55,79544.56,573,138.46,79340.19,-204.36999999999534,-0.25692517502139095,On Budget
P0176,301,Equipment,Bulldozer,hour,3218,146.48,471383.0,3321,151.86,504334.93,32951.92999999999,6.9904790796443645,Watch
P0176,302,Equipment,Loader,hour,618,117.96,72896.23,764,133.03,101633.82,28737.59000000001,39.42260114137592,Over Budget
P0176,303,Equipment,Compactor,hour,1902,97.24,184952.61,1994,103.48,206330.35,21377.74000000002,11.558495984457869,Over Budget
P0176,400,Fuel,Diesel,gallon,7127,3.8,27080.86,6474,3.93,25446.3,-1634.5600000000013,-6.035849673902533,Under Budget
P0176,500,Subcontractor,Concrete Work,job,1,26734.91,26734.91,1,27966.94,27966.94,1232.0299999999988,4.60831923503763,On Budget
P0176,501,Subcontractor,Utility Work,job,3,23713.75,71141.26,3,22935.53,68806.59,-2334.6699999999983,-3.2817383330011283,On Budget
P0177,100,Labor,General Labor,hour,1017,33.49,34062.99,969,35.37,34275.23,212.24000000000524,0.62308094503743,On Budget
P0177,101,Labor,Equipment Operators,hour,1630,41.21,67169.05,1636,41.89,68526.25,1357.199999999997,2.0205734635222576,On Budget
P0177,102,Labor,Supervisors,hour,2682,59.31,159073.5,2766,61.16,169158.2,10084.700000000012,6.339648024340956,Watch
P0177,103,Labor,Skilled Labor,hour,4529,45.3,205172.44,4897,46.63,228329.65,23157.209999999992,11.286705953294698,Over Budget
P0177,200,Materials,Gravel,ton,2190,31.94,69947.45,2286,31.09,71064.43,1116.979999999996,1.596884518306237,On Budget
P0177,201,Materials,Concrete,cubic_yard,2151,138.76,298469.19,2336,154.06,359877.74,61408.54999999999,20.574502178935113,Over Budget
P0177,202,Materials,Asphalt,ton,2009,97.76,196394.29,2178,104.43,227439.6,31045.309999999998,15.80764389840458,Over Budget
P0177,203,Materials,Topsoil,cubic_yard,1090,38.03,41452.41,1170,41.09,48079.1,6626.689999999995,15.986259906239455,Over Budget
P0177,300,Equipment,Excavator,hour,2288,128.08,293042.57,2387,129.95,310200.44,17157.869999999995,5.855077642814829,Watch
P0177,301,Equipment,Bulldozer,hour,1054,154.29,162625.46,973,163.86,159435.06,-3190.399999999994,-1.961808440080658,On Budget
P0177,302,Equipment,Loader,hour,3223,116.0,373854.98,3708,124.25,460701.13,86846.15000000002,23.229903210062904,Over Budget
P0177,303,Equipment,Compactor,hour,3417,102.02,348606.63,3521,102.15,359674.47,11067.839999999967,3.1748793762183944,On Budget
P0177,400,Fuel,Diesel,gallon,24603,4.15,102025.4,25493,4.19,106764.32,4738.920000000013,4.644843342932263,On Budget
P0177,500,Subcontractor,Concrete Work,job,2,28439.94,56879.89,2,28279.54,56559.08,-320.8099999999977,-0.5640130457354923,On Budget
P0177,501,Subcontractor,Utility Work,job,2,22679.62,45359.25,2,24537.19,49074.37,3715.1200000000026,8.190435247496382,Watch
P0178,100,Labor,General Labor,hour,19261,31.05,598064.31,20898,33.27,695318.0,97253.68999999994,16.261410081467652,Over Budget
P0178,101,Labor,Equipment Operators,hour,16001,41.42,662753.5,15648,42.42,663784.25,1030.75,0.15552539518840716,On Budget
P0178,102,Labor,Supervisors,hour,22105,57.86,1279056.6,23506,59.28,1393406.59,114349.98999999999,8.94018216238437,Watch
P0178,103,Labor,Skilled Labor,hour,8573,49.86,427467.41,9708,54.39,527973.65,100506.24000000005,23.512023992659476,Over Budget
P0178,200,Materials,Gravel,ton,13953,34.63,483226.09,15061,36.83,554734.48,71508.38999999996,14.798122758644913,Over Budget
P0178,201,Materials,Concrete,cubic_yard,14799,148.09,2191514.89,14448,153.5,2217837.79,26322.899999999907,1.201128047092571,On Budget
P0178,202,Materials,Asphalt,ton,20425,95.47,1950053.12,21191,96.64,2047901.79,97848.66999999993,5.01774382433233,Watch
P0178,203,Materials,Topsoil,cubic_yard,2870,36.5,104760.63,2721,38.86,105750.01,989.3799999999901,0.9444196736884745,On Budget
P0178,300,Equipment,Excavator,hour,8878,132.58,1177039.02,10498,150.91,1584252.72,407213.69999999995,34.596448637701066,Over Budget
P0178,301,Equipment,Bulldozer,hour,3158,145.4,459173.76,3485,146.69,511219.78,52046.02000000002,11.334711286637985,Over Budget
P0178,302,Equipment,Loader,hour,10788,126.64,1366224.54,12422,129.59,1609716.31,243491.77000000002,17.822236599556323,Over Budget
P0178,303,Equipment,Compactor,hour,4344,88.02,382379.34,4282,91.72,392731.22,10351.879999999946,2.707227853889791,On Budget
P0178,400,Fuel,Diesel,gallon,32172,4.15,133431.07,32288,4.47,144394.7,10963.630000000005,8.216699453882821,Watch
P0178,500,Subcontractor,Concrete Work,job,12,28912.82,346953.79,15,31971.77,479576.54,132622.75,38.224903091561565,Over Budget
P0178,501,Subcontractor,Utility Work,job,12,20599.15,247189.74,13,20736.49,269574.35,22384.609999999986,9.05563879795334,Watch
P0179,100,Labor,General Labor,hour,17616,31.33,551959.98,19046,33.52,638355.07,86395.08999999997,15.65241922068335,Over Budget
P0179,101,Labor,Equipment Operators,hour,10398,40.76,423772.19,11629,41.21,479207.46,55435.27000000002,13.08138459958876,Over Budget
P0179,102,Labor,Supervisors,hour,5800,50.72,294166.76,5945,55.99,332874.51,38707.75,13.158437751430515,Over Budget
P0179,103,Labor,Skilled Labor,hour,20135,47.49,956270.78,20327,49.92,1014778.99,58508.20999999996,6.118372664278204,Watch
P0179,200,Materials,Gravel,ton,6349,31.81,201969.79,6970,31.51,219653.67,17683.880000000005,8.755705494371215,Watch
P0179,201,Materials,Concrete,cubic_yard,21163,142.17,3008646.03,20076,142.77,2866167.97,-142478.0599999996,-4.735620560854066,On Budget
P0179,202,Materials,Asphalt,ton,522,89.5,46719.14,523,91.04,47611.81,892.6699999999983,1.9107158222518614,On Budget
P0179,203,Materials,Topsoil,cubic_yard,17161,40.52,695433.37,16467,41.03,675603.34,-19830.030000000028,-2.8514636851550605,On Budget
P0179,300,Equipment,Excavator,hour,5345,127.08,679243.65,5574,138.1,769770.2,90526.54999999993,13.327551902767135,Over Budget
P0179,301,Equipment,Bulldozer,hour,3076,151.37,465626.86,2945,155.97,459319.62,-6307.239999999991,-1.354569622551412,On Budget
P0179,302,Equipment,Loader,hour,9506,119.52,1136191.6,10383,131.15,1361695.14,225503.5399999998,19.847316244900927,Over Budget
P0179,303,Equipment,Compactor,hour,3465,101.21,350694.81,3852,99.72,384130.93,33436.119999999995,9.534250022120371,Watch
P0179,400,Fuel,Diesel,gallon,5306,3.75,19898.9,5440,3.99,21705.27,1806.369999999999,9.077737965415169,Watch
P0179,500,Subcontractor,Concrete Work,job,5,26952.04,134760.18,5,26819.43,134097.13,-663.0499999999884,-0.49202219824876187,On Budget
P0179,501,Subcontractor,Utility Work,job,5,22379.84,111899.2,6,22902.79,137416.73,25517.530000000013,22.804032557873526,Over Budget
P0180,100,Labor,General Labor,hour,18647,33.36,621988.73,16085,34.0,546871.72,-75117.01000000001,-12.07690853176713,Under Budget
P0180,101,Labor,Equipment Operators,hour,3304,44.64,147479.75,3382,44.23,149588.24,2108.4899999999907,1.4296810240049842,On Budget
P0180,102,Labor,Supervisors,hour,16719,54.18,905808.48,16886,57.93,978283.51,72475.03000000003,8.001142802284212,Watch
P0180,103,Labor,Skilled Labor,hour,12265,48.26,591914.38,12763,49.58,632758.1,40843.71999999997,6.900275002611014,Watch
P0180,200,Materials,Gravel,ton,4573,32.97,150761.24,5716,37.5,214333.98,63572.74000000002,42.16782775201373,Over Budget
P0180,201,Materials,Concrete,cubic_yard,6606,136.38,900900.81,8188,145.43,1190795.72,289894.9099999999,32.17833825679432,Over Budget
P0180,202,Materials,Asphalt,ton,6972,96.71,674262.84,7132,108.17,771437.65,97174.81000000006,14.412007341232103,Over Budget
P0180,203,Materials,Topsoil,cubic_yard,14057,35.91,504779.6,13218,37.82,499963.34,-4816.259999999951,-0.9541312683792988,On Budget
P0180,300,Equipment,Excavator,hour,1537,127.43,195866.17,1404,136.66,191874.29,-3991.8800000000047,-2.0380650726973446,On Budget
P0180,301,Equipment,Bulldozer,hour,3490,163.82,571741.57,3721,183.81,683942.64,112201.07000000007,19.62443801313941,Over Budget
P0180,302,Equipment,Loader,hour,7995,124.79,997673.95,8200,126.55,1037695.59,40021.640000000014,4.011494937800071,On Budget
P0180,303,Equipment,Compactor,hour,1960,87.65,171791.9,2109,90.05,189921.82,18129.920000000013,10.553419573332627,Over Budget
P0180,400,Fuel,Diesel,gallon,39626,4.11,162970.34,38164,4.37,166812.04,3841.7000000000116,2.3573001074919593,On Budget
P0180,500,Subcontractor,Concrete Work,job,1,27461.26,27461.26,1,26698.61,26698.61,-762.6499999999978,-2.777185023556814,On Budget
P0180,501,Subcontractor,Utility Work,job,3,20502.68,61508.03,3,21127.68,63383.04,1875.010000000002,3.0483987212726564,On Budget
P0181,100,Labor,General Labor,hour,6268,34.32,215133.11,6022,35.74,215230.34,97.23000000001048,0.045195274683664674,On Budget
P0181,101,Labor,Equipment Operators,hour,5471,41.11,224895.28,5520,44.23,244170.55,19275.26999999999,8.570775696137327,Watch
P0181,102,Labor,Supervisors,hour,1576,58.57,92304.38,1620,61.53,99671.13,7366.75,7.9809322157843425,Watch
P0181,103,Labor,Skilled Labor,hour,1638,48.41,79289.09,1656,46.5,77011.87,-2277.220000000001,-2.8720470874366213,On Budget
P0181,200,Materials,Gravel,ton,4735,34.67,164155.09,4406,36.01,158676.68,-5478.4100000000035,-3.3373378796843913,On Budget
P0181,201,Materials,Concrete,cubic_yard,4606,136.25,627552.63,5592,146.8,820905.95,193353.31999999995,30.810693917416927,Over Budget
P0181,202,Materials,Asphalt,ton,4217,98.8,416641.22,4473,101.1,452218.61,35577.390000000014,8.539095099615928,Watch
P0181,203,Materials,Topsoil,cubic_yard,9290,40.34,374715.87,10622,43.75,464709.4,89993.53000000003,24.016471466767612,Over Budget
P0181,300,Equipment,Excavator,hour,4239,136.68,579398.36,5700,149.97,854834.99,275436.63,47.53838619771033,Over Budget
P0181,301,Equipment,Bulldozer,hour,2103,152.39,320486.11,2048,148.45,304017.31,-16468.79999999999,-5.138693842300994,Under Budget
P0181,302,Equipment,Loader,hour,4963,117.47,582997.78,5090,125.43,638425.16,55427.380000000005,9.507305499516654,Watch
P0181,303,Equipment,Compactor,hour,1769,95.36,168693.64,1934,102.56,198357.81,29664.169999999984,17.584640416793416,Over Budget
P0181,400,Fuel,Diesel,gallon,37115,3.99,148052.39,45673,4.19,191346.45,43294.06,29.242391831702275,Over Budget
P0181,500,Subcontractor,Concrete Work,job,3,26625.56,79876.67,3,26978.07,80934.21,1057.5400000000081,1.3239660591759874,On Budget
P0181,501,Subcontractor,Utility Work,job,4,23478.17,93912.68,5,26992.42,134962.09,41049.41,43.71018908202812,Over Budget
P0182,100,Labor,General Labor,hour,1614,34.32,55393.0,1779,35.43,63033.14,7640.139999999999,13.792609174444422,Over Budget
P0182,101,Labor,Equipment Operators,hour,791,43.51,34414.72,896,45.32,40602.27,6187.549999999996,17.97937045543301,Over Budget
P0182,102,Labor,Supervisors,hour,1798,50.66,91083.11,1745,52.11,90928.01,-155.10000000000582,-0.17028404058667498,On Budget
P0182,103,Labor,Skilled Labor,hour,1104,47.51,52451.12,1224,50.97,62391.12,9940.0,18.95097759590262,Over Budget
P0182,200,Materials,Gravel,ton,2025,36.62,74163.68,2358,38.08,89784.16,15620.48000000001,21.062169514781377,Over Budget
P0182,201,Materials,Concrete,cubic_yard,839,156.31,131143.25,842,158.64,133577.47,2434.220000000001,1.8561534810217082,On Budget
P0182,202,Materials,Asphalt,ton,136,87.66,11921.26,127,87.97,11171.8,-749.460000000001,-6.286751568206725,Under Budget
P0182,203,Materials,Topsoil,cubic_yard,1356,36.24,49147.45,1464,36.86,53966.7,4819.25,9.805696938498336,Watch
P0182,300,Equipment,Excavator,hour,520,133.14,69232.35,506,128.94,65241.31,-3991.040000000008,-5.764703928149208,Under Budget
P0182,301,Equipment,Bulldozer,hour,261,156.78,40919.81,248,165.09,40942.46,22.650000000001455,0.055352163169871654,On Budget
P0182,302,Equipment,Loader,hour,838,115.31,96633.39,934,123.13,115007.97,18374.58,19.014731864420778,Over Budget
P0182,303,Equipment,Compactor,hour,187,97.25,18185.92,186,92.2,17149.98,-1035.9399999999987,-5.696384895567554,Under Budget
P0182,400,Fuel,Diesel,gallon,2269,3.76,8541.73,3042,4.11,12500.57,3958.84,46.34705147552077,Over Budget
P0182,500,Subcontractor,Concrete Work,job,1,26399.04,26399.04,1,27685.39,27685.39,1286.3499999999985,4.872715068426725,On Budget
P0182,501,Subcontractor,Utility Work,job,1,20828.53,20828.53,1,22656.97,22656.97,1828.4400000000023,8.77853597925539,Watch
P0183,100,Labor,General Labor,hour,14367,30.54,438830.53,15880,33.33,529340.29,90509.76000000001,20.625219489628492,Over Budget
P0183,101,Labor,Equipment Operators,hour,15549,42.47,660333.6,17348,45.77,794066.96,133733.36,20.25239363860933,Over Budget
P0183,102,Labor,Supervisors,hour,4159,56.64,235567.49,4118,57.81,238081.78,2514.290000000008,1.0673331876143046,On Budget
P0183,103,Labor,Skilled Labor,hour,12941,50.58,654505.14,13317,54.94,731697.12,77191.97999999998,11.79394557543123,Over Budget
P0183,200,Materials,Gravel,ton,10279,33.43,343590.69,11703,33.63,393573.17,49982.47999999998,14.547099631832278,Over Budget
P0183,201,Materials,Concrete,cubic_yard,10329,149.69,1546186.19,11382,153.02,1741670.99,195484.80000000005,12.643031044016768,Over Budget
P0183,202,Materials,Asphalt,ton,8331,98.72,822450.13,8687,99.21,861806.98,39356.84999999998,4.785317500041002,On Budget
P0183,203,Materials,Topsoil,cubic_yard,9205,40.95,376903.54,9283,40.52,376133.76,-769.7799999999697,-0.2042379331326975,On Budget
P0183,300,Equipment,Excavator,hour,4406,142.32,627073.79,4878,138.13,673811.36,46737.56999999995,7.453280737502989,Watch
P0183,301,Equipment,Bulldozer,hour,4876,145.73,710560.49,4656,145.34,676684.94,-33875.55000000005,-4.767440700228076,On Budget
P0183,302,Equipment,Loader,hour,1512,111.52,168614.3,1450,109.19,158321.85,-10292.449999999983,-6.10413826110833,Under Budget
P0183,303,Equipment,Compactor,hour,1954,94.63,184899.28,2049,91.63,187758.64,2859.360000000015,1.5464419331432848,On Budget
P0183,400,Fuel,Diesel,gallon,48399,3.77,182574.85,45276,3.85,174282.64,-8292.209999999992,-4.541813946444426,On Budget
P0183,500,Subcontractor,Concrete Work,job,7,29350.51,205453.57,7,29684.68,207792.77,2339.1999999999825,1.1385540781793095,On Budget
P0183,501,Subcontractor,Utility Work,job,5,21175.89,105879.46,5,21997.22,109986.09,4106.62999999999,3.8785898605829585,On Budget
P0184,100,Labor,General Labor,hour,15514,30.63,475209.91,15723,32.97,518348.56,43138.65000000002,9.077809425312704,Watch
P0184,101,Labor,Equipment Operators,hour,30208,42.04,1269860.84,31909,43.38,1384133.05,114272.20999999996,8.998797852526891,Watch
P0184,102,Labor,Supervisors,hour,14309,54.65,782052.44,15064,54.39,819290.59,37238.15000000002,4.761592457917531,On Budget
P0184,103,Labor,Skilled Labor,hour,10342,50.25,519713.25,10409,53.7,558981.98,39268.72999999998,7.5558454590103254,Watch
P0184,200,Materials,Gravel,ton,850,36.04,30632.94,836,37.83,31627.81,994.8700000000026,3.2477130827142373,On Budget
P0184,201,Materials,Concrete,cubic_yard,14201,150.68,2139839.18,14094,149.97,2113745.72,-26093.459999999963,-1.219412199004598,On Budget
P0184,202,Materials,Asphalt,ton,35868,86.86,3115598.97,40159,88.09,3537605.19,422006.21999999974,13.544946704100358,Over Budget
P0184,203,Materials,Topsoil,cubic_yard,24617,37.63,926341.07,23943,40.09,959941.54,33600.47000000009,3.6272244735948167,On Budget
P0184,300,Equipment,Excavator,hour,14674,138.88,2037992.77,13903,138.67,1927995.5,-109997.27000000002,-5.3973336716008085,Under Budget
P0184,301,Equipment,Bulldozer,hour,13306,144.87,1927579.82,13415,142.58,1912774.81,-14805.01000000001,-0.7680620976826791,On Budget
P0184,302,Equipment,Loader,hour,17787,118.09,2100395.14,17200,123.09,2117188.01,16792.869999999646,0.7995100388586713,On Budget
P0184,303,Equipment,Compactor,hour,7165,91.83,657946.71,7384,89.16,658371.99,425.28000000002794,0.06463745369287248,On Budget
P0184,400,Fuel,Diesel,gallon,127482,3.86,491918.5,129312,3.81,493308.13,1389.6300000000047,0.2824919168520811,On Budget
P0184,500,Subcontractor,Concrete Work,job,4,28445.59,113782.35,4,28776.89,115107.56,1325.2099999999919,1.1646885479162559,On Budget
P0184,501,Subcontractor,Utility Work,job,8,22023.5,176188.03,8,21977.73,175821.86,-366.1700000000128,-0.20782910167053506,On Budget
P0185,100,Labor,General Labor,hour,2982,32.19,95987.51,2859,32.2,92046.91,-3940.5999999999913,-4.105325786657026,On Budget
P0185,101,Labor,Equipment Operators,hour,3295,44.99,148243.85,3462,47.08,162991.79,14747.940000000002,9.948432936678318,Watch
P0185,102,Labor,Supervisors,hour,3129,56.3,176157.95,3336,64.71,215874.34,39716.389999999985,22.545897020259364,Over Budget
P0185,103,Labor,Skilled Labor,hour,4077,47.31,192877.39,4725,50.85,240251.07,47373.67999999999,24.56155177130922,Over Budget
P0185,200,Materials,Gravel,ton,5253,33.61,176564.97,6169,37.89,233756.52,57191.54999999999,32.39122120316391,Over Budget
P0185,201,Materials,Concrete,cubic_yard,477,154.46,73678.17,492,159.41,78429.44,4751.270000000004,6.448680796496443,Watch
P0185,202,Materials,Asphalt,ton,4826,87.79,423677.75,5240,86.51,453287.63,29609.880000000005,6.988773897142346,Watch
P0185,203,Materials,Topsoil,cubic_yard,244,40.45,9870.03,299,42.8,12797.65,2927.619999999999,29.66171328759891,Over Budget
P0185,300,Equipment,Excavator,hour,2149,127.25,273465.41,2276,130.02,295927.39,22461.98000000004,8.213828578905114,Watch
P0185,301,Equipment,Bulldozer,hour,880,153.87,135403.0,883,164.35,145122.35,9719.350000000006,7.1780905888348165,Watch
P0185,302,Equipment,Loader,hour,2476,112.67,278959.42,2415,113.64,274442.0,-4517.419999999984,-1.6193824893957636,On Budget
P0185,303,Equipment,Compactor,hour,1136,100.78,114485.26,1220,101.78,124174.69,9689.430000000008,8.463473813135428,Watch
P0185,400,Fuel,Diesel,gallon,11801,3.98,47011.42,14887,4.21,62686.41,15674.990000000005,33.34294092797028,Over Budget
P0185,500,Subcontractor,Concrete Work,job,1,28299.33,28299.33,1,28976.81,28976.81,677.4799999999996,2.3939789387239894,On Budget
P0185,501,Subcontractor,Utility Work,job,2,20789.97,41579.93,2,21355.03,42710.05,1130.1200000000026,2.7179458936078116,On Budget
P0186,100,Labor,General Labor,hour,17419,33.35,580880.36,16916,35.24,596193.19,15312.829999999958,2.636141803795873,On Budget
P0186,101,Labor,Equipment Operators,hour,6257,43.04,269283.93,6360,44.19,281078.52,11794.590000000026,4.379982867897103,On Budget
P0186,102,Labor,Supervisors,hour,14389,58.09,835906.96,15713,55.69,875000.83,39093.869999999995,4.676820731340722,On Budget
P0186,103,Labor,Skilled Labor,hour,11026,48.82,538268.55,11057,50.38,557084.5,18815.949999999953,3.4956435779129125,On Budget
P0186,200,Materials,Gravel,ton,6692,34.47,230658.85,7248,35.04,253973.82,23314.97,10.107988486026008,Over Budget
P0186,201,Materials,Concrete,cubic_yard,1734,152.44,264330.89,1771,152.02,269223.64,4892.75,1.8509944108310612,On Budget
P0186,202,Materials,Asphalt,ton,1199,85.69,102739.99,1173,89.5,104983.04,2243.0499999999884,2.183229723888418,On Budget
P0186,203,Materials,Topsoil,cubic_yard,11063,39.79,440215.04,11914,40.47,482125.52,41910.48000000004,9.520456184323017,Watch
P0186,300,Equipment,Excavator,hour,4646,139.07,646099.36,4562,139.03,634246.87,-11852.48999999999,-1.834468617953745,On Budget
P0186,301,Equipment,Bulldozer,hour,3244,146.68,475820.5,3279,159.51,523022.81,47202.31,9.920192593635626,Watch
P0186,302,Equipment,Loader,hour,3523,117.48,413880.28,4039,115.65,467117.07,53236.78999999998,12.862847681459957,Over Budget
P0186,303,Equipment,Compactor,hour,1529,102.19,156243.55,1614,109.72,177085.34,20841.790000000008,13.339296246149047,Over Budget
P0186,400,Fuel,Diesel,gallon,58412,3.91,228508.77,63982,4.08,260912.89,32404.120000000024,14.180689870240002,Over Budget
P0186,500,Subcontractor,Concrete Work,job,8,28961.33,231690.67,8,29022.28,232178.27,487.5999999999767,0.21045301478906192,On Budget
P0186,501,Subcontractor,Utility Work,job,5,22424.89,112124.46,6,25111.75,150670.49,38546.029999999984,34.37789577760284,Over Budget
P0187,100,Labor,General Labor,hour,12365,31.74,392423.07,13441,31.03,417028.1,24605.02999999997,6.270026377399261,Watch
P0187,101,Labor,Equipment Operators,hour,5964,42.82,255366.57,6089,41.98,255641.33,274.7599999999802,0.10759434956579485,On Budget
P0187,102,Labor,Supervisors,hour,11352,50.95,578399.88,10099,51.82,523310.53,-55089.34999999998,-9.524440081142476,Under Budget
P0187,103,Labor,Skilled Labor,hour,7648,50.78,388331.84,7598,50.73,385421.42,-2910.420000000042,-0.7494672597539367,On Budget
P0187,200,Materials,Gravel,ton,12500,35.69,446143.3,12385,35.62,441209.41,-4933.890000000014,-1.1058980376932734,On Budget
P0187,201,Materials,Concrete,cubic_yard,12387,139.11,1723131.01,12904,142.56,1839557.36,116426.3500000001,6.7566742937323205,Watch
P0187,202,Materials,Asphalt,ton,6909,87.77,606407.23,8023,92.96,745816.69,139409.45999999996,22.989412576759673,Over Budget
P0187,203,Materials,Topsoil,cubic_yard,7126,35.0,249380.45,9141,38.58,352630.82,103250.37,41.40275230075172,Over Budget
P0187,300,Equipment,Excavator,hour,8184,130.69,1069557.57,7918,132.46,1048795.67,-20761.90000000014,-1.9411671313775227,On Budget
P0187,301,Equipment,Bulldozer,hour,9672,155.3,1502023.02,9204,167.18,1538767.83,36744.810000000056,2.4463546504100884,On Budget
P0187,302,Equipment,Loader,hour,7486,127.11,951538.84,8181,133.42,1091534.75,139995.91000000003,14.71257967777753,Over Budget
P0187,303,Equipment,Compactor,hour,2199,92.46,203309.56,2507,100.23,251273.24,47963.67999999999,23.591453348283274,Over Budget
P0187,400,Fuel,Diesel,gallon,49826,3.65,182001.76,49300,3.85,189910.53,7908.7699999999895,4.345436000179332,On Budget
P0187,500,Subcontractor,Concrete Work,job,9,29275.11,263476.01,11,32328.34,355611.72,92135.70999999996,34.96929758424684,Over Budget
P0187,501,Subcontractor,Utility Work,job,8,23339.47,186715.74,8,23390.71,187125.69,409.95000000001164,0.21955835110634578,On Budget
P0188,100,Labor,General Labor,hour,19566,30.5,596737.99,18964,29.91,567290.69,-29447.300000000047,-4.934711798724269,On Budget
P0188,101,Labor,Equipment Operators,hour,17032,39.72,676530.39,16873,45.17,762155.33,85624.93999999994,12.656480960153162,Over Budget
P0188,102,Labor,Supervisors,hour,12259,55.59,681429.9,16525,61.46,1015700.14,334270.24,49.0542372737093,Over Budget
P0188,103,Labor,Skilled Labor,hour,3286,48.69,159998.72,3358,49.3,165558.6,5559.880000000005,3.4749527996224003,On Budget
P0188,200,Materials,Gravel,ton,24022,32.57,782458.24,25237,34.21,863378.69,80920.44999999995,10.341823481851243,Over Budget
P0188,201,Materials,Concrete,cubic_yard,9126,152.45,1391287.02,8993,144.55,1299941.42,-91345.6000000001,-6.565546769781558,Under Budget
P0188,202,Materials,Asphalt,ton,2108,98.55,207741.41,2263,105.13,237910.76,30169.350000000006,14.522549933592924,Over Budget
P0188,203,Materials,Topsoil,cubic_yard,16830,35.06,590143.05,17074,36.54,623878.42,33735.369999999995,5.71647331947737,Watch
P0188,300,Equipment,Excavator,hour,3972,135.69,538950.12,4571,136.34,623229.1,84278.97999999998,15.637621529799453,Over Budget
P0188,301,Equipment,Bulldozer,hour,6488,158.26,1026762.02,7032,163.15,1147298.19,120536.16999999993,11.73944571888235,Over Budget
P0188,302,Equipment,Loader,hour,3923,115.26,452182.38,3872,117.33,454291.28,2108.9000000000233,0.4663826131394202,On Budget
P0188,303,Equipment,Compactor,hour,917,88.78,81408.45,935,89.76,83928.09,2519.6399999999994,3.095059542344805,On Budget
P0188,400,Fuel,Diesel,gallon,39195,3.88,152239.33,38431,3.89,149403.94,-2835.389999999985,-1.8624556479590295,On Budget
P0188,500,Subcontractor,Concrete Work,job,5,25767.9,128839.5,6,26742.56,160455.35,31615.850000000006,24.53894186177376,Over Budget
P0188,501,Subcontractor,Utility Work,job,13,20830.77,270799.97,12,22231.26,266775.09,-4024.8799999999464,-1.4862926314208775,On Budget
P0189,100,Labor,General Labor,hour,7003,32.33,226374.66,6888,32.77,225710.69,-663.9700000000012,-0.29330579668236767,On Budget
P0189,101,Labor,Equipment Operators,hour,7696,40.03,308095.05,7733,41.01,317141.3,9046.25,2.936188036776313,On Budget
P0189,102,Labor,Supervisors,hour,6405,51.04,326923.37,6815,51.86,353397.01,26473.640000000014,8.097812034667333,Watch
P0189,103,Labor,Skilled Labor,hour,4063,46.4,188530.59,4167,48.41,201730.77,13200.179999999993,7.001611780878633,Watch
P0189,200,Materials,Gravel,ton,5645,33.34,188204.24,5328,33.18,176763.46,-11440.779999999999,-6.0789172443723904,Under Budget
P0189,201,Materials,Concrete,cubic_yard,2110,150.31,317156.73,2137,148.95,318303.14,1146.4100000000326,0.3614648189871401,On Budget
P0189,202,Materials,Asphalt,ton,1035,98.84,102304.34,1037,99.58,103268.92,964.5800000000017,0.942853450792021,On Budget
P0189,203,Materials,Topsoil,cubic_yard,10187,37.13,378222.12,9031,40.14,362510.47,-15711.650000000023,-4.1540801474012214,On Budget
P0189,300,Equipment,Excavator,hour,8493,132.64,1126509.38,9197,138.27,1271686.56,145177.18000000017,12.887347640194543,Over Budget
P0189,301,Equipment,Bulldozer,hour,5646,159.93,902939.56,5282,162.51,858398.91,-44540.65000000002,-4.932849547537824,On Budget
P0189,302,Equipment,Loader,hour,6103,114.65,699720.41,8158,123.89,1010719.04,310998.63,44.44612813280664,Over Budget
P0189,303,Equipment,Compactor,hour,2014,91.48,184232.32,1962,93.14,182739.65,-1492.6700000000128,-0.8102107165561465,On Budget
P0189,400,Fuel,Diesel,gallon,7047,3.72,26231.99,7088,3.66,25912.68,-319.3100000000013,-1.2172541999291753,On Budget
P0189,500,Subcontractor,Concrete Work,job,4,25876.73,103506.92,4,26698.94,106795.77,3288.850000000006,3.1774204082200552,On Budget
P0189,501,Subcontractor,Utility Work,job,3,22166.47,66499.41,3,23007.98,69023.94,2524.529999999999,3.7963193959164427,On Budget
P0190,100,Labor,General Labor,hour,10794,33.94,366308.28,10818,33.38,361051.19,-5257.090000000026,-1.435154564346737,On Budget
P0190,101,Labor,Equipment Operators,hour,3666,38.75,142064.16,3704,41.16,152450.82,10386.660000000003,7.311245848354718,Watch
P0190,102,Labor,Supervisors,hour,5180,52.91,274087.02,5421,53.13,288040.31,13953.289999999979,5.090824804472674,Watch
P0190,103,Labor,Skilled Labor,hour,4165,48.48,201898.56,5581,53.82,300388.19,98489.63,48.7817397013629,Over Budget
P0190,200,Materials,Gravel,ton,14883,33.44,497753.83,15582,35.16,547884.24,50130.409999999974,10.071325819833465,Over Budget
P0190,201,Materials,Concrete,cubic_yard,1827,133.77,244403.38,1995,144.21,287696.62,43293.23999999999,17.71384667429722,Over Budget
P0190,202,Materials,Asphalt,ton,9305,92.38,859614.48,9265,92.46,856683.03,-2931.4499999999534,-0.34101915081746337,On Budget
P0190,203,Materials,Topsoil,cubic_yard,6779,39.46,267499.82,6881,43.28,297797.66,30297.839999999967,11.32630294854029,Over Budget
P0190,300,Equipment,Excavator,hour,7318,129.23,945712.13,7341,128.27,941597.63,-4114.5,-0.4350689675514684,On Budget
P0190,301,Equipment,Bulldozer,hour,4330,160.77,696142.58,4568,155.96,712421.84,16279.26000000001,2.3384950824298105,On Budget
P0190,302,Equipment,Loader,hour,3348,119.66,400609.03,3853,121.99,470014.54,69405.50999999995,17.324998889815326,Over Budget
P0190,303,Equipment,Compactor,hour,5513,99.61,549176.95,5561,99.53,553473.85,4296.900000000023,0.7824254095150979,On Budget
P0190,400,Fuel,Diesel,gallon,65109,3.66,238497.54,67536,3.9,263625.75,25128.209999999992,10.536045780597984,Over Budget
P0190,500,Subcontractor,Concrete Work,job,4,26119.42,104477.7,4,27523.67,110094.69,5616.990000000005,5.376257325725973,Watch
P0190,501,Subcontractor,Utility Work,job,4,20627.08,82508.3,4,19630.63,78522.54,-3985.7600000000093,-4.83073824088002,On Budget
P0191,100,Labor,General Labor,hour,10668,31.66,337738.75,10003,33.06,330708.97,-7029.780000000028,-2.0814253620586998,On Budget
P0191,101,Labor,Equipment Operators,hour,10773,39.98,430751.2,10831,41.11,445307.07,14555.869999999995,3.3791826929327176,On Budget
P0191,102,Labor,Supervisors,hour,8935,54.8,489630.52,9470,59.29,561503.04,71872.52000000002,14.678929736651222,Over Budget
P0191,103,Labor,Skilled Labor,hour,7580,44.56,337742.66,8095,44.91,363543.61,25800.95000000001,7.639233373717142,Watch
P0191,200,Materials,Gravel,ton,8436,35.18,296812.75,8088,38.4,310550.9,13738.150000000023,4.628557903931021,On Budget
P0191,201,Materials,Concrete,cubic_yard,11935,146.01,1742604.63,12496,144.26,1802646.27,60041.64000000013,3.4455113320799646,On Budget
P0191,202,Materials,Asphalt,ton,3359,84.86,285028.48,3485,85.15,296737.67,11709.190000000002,4.108077199864379,On Budget
P0191,203,Materials,Topsoil,cubic_yard,17998,40.7,732590.59,15998,41.08,657274.94,-75315.65000000002,-10.280728558088635,Under Budget
P0191,300,Equipment,Excavator,hour,5297,128.31,679666.59,5111,134.52,687524.27,7857.680000000051,1.156108026436911,On Budget
P0191,301,Equipment,Bulldozer,hour,3041,161.18,490158.54,3359,164.63,553003.18,62844.64000000007,12.821288393751148,Over Budget
P0191,302,Equipment,Loader,hour,7575,122.26,926147.89,8034,119.66,961362.06,35214.17000000004,3.802218887525624,On Budget
P0191,303,Equipment,Compactor,hour,6345,92.97,589863.36,6366,105.27,670140.95,80277.58999999997,13.60952305971335,Over Budget
P0191,400,Fuel,Diesel,gallon,54677,3.65,199761.51,49948,3.4,169609.54,-30151.97,-15.09398382100736,Under Budget
P0191,500,Subcontractor,Concrete Work,job,6,29708.99,178253.97,7,31312.64,219188.48,40934.51000000001,22.96415053196291,Over Budget
P0191,501,Subcontractor,Utility Work,job,2,22858.85,45717.7,2,22934.18,45868.36,150.6600000000035,0.3295441371722626,On Budget
P0192,100,Labor,General Labor,hour,3897,29.67,115623.27,4221,32.0,135081.29,19458.020000000004,16.82880963321657,Over Budget
P0192,101,Labor,Equipment Operators,hour,7524,41.12,309371.35,7046,43.96,309772.47,401.11999999999534,0.12965647917947004,On Budget
P0192,102,Labor,Supervisors,hour,4788,51.41,246127.79,4761,51.07,243156.62,-2971.170000000013,-1.2071655947506021,On Budget
P0192,103,Labor,Skilled Labor,hour,3432,48.73,167240.21,3966,50.55,200500.28,33260.07000000001,19.887603585286104,Over Budget
P0192,200,Materials,Gravel,ton,18640,32.31,602313.54,20003,30.66,613313.73,11000.189999999944,1.8263228816008261,On Budget
P0192,201,Materials,Concrete,cubic_yard,1345,144.89,194876.61,1518,149.43,226828.64,31952.030000000028,16.39603131437889,Over Budget
P0192,202,Materials,Asphalt,ton,10420,86.27,898916.09,10835,88.22,955872.32,56956.22999999998,6.336100847855553,Watch
P0192,203,Materials,Topsoil,cubic_yard,10696,39.14,418620.22,10432,39.92,416407.67,-2212.5499999999884,-0.5285339537588482,On Budget
P0192,300,Equipment,Excavator,hour,2075,143.27,297293.65,2188,159.52,349029.89,51736.23999999999,17.402403314029744,Over Budget
P0192,301,Equipment,Bulldozer,hour,4692,152.22,714206.15,4696,149.06,700005.87,-14200.280000000028,-1.9882606723562977,On Budget
P0192,302,Equipment,Loader,hour,5451,129.31,704892.92,5258,133.81,703558.46,-1334.4600000000792,-0.18931386060737834,On Budget
P0192,303,Equipment,Compactor,hour,1195,100.65,120273.69,1223,94.58,115672.36,-4601.330000000002,-3.8257161645244286,On Budget
P0192,400,Fuel,Diesel,gallon,16637,3.98,66175.51,21652,4.39,95138.92,28963.410000000003,43.76756597720215,Over Budget
P0192,500,Subcontractor,Concrete Work,job,5,29624.33,148121.67,5,29487.59,147437.94,-683.7300000000105,-0.46160025065880667,On Budget
P0192,501,Subcontractor,Utility Work,job,10,22870.11,228701.09,11,23183.77,255021.42,26320.330000000016,11.508615896845974,Over Budget
P0193,100,Labor,General Labor,hour,20280,31.9,646835.2,21983,31.65,695868.39,49033.19000000006,7.580476449024428,Watch
P0193,101,Labor,Equipment Operators,hour,17294,41.67,720669.69,15053,43.96,661732.38,-58937.30999999994,-8.178130816074692,Under Budget
P0193,102,Labor,Supervisors,hour,19676,55.38,1089565.5,21211,53.44,1133600.17,44034.669999999925,4.041489015575468,On Budget
P0193,103,Labor,Skilled Labor,hour,13295,46.92,623821.96,14538,50.53,734616.39,110794.43000000005,17.76058508745028,Over Budget
P0193,200,Materials,Gravel,ton,9401,36.51,343225.44,9416,36.29,341692.01,-1533.429999999993,-0.44677049580007616,On Budget
P0193,201,Materials,Concrete,cubic_yard,21398,145.51,3113558.04,23543,152.04,3579486.01,465927.96999999974,14.964486417603434,Over Budget
P0193,202,Materials,Asphalt,ton,14421,89.53,1291149.88,15527,92.38,1434316.25,143166.3700000001,11.088284343874943,Over Budget
P0193,203,Materials,Topsoil,cubic_yard,12314,36.97,455292.33,11863,34.89,413912.36,-41379.97000000003,-9.088659587127248,Under Budget
P0193,300,Equipment,Excavator,hour,9842,126.11,1241219.33,10745,126.3,1357110.81,115891.47999999998,9.336905831139447,Watch
P0193,301,Equipment,Bulldozer,hour,7273,158.35,1151649.5,7471,162.15,1211428.83,59779.330000000075,5.190757257307894,Watch
P0193,302,Equipment,Loader,hour,10312,125.99,1299239.16,11478,137.45,1577644.52,278405.3600000001,21.428338105203057,Over Budget
P0193,303,Equipment,Compactor,hour,6589,94.71,624033.35,7183,103.44,743000.97,118967.62,19.06430481640124,Over Budget
P0193,400,Fuel,Diesel,gallon,62534,3.7,231600.13,58386,4.03,235298.16,3698.029999999999,1.5967305372410625,On Budget
P0193,500,Subcontractor,Concrete Work,job,7,26031.71,182221.98,8,28009.47,224075.75,41853.76999999999,22.968562848455488,Over Budget
P0193,501,Subcontractor,Utility Work,job,2,21417.64,42835.29,2,22317.28,44634.55,1799.260000000002,4.200415125005579,On Budget
P0194,100,Labor,General Labor,hour,15212,34.33,522253.94,16138,36.29,585701.85,63447.909999999974,12.148861911889066,Over Budget
P0194,101,Labor,Equipment Operators,hour,6251,42.9,268166.84,6303,39.33,247868.57,-20298.27000000002,-7.569269190776912,Under Budget
P0194,102,Labor,Supervisors,hour,14536,58.98,857311.38,15332,56.75,870167.61,12856.229999999981,1.4995986639066872,On Budget
P0194,103,Labor,Skilled Labor,hour,4367,48.63,212384.03,4931,52.02,256512.5,44128.47,20.77767805799711,Over Budget
P0194,200,Materials,Gravel,ton,1779,32.41,57649.96,1970,31.65,62346.8,4696.840000000004,8.14716957305782,Watch
P0194,201,Materials,Concrete,cubic_yard,10801,142.26,1536603.36,12124,159.43,1932919.67,396316.3099999998,25.79171179216996,Over Budget
P0194,202,Materials,Asphalt,ton,14252,97.29,1386615.79,13532,99.81,1350583.16,-36032.63000000012,-2.598602313622876,On Budget
P0194,203,Materials,Topsoil,cubic_yard,17674,35.21,622253.57,18701,36.31,679032.55,56778.9800000001,9.124733506952817,Watch
P0194,300,Equipment,Excavator,hour,9043,125.35,1133523.12,8732,127.27,1111327.73,-22195.39000000013,-1.9580888654481197,On Budget
P0194,301,Equipment,Bulldozer,hour,7410,166.63,1234726.3,7824,166.89,1305715.69,70989.3899999999,5.749402924356588,Watch
P0194,302,Equipment,Loader,hour,8615,124.47,1072304.66,8751,127.34,1114369.09,42064.43000000017,3.9228058563132766,On Budget
P0194,303,Equipment,Compactor,hour,9371,101.8,953944.26,9899,102.12,1010861.52,56917.26000000001,5.96651842110775,Watch
P0194,400,Fuel,Diesel,gallon,41945,3.91,163941.07,42584,3.94,167948.2,4007.1300000000047,2.44425024187045,On Budget
P0194,500,Subcontractor,Concrete Work,job,9,29406.52,264658.66,9,28997.18,260974.58,-3684.079999999987,-1.3920118842889886,On Budget
P0194,501,Subcontractor,Utility Work,job,3,23003.54,69010.63,3,25003.79,75011.37,6000.739999999991,8.69538504430403,Watch
P0195,100,Labor,General Labor,hour,3086,32.41,100014.35,3402,32.06,109057.99,9043.64,9.042342423862175,Watch
P0195,101,Labor,Equipment Operators,hour,1704,38.76,66049.44,1686,40.53,68337.48,2288.0399999999936,3.4641323226964427,On Budget
P0195,102,Labor,Supervisors,hour,934,55.96,52264.96,956,57.01,54500.93,2235.970000000001,4.278143521012933,On Budget
P0195,103,Labor,Skilled Labor,hour,2921,45.7,133490.06,3014,46.77,140975.1,7485.040000000008,5.607189029655099,Watch
P0195,200,Materials,Gravel,ton,2237,33.7,75387.47,2519,36.01,90709.49,15322.020000000004,20.324358941877215,Over Budget
P0195,201,Materials,Concrete,cubic_yard,1076,145.24,156276.07,1211,149.2,180678.13,24402.059999999998,15.614713116345962,Over Budget
P0195,202,Materials,Asphalt,ton,213,97.26,20716.08,203,100.14,20328.71,-387.3700000000026,-1.8699000969295474,On Budget
P0195,203,Materials,Topsoil,cubic_yard,866,37.16,32177.91,939,40.51,38036.53,5858.619999999999,18.206962478296443,Over Budget
P0195,300,Equipment,Excavator,hour,80,125.52,10041.96,86,123.21,10595.87,553.9100000000017,5.515955052599311,Watch
P0195,301,Equipment,Bulldozer,hour,282,148.48,41872.65,279,150.8,42073.36,200.70999999999913,0.47933436264482693,On Budget
P0195,302,Equipment,Loader,hour,361,127.82,46144.26,421,132.2,55655.4,9511.14,20.611751060695305,Over Budget
P0195,303,Equipment,Compactor,hour,1355,95.58,129508.1,1418,95.23,135029.82,5521.720000000001,4.263609766493371,On Budget
P0195,400,Fuel,Diesel,gallon,8708,3.88,33756.1,9328,4.01,37368.23,3612.1300000000047,10.700673359777952,Over Budget
P0195,500,Subcontractor,Concrete Work,job,1,28402.86,28402.86,1,27272.32,27272.32,-1130.5400000000009,-3.9803738074264383,On Budget
P0195,501,Subcontractor,Utility Work,job,2,21907.08,43814.16,2,22068.62,44137.24,323.07999999999447,0.7373871825911861,On Budget
P0196,100,Labor,General Labor,hour,2039,34.3,69946.98,1915,35.05,67114.22,-2832.7599999999948,-4.049867485343891,On Budget
P0196,101,Labor,Equipment Operators,hour,448,39.04,17490.65,594,44.15,26226.6,8735.949999999997,49.94639993367883,Over Budget
P0196,102,Labor,Supervisors,hour,1298,59.39,77086.62,1287,65.53,84340.89,7254.270000000004,9.410543619632051,Watch
P0196,103,Labor,Skilled Labor,hour,504,48.12,24252.36,564,52.71,29728.98,5476.619999999999,22.58180234830754,Over Budget
P0196,200,Materials,Gravel,ton,755,32.11,24243.93,713,33.29,23737.25,-506.6800000000003,-2.089925189521667,On Budget
P0196,201,Materials,Concrete,cubic_yard,452,156.36,70673.61,458,167.24,76595.02,5921.4100000000035,8.378530543437646,Watch
P0196,202,Materials,Asphalt,ton,948,88.98,84354.79,947,92.73,87816.23,3461.4400000000023,4.10343028534598,On Budget
P0196,203,Materials,Topsoil,cubic_yard,241,35.79,8625.99,230,36.24,8335.86,-290.1299999999992,-3.3634400225365346,On Budget
P0196,300,Equipment,Excavator,hour,390,135.31,52769.92,373,140.57,52431.6,-338.3199999999997,-0.6411228214861795,On Budget
P0196,301,Equipment,Bulldozer,hour,204,152.83,31176.48,265,166.6,44149.65,12973.170000000002,41.6120421548552,Over Budget
P0196,302,Equipment,Loader,hour,392,120.17,47108.55,432,124.06,53595.16,6486.610000000001,13.769496195488928,Over Budget
P0196,303,Equipment,Compactor,hour,684,99.38,67973.97,736,105.16,77394.77,9420.800000000003,13.85942295263908,Over Budget
P0196,400,Fuel,Diesel,gallon,2606,3.88,10101.23,2590,4.08,10560.63,459.39999999999964,4.547960990889225,On Budget
P0196,500,Subcontractor,Concrete Work,job,1,27926.43,27926.43,1,26880.44,26880.44,-1045.9900000000016,-3.745519925031598,On Budget
P0196,501,Subcontractor,Utility Work,job,1,22926.96,22926.96,1,23673.83,23673.83,746.8700000000026,3.2576058928004525,On Budget
P0197,100,Labor,General Labor,hour,14310,33.43,478440.23,14425,34.56,498554.82,20114.590000000026,4.204201222794335,On Budget
P0197,101,Labor,Equipment Operators,hour,4517,41.59,187865.56,4693,39.9,187257.97,-607.5899999999965,-0.32341744809426304,On Budget
P0197,102,Labor,Supervisors,hour,19411,52.86,1026111.03,20248,49.52,1002728.0,-23383.030000000028,-2.278801154685963,On Budget
P0197,103,Labor,Skilled Labor,hour,16433,46.85,769906.51,18006,48.25,868845.43,98938.92000000004,12.850770673441902,Over Budget
P0197,200,Materials,Gravel,ton,17147,35.92,615907.57,18900,38.04,718922.78,103015.21000000008,16.725758054897767,Over Budget
P0197,201,Materials,Concrete,cubic_yard,20072,137.98,2769624.34,20303,139.85,2839320.44,69696.1000000001,2.516445966820182,On Budget
P0197,202,Materials,Asphalt,ton,4316,93.27,402536.09,4493,89.07,400191.82,-2344.2700000000186,-0.582375110763365,On Budget
P0197,203,Materials,Topsoil,cubic_yard,4512,38.8,175053.47,5095,41.61,211986.66,36933.19,21.09823358542964,Over Budget
P0197,300,Equipment,Excavator,hour,6993,127.22,889677.5,8022,138.0,1107048.08,217370.58000000007,24.43251402895994,Over Budget
P0197,301,Equipment,Bulldozer,hour,10699,162.78,1741557.17,9810,159.95,1569135.62,-172421.5499999998,-9.900424342658807,Under Budget
P0197,302,Equipment,Loader,hour,787,119.04,93682.91,775,125.2,97031.97,3349.0599999999977,3.574888952531468,On Budget
P0197,303,Equipment,Compactor,hour,6255,97.46,609628.22,6704,96.85,649267.47,39639.25,6.5022006363156875,Watch
P0197,400,Fuel,Diesel,gallon,20154,4.1,82620.67,18913,3.94,74506.98,-8113.690000000002,-9.820411768628846,Under Budget
P0197,500,Subcontractor,Concrete Work,job,10,27804.17,278041.73,13,30392.05,395096.61,117054.88,42.099752436441825,Over Budget
P0197,501,Subcontractor,Utility Work,job,4,22195.94,88783.75,4,21375.65,85502.61,-3281.1399999999994,-3.6956537654694683,On Budget
P0198,100,Labor,General Labor,hour,6735,32.37,218037.04,6923,32.32,223758.61,5721.569999999978,2.6241275335603427,On Budget
P0198,101,Labor,Equipment Operators,hour,9889,44.54,440470.32,9981,42.69,426067.51,-14402.809999999998,-3.26987071455802,On Budget
P0198,102,Labor,Supervisors,hour,12340,58.72,724615.41,11685,60.23,703757.74,-20857.670000000042,-2.878446926763542,On Budget
P0198,103,Labor,Skilled Labor,hour,8156,44.85,365813.54,8796,46.43,408408.59,42595.05000000005,11.643923841638024,Over Budget
P0198,200,Materials,Gravel,ton,14877,32.27,480135.88,15342,34.15,523982.09,43846.21000000002,9.132041954456732,Watch
P0198,201,Materials,Concrete,cubic_yard,9640,142.86,1377150.82,9519,131.87,1255247.27,-121903.55000000005,-8.85186634823338,Under Budget
P0198,202,Materials,Asphalt,ton,1801,84.75,152643.65,2140,92.86,198726.03,46082.380000000005,30.189516563577985,Over Budget
P0198,203,Materials,Topsoil,cubic_yard,605,35.91,21724.4,644,37.58,24203.67,2479.269999999997,11.41237502531714,Over Budget
P0198,300,Equipment,Excavator,hour,6890,126.77,873458.62,7671,138.59,1063112.46,189653.83999999997,21.71297364951301,Over Budget
P0198,301,Equipment,Bulldozer,hour,5845,150.64,880480.32,6673,156.75,1045965.48,165485.16000000003,18.794873234645383,Over Budget
P0198,302,Equipment,Loader,hour,4097,128.48,526393.31,4135,134.71,557008.66,30615.349999999977,5.816059858359517,Watch
P0198,303,Equipment,Compactor,hour,4828,100.99,487565.85,5357,106.21,568958.75,81392.90000000002,16.693724550232552,Over Budget
P0198,400,Fuel,Diesel,gallon,52930,3.6,190353.16,56521,3.64,205713.64,15360.48000000001,8.069464147587574,Watch
P0198,500,Subcontractor,Concrete Work,job,8,26299.3,210394.44,9,27447.58,247028.2,36633.76000000001,17.41194301522417,Over Budget
P0198,501,Subcontractor,Utility Work,job,3,20365.39,61096.18,3,22201.17,66603.51,5507.3299999999945,9.014196959613505,Watch
P0199,100,Labor,General Labor,hour,17166,34.14,585988.08,18662,37.15,693215.72,107227.64000000001,18.29860429925469,Over Budget
P0199,101,Labor,Equipment Operators,hour,24218,40.41,978704.93,26230,39.04,1023985.72,45280.78999999992,4.626602831151563,On Budget
P0199,102,Labor,Supervisors,hour,4710,54.91,258610.72,5473,57.68,315665.92,57055.19999999998,22.06219448288918,Over Budget
P0199,103,Labor,Skilled Labor,hour,17458,44.39,774876.11,22434,50.01,1121873.65,346997.5399999999,44.781034738572586,Over Budget
P0199,200,Materials,Gravel,ton,21741,35.29,767226.44,24988,36.51,912268.65,145042.21000000008,18.904746035603267,Over Budget
P0199,201,Materials,Concrete,cubic_yard,3525,150.97,532155.61,3781,157.74,596412.58,64256.96999999997,12.074845927115186,Over Budget
P0199,202,Materials,Asphalt,ton,30107,86.62,2607976.94,32932,89.73,2955098.11,347121.1699999999,13.309978500039957,Over Budget
P0199,203,Materials,Topsoil,cubic_yard,19959,38.43,766941.14,20989,38.85,815456.1,48514.95999999996,6.32577357892158,Watch
P0199,300,Equipment,Excavator,hour,2288,131.07,299886.96,2755,140.48,387030.82,87143.85999999999,29.058902727881193,Over Budget
P0199,301,Equipment,Bulldozer,hour,1331,154.8,206033.47,1344,156.0,209658.09,3624.6199999999953,1.7592384382983965,On Budget
P0199,302,Equipment,Loader,hour,14505,112.53,1632191.71,13966,121.19,1692558.09,60366.38000000012,3.6984858843573054,On Budget
P0199,303,Equipment,Compactor,hour,7198,89.79,646280.14,7033,93.61,658359.49,12079.349999999977,1.869057898019267,On Budget
P0199,400,Fuel,Diesel,gallon,11267,3.59,40469.48,11480,3.5,40205.22,-264.26000000000204,-0.6529859044395975,On Budget
P0199,500,Subcontractor,Concrete Work,job,4,26522.26,106089.05,5,28086.54,140432.7,34343.65000000001,32.37247387925522,Over Budget
P0199,501,Subcontractor,Utility Work,job,8,22344.2,178753.61,9,23572.82,212155.41,33401.80000000002,18.68594430064938,Over Budget
P0200,100,Labor,General Labor,hour,4374,34.24,149748.15,4574,33.25,152095.15,2347.0,1.567298160277773,On Budget
P0200,101,Labor,Equipment Operators,hour,3823,42.07,160825.43,4821,48.1,231867.61,71042.18,44.17347430689288,Over Budget
P0200,102,Labor,Supervisors,hour,2413,59.11,142644.19,2419,57.85,139931.58,-2712.610000000015,-1.9016617501210635,On Budget
P0200,103,Labor,Skilled Labor,hour,3280,48.99,160701.26,3261,50.04,163177.48,2476.220000000001,1.54088399804706,On Budget
P0200,200,Materials,Gravel,ton,1616,32.97,53279.83,1706,33.22,56676.23,3396.4000000000015,6.374644964144971,Watch
P0200,201,Materials,Concrete,cubic_yard,1917,135.63,260002.25,2012,139.43,280528.97,20526.719999999972,7.894823987100101,Watch
P0200,202,Materials,Asphalt,ton,5044,93.16,469883.76,5598,99.21,555387.65,85503.89000000001,18.19681744267987,Over Budget
P0200,203,Materials,Topsoil,cubic_yard,1681,37.44,62938.99,1713,37.38,64026.12,1087.1300000000047,1.7272758905092132,On Budget
P0200,300,Equipment,Excavator,hour,2603,134.84,350975.88,2747,134.3,368931.45,17955.570000000007,5.115898562602082,Watch
P0200,301,Equipment,Bulldozer,hour,1157,166.32,192436.14,1209,168.6,203837.84,11401.699999999983,5.924926575642175,Watch
P0200,302,Equipment,Loader,hour,2444,127.89,312574.71,2350,130.2,305979.71,-6595.0,-2.1098955830431705,On Budget
P0200,303,Equipment,Compactor,hour,2545,98.73,251258.06,3033,109.16,331095.16,79837.09999999998,31.77494087154855,Over Budget
P0200,400,Fuel,Diesel,gallon,16851,3.63,61115.29,16601,3.61,59881.11,-1234.1800000000003,-2.019429180488222,On Budget
P0200,500,Subcontractor,Concrete Work,job,3,28966.87,86900.62,3,30902.85,92708.55,5807.930000000008,6.6834160676874435,Watch
P0200,501,Subcontractor,Utility Work,job,3,23684.02,71052.05,3,23561.18,70683.55,-368.5,-0.5186338747439377,On Budget
P0201,100,Labor,General Labor,hour,2277,30.1,68536.01,2005,30.35,60845.94,-7690.069999999992,-11.220481028878094,Under Budget
P0201,101,Labor,Equipment Operators,hour,886,41.99,37204.57,890,40.95,36444.29,-760.2799999999988,-2.043512396460969,On Budget
P0201,102,Labor,Supervisors,hour,2301,53.67,123499.85,2518,53.78,135422.26,11922.410000000003,9.653785004597173,Watch
P0201,103,Labor,Skilled Labor,hour,2457,47.14,115819.23,2419,42.87,103699.41,-12119.819999999992,-10.464428057413258,Under Budget
P0201,200,Materials,Gravel,ton,793,32.99,26159.69,839,32.45,27221.75,1062.0600000000013,4.0599104958812635,On Budget
P0201,201,Materials,Concrete,cubic_yard,1364,154.24,210376.78,1397,144.77,202249.36,-8127.420000000013,-3.863268560342074,On Budget
P0201,202,Materials,Asphalt,ton,1889,87.48,165257.1,2494,93.06,232095.24,66838.13999999998,40.44494306144788,Over Budget
P0201,203,Materials,Topsoil,cubic_yard,2229,40.51,90307.35,2205,43.19,95238.38,4931.029999999999,5.460275381793396,Watch
P0201,300,Equipment,Excavator,hour,1080,142.01,153374.18,1368,158.2,216421.17,63046.99000000002,41.10665171934417,Over Budget
P0201,301,Equipment,Bulldozer,hour,51,166.9,8512.0,48,170.77,8197.03,-314.96999999999935,-3.7003054511278117,On Budget
P0201,302,Equipment,Loader,hour,783,125.96,98629.73,831,132.81,110364.99,11735.26000000001,11.898298819230277,Over Budget
P0201,303,Equipment,Compactor,hour,335,94.02,31498.16,363,96.38,34985.67,3487.5099999999984,11.072107069111334,Over Budget
P0201,400,Fuel,Diesel,gallon,9454,4.15,39219.68,10527,4.27,44944.17,5724.489999999998,14.595963047123275,Over Budget
P0201,500,Subcontractor,Concrete Work,job,1,27983.41,27983.41,1,28927.67,28927.67,944.2599999999984,3.3743564490532014,On Budget
P0201,501,Subcontractor,Utility Work,job,1,20723.98,20723.98,1,23641.57,23641.57,2917.59,14.078328583602184,Over Budget
P0202,100,Labor,General Labor,hour,9175,30.44,279317.27,9560,31.89,304891.27,25574.0,9.155896447076115,Watch
P0202,101,Labor,Equipment Operators,hour,11749,43.7,513381.38,12046,44.17,532069.05,18687.670000000042,3.6401144895438247,On Budget
P0202,102,Labor,Supervisors,hour,16570,59.08,978976.42,18188,56.1,1020414.54,41438.119999999995,4.232800622511418,On Budget
P0202,103,Labor,Skilled Labor,hour,5563,44.67,248501.36,5888,48.77,287166.32,38664.96000000002,15.559254886975276,Over Budget
P0202,200,Materials,Gravel,ton,10799,35.73,385854.02,10800,36.71,396418.33,10564.309999999998,2.737903313797274,On Budget
P0202,201,Materials,Concrete,cubic_yard,19600,154.73,3032719.26,24115,177.76,4286682.03,1253962.7700000005,41.347802499859505,Over Budget
P0202,202,Materials,Asphalt,ton,14868,92.2,1370827.51,16898,97.28,1643875.2,273047.68999999994,19.918457136886605,Over Budget
P0202,203,Materials,Topsoil,cubic_yard,3547,37.78,134016.81,4090,41.48,169660.58,35643.76999999999,26.596491887846003,Over Budget
P0202,300,Equipment,Excavator,hour,6008,137.86,828257.81,6865,137.72,945439.54,117181.72999999998,14.147977668933779,Over Budget
P0202,301,Equipment,Bulldozer,hour,4661,147.37,686912.18,4431,147.27,652560.48,-34351.70000000007,-5.000886721793179,Under Budget
P0202,302,Equipment,Loader,hour,4780,114.52,547402.93,5182,119.56,619550.92,72147.98999999999,13.180051849558055,Over Budget
P0202,303,Equipment,Compactor,hour,3164,89.94,284562.89,3783,94.65,358059.38,73496.48999999999,25.827854784578548,Over Budget
P0202,400,Fuel,Diesel,gallon,37038,3.63,134512.64,36028,3.67,132281.71,-2230.930000000022,-1.658528150216977,On Budget
P0202,500,Subcontractor,Concrete Work,job,6,26697.88,160187.28,6,26827.05,160962.28,775.0,0.4838087019144092,On Budget
P0202,501,Subcontractor,Utility Work,job,6,21029.81,126178.87,6,22196.99,133181.95,7003.080000000016,5.550121030565591,Watch
P0203,100,Labor,General Labor,hour,3019,29.51,89101.19,2839,29.82,84645.66,-4455.529999999999,-5.000528051308853,Under Budget
P0203,101,Labor,Equipment Operators,hour,15106,44.87,677746.21,14674,47.92,703181.22,25435.01000000001,3.7528811854219017,On Budget
P0203,102,Labor,Supervisors,hour,2986,52.37,156381.1,2949,55.09,162451.11,6070.00999999998,3.8815496246029606,On Budget
P0203,103,Labor,Skilled Labor,hour,13519,50.78,686542.47,15150,50.71,768264.41,81721.94000000006,11.903406354453217,Over Budget
P0203,200,Materials,Gravel,ton,10746,36.68,394193.91,10888,35.5,386517.73,-7676.179999999993,-1.947310652262485,On Budget
P0203,201,Materials,Concrete,cubic_yard,4733,146.42,693011.01,5561,159.42,886541.33,193530.31999999995,27.92600942948943,Over Budget
P0203,202,Materials,Asphalt,ton,3259,87.18,284111.88,3186,91.32,290954.67,6842.789999999979,2.4084842914699585,On Budget
P0203,203,Materials,Topsoil,cubic_yard,1507,38.28,57683.21,1611,37.71,60752.55,3069.340000000004,5.3210284240422885,Watch
P0203,300,Equipment,Excavator,hour,9000,127.16,1144447.27,9078,125.6,1140231.41,-4215.860000000102,-0.3683752070115124,On Budget
P0203,301,Equipment,Bulldozer,hour,7823,156.91,1227529.11,8009,156.59,1254150.69,26621.57999999984,2.1687127240509874,On Budget
P0203,302,Equipment,Loader,hour,1582,116.98,185063.14,1693,129.14,218636.63,33573.48999999999,18.141640739479502,Over Budget
P0203,303,Equipment,Compactor,hour,7742,95.48,739215.99,7774,96.76,752249.15,13033.160000000033,1.7631058007822629,On Budget
P0203,400,Fuel,Diesel,gallon,42167,4.09,172429.56,40776,4.34,177062.9,4633.3399999999965,2.687091470859171,On Budget
P0203,500,Subcontractor,Concrete Work,job,5,27214.22,136071.11,6,29422.47,176534.79,40463.68000000002,29.73715728489319,Over Budget
P0203,501,Subcontractor,Utility Work,job,5,22528.63,112643.15,5,22420.16,112100.8,-542.3499999999913,-0.48147623712581844,On Budget
P0204,100,Labor,General Labor,hour,3547,30.75,109074.75,3755,30.37,114028.54,4953.789999999994,4.541646898113444,On Budget
P0204,101,Labor,Equipment Operators,hour,7872,40.19,316375.35,8749,43.11,377159.46,60784.110000000044,19.21265673826992,Over Budget
P0204,102,Labor,Supervisors,hour,3781,55.43,209591.24,3804,56.15,213589.14,3997.9000000000233,1.907474758964174,On Budget
P0204,103,Labor,Skilled Labor,hour,6794,49.55,336668.1,7156,50.15,358842.55,22174.45000000001,6.586442255740896,Watch
P0204,200,Materials,Gravel,ton,1201,31.44,37765.09,1269,33.4,42388.87,4623.780000000006,12.243529672509734,Over Budget
P0204,201,Materials,Concrete,cubic_yard,3919,139.35,546093.38,4771,152.72,728638.99,182545.61,33.42754493746106,Over Budget
P0204,202,Materials,Asphalt,ton,6072,94.15,571670.95,6088,93.36,568393.82,-3277.1300000000047,-0.5732545968970445,On Budget
P0204,203,Materials,Topsoil,cubic_yard,4309,39.04,168214.01,4448,41.02,182456.74,14242.729999999981,8.467029589271418,Watch
P0204,300,Equipment,Excavator,hour,342,126.65,43316.0,333,131.6,43822.95,506.9499999999971,1.1703527564872036,On Budget
P0204,301,Equipment,Bulldozer,hour,423,156.95,66390.78,429,153.09,65673.76,-717.0200000000041,-1.0799993613571102,On Budget
P0204,302,Equipment,Loader,hour,1461,128.28,187418.64,1502,139.76,209924.19,22505.54999999999,12.008170585380402,Over Budget
P0204,303,Equipment,Compactor,hour,224,95.26,21337.88,257,101.47,26078.62,4740.739999999998,22.21748364879734,Over Budget
P0204,400,Fuel,Diesel,gallon,2099,3.67,7699.32,2140,3.48,7444.35,-254.96999999999935,-3.311591153504457,On Budget
P0204,500,Subcontractor,Concrete Work,job,2,29888.44,59776.88,2,30778.83,61557.65,1780.770000000004,2.9790280121679222,On Budget
P0204,501,Subcontractor,Utility Work,job,1,21152.48,21152.48,1,23095.49,23095.49,1943.010000000002,9.185731413054176,Watch
P0205,100,Labor,General Labor,hour,5711,32.79,187258.44,6204,35.69,221398.04,34139.600000000006,18.23127438207859,Over Budget
P0205,101,Labor,Equipment Operators,hour,7938,43.0,341349.24,7762,43.49,337579.69,-3769.5499999999884,-1.1043088890427846,On Budget
P0205,102,Labor,Supervisors,hour,11384,55.81,635380.51,13211,58.91,778296.29,142915.78000000003,22.492943637821064,Over Budget
P0205,103,Labor,Skilled Labor,hour,10304,44.26,456023.31,12202,47.4,578414.07,122390.75999999995,26.838706995043733,Over Budget
P0205,200,Materials,Gravel,ton,10043,35.12,352754.51,10054,36.5,366978.1,14223.589999999967,4.03214972361373,On Budget
P0205,201,Materials,Concrete,cubic_yard,11842,154.5,1829585.79,12267,154.67,1897282.45,67696.65999999992,3.7001085365884876,On Budget
P0205,202,Materials,Asphalt,ton,4576,96.34,440858.07,5189,102.18,530233.14,89375.07,20.2729803721184,Over Budget
P0205,203,Materials,Topsoil,cubic_yard,1546,37.17,57463.37,1742,40.42,70409.62,12946.249999999993,22.529569706754046,Over Budget
P0205,300,Equipment,Excavator,hour,1956,140.72,275250.31,2065,144.94,299299.29,24048.97999999998,8.737130940924274,Watch
P0205,301,Equipment,Bulldozer,hour,2293,164.93,378184.97,2431,166.19,404018.1,25833.130000000005,6.830818792190501,Watch
P0205,302,Equipment,Loader,hour,462,110.94,51253.34,489,116.55,56992.14,5738.800000000003,11.196928824541002,Over Budget
P0205,303,Equipment,Compactor,hour,760,101.84,77401.3,769,105.4,81051.28,3649.979999999996,4.7156572305633055,On Budget
P0205,400,Fuel,Diesel,gallon,37067,4.07,150926.53,39000,4.11,160480.23,9553.700000000012,6.330033560037464,Watch
P0205,500,Subcontractor,Concrete Work,job,7,27037.68,189263.74,8,29589.31,236714.48,47450.74000000002,25.07122600451625,Over Budget
P0205,501,Subcontractor,Utility Work,job,5,22473.51,112367.53,6,21626.13,129756.79,17389.259999999995,15.475342387609656,Over Budget
P0206,100,Labor,General Labor,hour,15333,31.84,488158.05,15091,33.65,507848.41,19690.359999999986,4.033603461010217,On Budget
P0206,101,Labor,Equipment Operators,hour,6290,39.4,247836.1,6107,39.16,239137.81,-8698.290000000008,-3.509694511816482,On Budget
P0206,102,Labor,Supervisors,hour,16849,51.17,862202.85,17350,52.31,907639.26,45436.41000000003,5.26980512764485,Watch
P0206,103,Labor,Skilled Labor,hour,14196,45.7,648724.83,15007,47.38,711023.39,62298.560000000056,9.603233469574466,Watch
P0206,200,Materials,Gravel,ton,6771,33.48,226708.57,7095,32.91,233516.42,6807.850000000006,3.0029080947403117,On Budget
P0206,201,Materials,Concrete,cubic_yard,7418,145.0,1075637.36,8190,147.6,1208843.58,133206.21999999997,12.383933931041588,Over Budget
P0206,202,Materials,Asphalt,ton,12866,99.35,1278243.21,12889,97.03,1250578.2,-27665.01000000001,-2.164299390254536,On Budget
P0206,203,Materials,Topsoil,cubic_yard,21974,40.12,881497.15,23886,41.41,989087.39,107590.23999999999,12.20539850866222,Over Budget
P0206,300,Equipment,Excavator,hour,12063,138.41,1669601.67,12096,135.25,1635926.24,-33675.429999999935,-2.0169739049194852,On Budget
P0206,301,Equipment,Bulldozer,hour,13760,147.44,2028732.83,13238,143.65,1901692.83,-127040.0,-6.2620369780283,Under Budget
P0206,302,Equipment,Loader,hour,13323,114.89,1530737.0,12767,121.49,1551084.35,20347.350000000093,1.3292518571119725,On Budget
P0206,303,Equipment,Compactor,hour,13825,97.52,1348194.68,16274,104.26,1696646.0,348451.32000000007,25.84577176940055,Over Budget
P0206,400,Fuel,Diesel,gallon,33232,3.99,132665.38,37056,4.36,161675.54,29010.160000000003,21.86716685242224,Over Budget
P0206,500,Subcontractor,Concrete Work,job,10,26949.42,269494.25,10,27250.29,272502.87,3008.6199999999953,1.116394876699594,On Budget
P0206,501,Subcontractor,Utility Work,job,12,22846.63,274159.61,13,23329.54,303283.98,29124.369999999995,10.623143941589353,Over Budget
P0207,100,Labor,General Labor,hour,5439,31.29,170162.88,5568,33.16,184631.53,14468.649999999994,8.502823882623515,Watch
P0207,101,Labor,Equipment Operators,hour,5615,42.85,240613.37,6617,43.82,289927.88,49314.51000000001,20.495332408170007,Over Budget
P0207,102,Labor,Supervisors,hour,4257,56.9,242235.05,4223,59.85,252755.36,10520.309999999998,4.343017247091203,On Budget
P0207,103,Labor,Skilled Labor,hour,4321,44.55,192513.1,4216,42.89,180806.24,-11706.860000000015,-6.08107188549767,Under Budget
P0207,200,Materials,Gravel,ton,2345,31.61,74122.5,2440,34.36,83835.09,9712.589999999997,13.103430132550839,Over Budget
P0207,201,Materials,Concrete,cubic_yard,2161,135.48,292769.87,2112,143.12,302259.34,9489.47000000003,3.2412727443572082,On Budget
P0207,202,Materials,Asphalt,ton,1030,89.52,92202.21,998,96.79,96595.07,4392.860000000001,4.764376038275005,On Budget
P0207,203,Materials,Topsoil,cubic_yard,3242,37.73,122307.35,3985,41.83,166684.2,44376.850000000006,36.28306066642765,Over Budget
P0207,300,Equipment,Excavator,hour,1873,140.39,262959.8,1804,138.34,249560.01,-13399.789999999979,-5.095756081347788,Under Budget
P0207,301,Equipment,Bulldozer,hour,1549,160.78,249044.58,1820,170.98,311182.42,62137.84,24.950488783975942,Over Budget
P0207,302,Equipment,Loader,hour,1066,123.71,131878.18,1329,135.91,180625.52,48747.34,36.963916244522025,Over Budget
P0207,303,Equipment,Compactor,hour,624,100.13,62480.06,622,98.09,61014.6,-1465.4599999999991,-2.3454843033121273,On Budget
P0207,400,Fuel,Diesel,gallon,3710,4.06,15080.2,3366,4.04,13601.28,-1478.92,-9.807031736979615,Under Budget
P0207,500,Subcontractor,Concrete Work,job,1,29107.91,29107.91,1,29969.89,29969.89,861.9799999999996,2.9613256327919095,On Budget
P0207,501,Subcontractor,Utility Work,job,2,20340.63,40681.27,2,22882.7,45765.39,5084.120000000003,12.497446613638177,Over Budget
P0208,100,Labor,General Labor,hour,12951,29.59,383247.37,13701,29.53,404569.89,21322.52000000002,5.563644181041613,Watch
P0208,101,Labor,Equipment Operators,hour,12100,40.03,484327.52,11777,41.72,491358.43,7030.909999999974,1.4516850085248045,On Budget
P0208,102,Labor,Supervisors,hour,6888,56.06,386134.2,8479,59.73,506455.77,120321.57,31.16055765068207,Over Budget
P0208,103,Labor,Skilled Labor,hour,8256,50.63,418031.06,7617,53.66,408755.55,-9275.51000000001,-2.2188566562494207,On Budget
P0208,200,Materials,Gravel,ton,8165,32.17,262669.57,8841,31.17,275603.77,12934.200000000012,4.924133389337794,On Budget
P0208,201,Materials,Concrete,cubic_yard,4122,151.1,622817.54,4766,159.43,759858.51,137040.96999999997,22.003389628365312,Over Budget
P0208,202,Materials,Asphalt,ton,12059,95.52,1151840.25,12097,99.42,1202695.44,50855.189999999944,4.415125274533508,On Budget
P0208,203,Materials,Topsoil,cubic_yard,13593,39.62,538617.14,14101,40.68,573615.45,34998.30999999994,6.497808443303519,Watch
P0208,300,Equipment,Excavator,hour,475,124.2,58995.1,497,129.45,64337.79,5342.690000000002,9.056158901332488,Watch
P0208,301,Equipment,Bulldozer,hour,2575,142.65,367323.44,2748,140.71,386680.73,19357.28999999998,5.269821604632686,Watch
P0208,302,Equipment,Loader,hour,3291,123.43,406205.36,2954,128.09,378391.77,-27813.589999999967,-6.847174542453101,Under Budget
P0208,303,Equipment,Compactor,hour,5470,91.43,500126.73,5717,92.8,530536.9,30410.170000000042,6.080492838285217,Watch
P0208,400,Fuel,Diesel,gallon,55310,3.67,202792.76,61687,3.84,236796.57,34003.81,16.76776330673738,Over Budget
P0208,500,Subcontractor,Concrete Work,job,6,27749.12,166494.69,6,30012.61,180075.67,13580.98000000001,8.15700488706277,Watch
P0208,501,Subcontractor,Utility Work,job,6,20928.68,125572.08,7,21757.12,152299.81,26727.729999999996,21.28477126444031,Over Budget
P0209,100,Labor,General Labor,hour,1901,34.11,64841.66,2133,34.23,73002.66,8161.0,12.58604421910235,Over Budget
P0209,101,Labor,Equipment Operators,hour,7416,45.05,334080.68,9479,50.8,481558.33,147477.65000000002,44.14432166505409,Over Budget
P0209,102,Labor,Supervisors,hour,9682,57.24,554233.71,9380,60.89,571117.25,16883.540000000037,3.0462852936173874,On Budget
P0209,103,Labor,Skilled Labor,hour,11229,51.16,574488.16,11203,56.19,629547.01,55058.84999999998,9.583983419257931,Watch
P0209,200,Materials,Gravel,ton,2576,31.6,81398.43,2497,32.53,81239.73,-158.6999999999971,-0.194966905381341,On Budget
P0209,201,Materials,Concrete,cubic_yard,15950,145.53,2321147.37,17738,151.83,2693187.83,372040.45999999996,16.028299831733644,Over Budget
P0209,202,Materials,Asphalt,ton,941,89.28,84013.69,927,87.19,80829.23,-3184.4600000000064,-3.790406063583216,On Budget
P0209,203,Materials,Topsoil,cubic_yard,14806,39.76,588731.83,14937,42.56,635735.18,47003.35000000009,7.983830261054528,Watch
P0209,300,Equipment,Excavator,hour,8077,126.13,1018740.57,8014,123.87,992714.9,-26025.669999999925,-2.5546906412100507,On Budget
P0209,301,Equipment,Bulldozer,hour,628,145.67,91479.79,661,152.28,100654.89,9175.100000000006,10.029646985416129,Over Budget
P0209,302,Equipment,Loader,hour,2465,113.31,279315.21,2386,115.99,276749.75,-2565.460000000021,-0.918482026095185,On Budget
P0209,303,Equipment,Compactor,hour,4555,89.33,406885.54,5006,92.94,465247.03,58361.49000000005,14.343466223941025,Over Budget
P0209,400,Fuel,Diesel,gallon,23172,3.94,91285.75,27022,4.21,113784.23,22498.479999999996,24.64621257972903,Over Budget
P0209,500,Subcontractor,Concrete Work,job,9,28576.15,257185.35,9,28506.97,256562.73,-622.6199999999953,-0.24208999462838585,On Budget
P0209,501,Subcontractor,Utility Work,job,2,21959.65,43919.29,2,20869.06,41738.12,-2181.1699999999983,-4.96631434615632,On Budget
P0210,100,Labor,General Labor,hour,1368,30.76,42077.13,1141,31.79,36272.86,-5804.269999999997,-13.794358122809225,Under Budget
P0210,101,Labor,Equipment Operators,hour,1436,43.09,61870.86,1346,42.64,57392.77,-4478.090000000004,-7.237801446432139,Under Budget
P0210,102,Labor,Supervisors,hour,893,55.17,49266.89,966,58.38,56399.88,7132.989999999998,14.478263190552514,Over Budget
P0210,103,Labor,Skilled Labor,hour,2228,49.3,109837.83,2212,49.07,108532.85,-1304.979999999996,-1.18809703359944,On Budget
P0210,200,Materials,Gravel,ton,4343,31.64,137417.24,4522,34.22,154728.86,17311.619999999995,12.597851623275213,Over Budget
P0210,201,Materials,Concrete,cubic_yard,5042,134.12,676232.64,5412,143.11,774528.56,98295.92000000004,14.53581418371051,Over Budget
P0210,202,Materials,Asphalt,ton,1442,93.41,134695.09,1427,95.43,136183.08,1487.9899999999907,1.1047099044218989,On Budget
P0210,203,Materials,Topsoil,cubic_yard,2320,40.84,94737.61,2457,38.83,95406.03,668.4199999999983,0.7055487255800502,On Budget
P0210,300,Equipment,Excavator,hour,1718,124.7,214242.02,1950,131.22,255871.99,41629.97,19.4312815011733,Over Budget
P0210,301,Equipment,Bulldozer,hour,621,161.76,100454.32,601,161.81,97245.76,-3208.560000000012,-3.1940487975031955,On Budget
P0210,302,Equipment,Loader,hour,1750,123.19,215586.38,1834,118.89,218046.56,2460.179999999993,1.1411574330437724,On Budget
P0210,303,Equipment,Compactor,hour,2539,92.77,235539.1,2494,96.59,240886.64,5347.540000000008,2.2703406780445405,On Budget
P0210,400,Fuel,Diesel,gallon,6503,3.6,23436.79,6372,3.66,23297.55,-139.2400000000016,-0.5941086641984742,On Budget
P0210,500,Subcontractor,Concrete Work,job,3,28061.26,84183.79,3,27370.28,82110.83,-2072.959999999992,-2.4624218035324756,On Budget
P0210,501,Subcontractor,Utility Work,job,1,22919.82,22919.82,1,25269.59,25269.59,2349.7700000000004,10.252131124939028,Over Budget
P0211,100,Labor,General Labor,hour,21745,31.97,695203.76,23738,35.04,831691.88,136488.12,19.63282246919953,Over Budget
P0211,101,Labor,Equipment Operators,hour,7903,44.12,348704.19,8961,43.51,389882.99,41178.79999999999,11.809092400065508,Over Budget
P0211,102,Labor,Supervisors,hour,6571,57.09,375123.73,7600,61.63,468370.98,93247.25,24.857731607648496,Over Budget
P0211,103,Labor,Skilled Labor,hour,5279,47.51,250795.2,5864,51.88,304224.44,53429.23999999999,21.30393245165776,Over Budget
P0211,200,Materials,Gravel,ton,15768,35.32,556930.6,16458,34.22,563267.35,6336.75,1.1377988568054977,On Budget
P0211,201,Materials,Concrete,cubic_yard,20562,136.61,2808995.3,20854,139.4,2907098.9,98103.6000000001,3.4924800336974613,On Budget
P0211,202,Materials,Asphalt,ton,14317,90.46,1295177.16,14869,93.03,1383296.04,88118.88000000012,6.803615962468032,Watch
P0211,203,Materials,Topsoil,cubic_yard,20754,40.11,832409.26,22178,40.93,907753.25,75343.98999999999,9.051315695358793,Watch
P0211,300,Equipment,Excavator,hour,3126,138.02,431448.62,3099,137.35,425636.15,-5812.469999999972,-1.347198653689047,On Budget
P0211,301,Equipment,Bulldozer,hour,6539,147.27,962982.79,7730,137.39,1062055.79,99073.0,10.288138171192031,Over Budget
P0211,302,Equipment,Loader,hour,2286,120.33,275077.2,3032,130.48,395609.79,120532.58999999997,43.81773189490076,Over Budget
P0211,303,Equipment,Compactor,hour,11657,98.07,1143145.77,11143,97.17,1082803.68,-60342.090000000084,-5.278599771226034,Under Budget
P0211,400,Fuel,Diesel,gallon,47210,3.56,167922.34,47639,3.64,173605.61,5683.2699999999895,3.384463317983771,On Budget
P0211,500,Subcontractor,Concrete Work,job,10,26973.36,269733.59,10,27304.51,273045.14,3311.5499999999884,1.2277113873729957,On Budget
P0211,501,Subcontractor,Utility Work,job,8,22596.54,180772.3,7,23347.35,163431.42,-17340.879999999976,-9.592664362847614,Under Budget
P0212,100,Labor,General Labor,hour,7926,30.7,243363.71,7535,32.14,242138.98,-1224.7299999999814,-0.503250874996926,On Budget
P0212,101,Labor,Equipment Operators,hour,19740,39.48,779283.69,21046,40.91,861048.64,81764.95000000007,10.492321480512453,Over Budget
P0212,102,Labor,Supervisors,hour,16758,56.3,943403.21,18134,52.6,953758.73,10355.520000000019,1.0976769943362839,On Budget
P0212,103,Labor,Skilled Labor,hour,16272,44.81,729168.64,15517,43.55,675728.84,-53439.80000000005,-7.3288670231347375,Under Budget
P0212,200,Materials,Gravel,ton,1884,36.1,68011.07,2153,38.68,83280.24,15269.169999999998,22.45100687285172,Over Budget
P0212,201,Materials,Concrete,cubic_yard,6021,156.27,940885.62,7656,171.57,1313573.65,372688.0299999999,39.61034392256945,Over Budget
P0212,202,Materials,Asphalt,ton,5309,87.05,462135.08,5417,87.58,474394.87,12259.789999999979,2.6528585538236955,On Budget
P0212,203,Materials,Topsoil,cubic_yard,10712,36.56,391630.96,10879,38.26,416200.11,24569.149999999965,6.273546401949417,Watch
P0212,300,Equipment,Excavator,hour,7736,138.16,1068767.99,7311,137.49,1005211.07,-63556.92000000004,-5.94674621570581,Under Budget
P0212,301,Equipment,Bulldozer,hour,9681,161.78,1566219.95,10281,161.74,1662801.17,96581.21999999997,6.1665170335750075,Watch
P0212,302,Equipment,Loader,hour,6351,129.24,820834.17,6834,126.45,864185.26,43351.08999999997,5.281345682770488,Watch
P0212,303,Equipment,Compactor,hour,9997,88.0,879718.63,9659,92.77,896030.15,16311.520000000019,1.8541746694622143,On Budget
P0212,400,Fuel,Diesel,gallon,21503,3.58,76962.95,24635,3.8,93500.05,16537.100000000006,21.487092165775877,Over Budget
P0212,500,Subcontractor,Concrete Work,job,2,30104.08,60208.17,2,30851.16,61702.33,1494.1600000000035,2.481656559234409,On Budget
P0212,501,Subcontractor,Utility Work,job,8,21521.87,172174.97,8,22189.7,177517.58,5342.609999999986,3.1030120115600925,On Budget
P0213,100,Labor,General Labor,hour,4009,31.93,128020.63,4070,33.31,135557.19,7536.559999999998,5.886988682995856,Watch
P0213,101,Labor,Equipment Operators,hour,3270,43.04,140749.03,3856,45.5,175447.01,34697.98000000001,24.65237593466897,Over Budget
P0213,102,Labor,Supervisors,hour,1987,58.69,116622.19,2122,60.98,129402.49,12780.300000000003,10.958720634555055,Over Budget
P0213,103,Labor,Skilled Labor,hour,1362,45.46,61918.57,1811,48.65,88096.96,26178.390000000007,42.27873802641115,Over Budget
P0213,200,Materials,Gravel,ton,1404,32.83,46100.04,1460,33.65,49135.98,3035.9400000000023,6.585547431195292,Watch
P0213,201,Materials,Concrete,cubic_yard,1497,142.86,213857.55,1595,145.03,231316.23,17458.680000000022,8.163695880739317,Watch
P0213,202,Materials,Asphalt,ton,2240,89.76,201059.39,2087,90.09,188025.53,-13033.860000000015,-6.48259203412485,Under Budget
P0213,203,Materials,Topsoil,cubic_yard,847,41.01,34736.06,925,41.28,38183.53,3447.470000000001,9.924758305921861,Watch
P0213,300,Equipment,Excavator,hour,1233,131.06,161591.57,1258,142.51,179276.62,17685.04999999999,10.94428997750315,Over Budget
P0213,301,Equipment,Bulldozer,hour,182,144.51,26300.85,191,152.97,29217.68,2916.8300000000017,11.090249934888043,Over Budget
P0213,302,Equipment,Loader,hour,1845,124.21,229175.12,1844,121.44,223937.66,-5237.459999999992,-2.285352790477427,On Budget
P0213,303,Equipment,Compactor,hour,1060,91.92,97439.96,1070,96.73,103504.74,6064.779999999999,6.224119960640376,Watch
P0213,400,Fuel,Diesel,gallon,16491,3.86,63660.7,15319,4.04,61872.06,-1788.6399999999994,-2.8096455112808996,On Budget
P0213,500,Subcontractor,Concrete Work,job,1,28238.5,28238.5,1,30135.08,30135.08,1896.5800000000017,6.7162915877259834,Watch
P0213,501,Subcontractor,Utility Work,job,1,23695.46,23695.46,1,24835.29,24835.29,1139.8300000000017,4.810330755343014,On Budget
P0214,100,Labor,General Labor,hour,4748,33.08,157087.54,4916,36.25,178216.28,21128.73999999999,13.450296567124287,Over Budget
P0214,101,Labor,Equipment Operators,hour,5192,44.26,229781.3,5126,45.39,232650.49,2869.1900000000023,1.248661227001502,On Budget
P0214,102,Labor,Supervisors,hour,1413,56.54,79885.97,1793,60.61,108668.57,28782.600000000006,36.02960569922354,Over Budget
P0214,103,Labor,Skilled Labor,hour,2751,45.16,124223.08,2884,48.04,138544.17,14321.090000000011,11.528525938980108,Over Budget
P0214,200,Materials,Gravel,ton,6999,31.55,220784.66,6694,33.29,222831.37,2046.7099999999919,0.9270163968819174,On Budget
P0214,201,Materials,Concrete,cubic_yard,5408,150.02,811329.39,5339,164.15,876394.01,65064.619999999995,8.01950734214127,Watch
P0214,202,Materials,Asphalt,ton,2568,91.51,234989.33,2403,87.18,209481.76,-25507.569999999978,-10.854777959492875,Under Budget
P0214,203,Materials,Topsoil,cubic_yard,4536,39.54,179345.44,4981,36.1,179836.13,490.6900000000023,0.27360048853207664,On Budget
P0214,300,Equipment,Excavator,hour,2132,140.01,298490.97,2284,153.77,351216.44,52725.47000000003,17.664008395295856,Over Budget
P0214,301,Equipment,Bulldozer,hour,1468,146.02,214356.45,1707,140.95,240594.46,26238.00999999998,12.24036412246983,Over Budget
P0214,302,Equipment,Loader,hour,2801,111.71,312909.46,2962,116.97,346470.14,33560.67999999999,10.725364455264469,Over Budget
P0214,303,Equipment,Compactor,hour,225,95.4,21465.69,284,107.03,30395.8,8930.11,41.601784056324306,Over Budget
P0214,400,Fuel,Diesel,gallon,4881,3.97,19377.8,5022,4.27,21420.34,2042.5400000000009,10.540618646079539,Over Budget
P0214,500,Subcontractor,Concrete Work,job,2,27247.32,54494.64,2,26575.73,53151.45,-1343.1900000000023,-2.464811218130815,On Budget
P0214,501,Subcontractor,Utility Work,job,1,21522.42,21522.42,1,22562.72,22562.72,1040.300000000003,4.833564255320744,On Budget
P0215,100,Labor,General Labor,hour,4770,30.45,145229.75,5281,31.74,167609.03,22379.28,15.40957000889969,Over Budget
P0215,101,Labor,Equipment Operators,hour,7506,44.51,334101.01,7520,47.11,354238.76,20137.75,6.027443616527828,Watch
P0215,102,Labor,Supervisors,hour,8628,57.08,492501.0,9130,55.5,506675.67,14174.669999999984,2.8780997398990023,On Budget
P0215,103,Labor,Skilled Labor,hour,1247,50.67,63190.98,1284,55.97,71867.1,8676.120000000003,13.729997540788261,Over Budget
P0215,200,Materials,Gravel,ton,7393,33.06,244378.61,7223,34.3,247727.93,3349.320000000007,1.370545482683614,On Budget
P0215,201,Materials,Concrete,cubic_yard,1590,150.01,238522.91,1590,157.14,249849.1,11326.190000000002,4.748470492834421,On Budget
P0215,202,Materials,Asphalt,ton,623,94.21,58690.45,706,98.16,69304.23,10613.779999999999,18.08433910457323,Over Budget
P0215,203,Materials,Topsoil,cubic_yard,5392,39.17,211211.15,6598,41.96,276822.81,65611.66,31.06448688906812,Over Budget
P0215,300,Equipment,Excavator,hour,684,129.26,88411.38,723,129.32,93496.83,5085.449999999997,5.7520310168215865,Watch
P0215,301,Equipment,Bulldozer,hour,2236,153.05,342225.04,2044,150.93,308491.79,-33733.25,-9.857037345952243,Under Budget
P0215,302,Equipment,Loader,hour,1592,127.33,202715.13,1748,135.7,237210.98,34495.850000000006,17.016909393985543,Over Budget
P0215,303,Equipment,Compactor,hour,1870,93.81,175419.55,1917,96.13,184279.04,8859.49000000002,5.050457602929673,Watch
P0215,400,Fuel,Diesel,gallon,11048,4.15,45801.28,11268,4.02,45246.86,-554.4199999999983,-1.2104901871738045,On Budget
P0215,500,Subcontractor,Concrete Work,job,4,26133.05,104532.21,4,27331.3,109325.19,4792.979999999996,4.585170446506388,On Budget
P0215,501,Subcontractor,Utility Work,job,4,21647.68,86590.71,4,20833.99,83335.95,-3254.7600000000093,-3.7587865950054105,On Budget
P0216,100,Labor,General Labor,hour,2889,33.69,97342.61,2940,33.98,99907.44,2564.8300000000017,2.6348481923794744,On Budget
P0216,101,Labor,Equipment Operators,hour,5140,45.21,232371.69,5121,46.23,236763.15,4391.459999999992,1.8898429494573938,On Budget
P0216,102,Labor,Supervisors,hour,5732,52.16,298974.68,7567,57.72,436769.67,137794.99,46.08918387336345,Over Budget
P0216,103,Labor,Skilled Labor,hour,1467,47.13,69137.73,1678,49.14,82450.3,13312.570000000007,19.255144766829932,Over Budget
P0216,200,Materials,Gravel,ton,5907,33.23,196268.41,5981,33.57,200773.37,4504.959999999992,2.295305698966019,On Budget
P0216,201,Materials,Concrete,cubic_yard,4646,150.48,699136.1,5115,153.59,785605.16,86469.06000000006,12.36798671961011,Over Budget
P0216,202,Materials,Asphalt,ton,2668,86.61,231073.11,2906,82.72,240375.17,9302.060000000027,4.025591727224352,On Budget
P0216,203,Materials,Topsoil,cubic_yard,6479,37.44,242599.52,7343,39.05,286735.57,44136.05000000002,18.192966746183185,Over Budget
P0216,300,Equipment,Excavator,hour,837,136.95,114629.42,834,141.93,118371.14,3741.720000000001,3.264188198806206,On Budget
P0216,301,Equipment,Bulldozer,hour,2636,148.3,390920.76,2793,141.34,394755.6,3834.8399999999674,0.9809762981121717,On Budget
P0216,302,Equipment,Loader,hour,2998,112.68,337819.67,3164,117.38,371395.55,33575.880000000005,9.938994967344563,Watch
P0216,303,Equipment,Compactor,hour,858,89.7,76961.61,966,93.26,90090.76,13129.149999999994,17.05934946007496,Over Budget
P0216,400,Fuel,Diesel,gallon,14573,3.78,55072.37,14315,3.92,56156.08,1083.7099999999991,1.9677925609520692,On Budget
P0216,500,Subcontractor,Concrete Work,job,3,28275.28,84825.84,3,30165.17,90495.5,5669.6600000000035,6.6838831186346095,Watch
P0216,501,Subcontractor,Utility Work,job,1,23272.45,23272.45,1,23813.97,23813.97,541.5200000000004,2.3268714724921544,On Budget
P0217,100,Labor,General Labor,hour,7263,32.37,235121.99,8478,36.09,306004.69,70882.70000000001,30.14720145912342,Over Budget
P0217,101,Labor,Equipment Operators,hour,4000,42.45,169809.28,3781,44.53,168371.78,-1437.5,-0.8465379512827567,On Budget
P0217,102,Labor,Supervisors,hour,4466,54.81,244793.68,5215,58.21,303589.79,58796.109999999986,24.018638879892645,Over Budget
P0217,103,Labor,Skilled Labor,hour,7636,46.18,352602.03,8261,47.45,391955.91,39353.87999999995,11.160990763439434,Over Budget
P0217,200,Materials,Gravel,ton,1427,31.71,45248.71,1455,33.08,48125.83,2877.1200000000026,6.358457511827415,Watch
P0217,201,Materials,Concrete,cubic_yard,4680,136.44,638517.04,5416,148.5,804298.21,165781.16999999993,25.963468414249352,Over Budget
P0217,202,Materials,Asphalt,ton,6845,96.92,663451.33,6036,91.44,551917.22,-111534.10999999999,-16.811196987124887,Under Budget
P0217,203,Materials,Topsoil,cubic_yard,8636,40.73,351752.94,8594,40.54,348357.96,-3394.9799999999814,-0.9651603764846944,On Budget
P0217,300,Equipment,Excavator,hour,1688,143.06,241487.6,1860,149.92,278853.57,37365.97,15.473245831255934,Over Budget
P0217,301,Equipment,Bulldozer,hour,4034,155.09,625651.37,3823,155.49,594423.59,-31227.780000000028,-4.991242966510252,On Budget
P0217,302,Equipment,Loader,hour,1101,125.81,138518.23,975,127.78,124588.58,-13929.650000000009,-10.05618538440753,Under Budget
P0217,303,Equipment,Compactor,hour,3538,97.63,345418.62,4317,109.17,471298.63,125880.01000000001,36.4427401163261,Over Budget
P0217,400,Fuel,Diesel,gallon,20648,4.14,85575.42,21177,4.2,88882.82,3307.4000000000087,3.8648948494789845,On Budget
P0217,500,Subcontractor,Concrete Work,job,2,28815.73,57631.46,2,29403.8,58807.6,1176.1399999999994,2.040795079631853,On Budget
P0217,501,Subcontractor,Utility Work,job,3,23371.23,70113.7,3,22423.13,67269.4,-2844.300000000003,-4.056696480145824,On Budget
P0218,100,Labor,General Labor,hour,6742,31.34,211311.14,8355,34.61,289203.62,77892.47999999998,36.861511418659695,Over Budget
P0218,101,Labor,Equipment Operators,hour,5707,43.54,248461.07,5581,46.12,257400.77,8939.699999999983,3.598028455725472,On Budget
P0218,102,Labor,Supervisors,hour,4708,56.52,266076.02,4719,56.87,268371.03,2295.0100000000093,0.8625392096589573,On Budget
P0218,103,Labor,Skilled Labor,hour,1668,48.68,81204.88,1911,52.79,100878.13,19673.25,24.226684406158842,Over Budget
P0218,200,Materials,Gravel,ton,3088,34.33,106011.43,2892,35.47,102588.37,-3423.0599999999977,-3.2289537081048696,On Budget
P0218,201,Materials,Concrete,cubic_yard,2477,145.69,360880.13,2827,160.25,453034.89,92154.76000000001,25.536113612018486,Over Budget
P0218,202,Materials,Asphalt,ton,4585,90.12,413208.88,4082,90.46,369237.44,-43971.44,-10.64145572089351,Under Budget
P0218,203,Materials,Topsoil,cubic_yard,4979,36.87,183586.56,5532,38.89,215143.32,31556.76000000001,17.18903606015604,Over Budget
P0218,300,Equipment,Excavator,hour,991,128.88,127723.23,1265,143.25,181206.88,53483.65000000001,41.874645669389984,Over Budget
P0218,301,Equipment,Bulldozer,hour,766,166.0,127157.93,736,173.53,127719.36,561.4300000000076,0.4415218146442047,On Budget
P0218,302,Equipment,Loader,hour,319,122.26,39000.93,340,128.29,43618.9,4617.970000000001,11.840666363596974,Over Budget
P0218,303,Equipment,Compactor,hour,3342,88.27,294987.2,4503,98.37,442968.47,147981.26999999996,50.165319037571784,Over Budget
P0218,400,Fuel,Diesel,gallon,20289,3.6,73069.47,23983,3.94,94381.65,21312.179999999993,29.1670105175253,Over Budget
P0218,500,Subcontractor,Concrete Work,job,1,27759.58,27759.58,1,28150.88,28150.88,391.2999999999993,1.4096034594183313,On Budget
P0218,501,Subcontractor,Utility Work,job,1,21055.92,21055.92,1,21818.58,21818.58,762.6600000000035,3.6220692327858557,On Budget
P0219,100,Labor,General Labor,hour,17477,33.82,591035.63,17749,33.72,598509.87,7474.239999999991,1.2646005791562838,On Budget
P0219,101,Labor,Equipment Operators,hour,15874,45.22,717752.57,17720,43.51,770970.99,53218.42000000004,7.414591354232288,Watch
P0219,102,Labor,Supervisors,hour,20623,57.91,1194344.07,20260,58.12,1177439.8,-16904.27000000002,-1.415360148269503,On Budget
P0219,103,Labor,Skilled Labor,hour,12332,49.71,613041.68,12335,51.51,635329.91,22288.22999999998,3.63567938806379,On Budget
P0219,200,Materials,Gravel,ton,16590,32.85,545026.47,15703,34.68,544620.48,-405.9899999999907,-0.07448996009312918,On Budget
P0219,201,Materials,Concrete,cubic_yard,5711,135.81,775618.65,7548,143.28,1081469.4,305850.7499999999,39.43313508513493,Over Budget
P0219,202,Materials,Asphalt,ton,2446,88.16,215629.34,2341,87.92,205812.34,-9817.0,-4.552719959166967,On Budget
P0219,203,Materials,Topsoil,cubic_yard,16495,36.9,608664.58,15955,38.89,620433.7,11769.119999999995,1.9335969903160781,On Budget
P0219,300,Equipment,Excavator,hour,10302,136.33,1404437.75,10960,136.25,1493320.21,88882.45999999996,6.32868633729049,Watch
P0219,301,Equipment,Bulldozer,hour,6745,146.46,987851.19,7490,148.38,1111396.94,123545.75,12.506514265574758,Over Budget
P0219,302,Equipment,Loader,hour,10769,123.14,1326085.76,11505,119.88,1379212.77,53127.01000000001,4.006302729621349,On Budget
P0219,303,Equipment,Compactor,hour,11240,94.64,1063737.66,12255,98.57,1207974.31,144236.65000000014,13.559419340291115,Over Budget
P0219,400,Fuel,Diesel,gallon,54064,4.13,223026.55,54540,3.89,212129.71,-10896.839999999997,-4.885893630153001,On Budget
P0219,500,Subcontractor,Concrete Work,job,11,27637.37,304011.03,11,26826.02,295086.22,-8924.810000000056,-2.935686247962798,On Budget
P0219,501,Subcontractor,Utility Work,job,10,21265.56,212655.6,10,23553.46,235534.61,22879.00999999998,10.758715030311912,Over Budget
P0220,100,Labor,General Labor,hour,5901,34.16,201574.25,6306,36.71,231471.84,29897.589999999997,14.832048240288625,Over Budget
P0220,101,Labor,Equipment Operators,hour,21614,41.71,901442.22,20285,40.25,816468.41,-84973.80999999994,-9.426428906336332,Under Budget
P0220,102,Labor,Supervisors,hour,7539,59.23,446531.54,7169,57.85,414694.3,-31837.23999999999,-7.129897252050772,Under Budget
P0220,103,Labor,Skilled Labor,hour,4183,50.9,212896.28,4491,52.24,234624.71,21728.429999999993,10.206110693902211,Over Budget
P0220,200,Materials,Gravel,ton,9092,35.67,324305.84,8947,38.88,347865.31,23559.469999999972,7.264583949521221,Watch
P0220,201,Materials,Concrete,cubic_yard,8767,156.38,1371022.51,8231,154.88,1274833.4,-96189.1100000001,-7.015866573919352,Under Budget
P0220,202,Materials,Asphalt,ton,1277,95.04,121366.92,1267,101.14,128145.28,6778.360000000001,5.58501443391659,Watch
P0220,203,Materials,Topsoil,cubic_yard,8355,39.7,331671.95,8633,41.99,362501.01,30829.059999999998,9.295045903037625,Watch
P0220,300,Equipment,Excavator,hour,2934,136.47,400416.69,3557,146.14,519807.28,119390.59000000003,29.816586816099004,Over Budget
P0220,301,Equipment,Bulldozer,hour,7232,145.97,1055682.21,7332,147.44,1081041.25,25359.040000000037,2.402147138578762,On Budget
P0220,302,Equipment,Loader,hour,2744,112.64,309096.81,3193,121.06,386529.52,77432.71000000002,25.05128085922337,Over Budget
P0220,303,Equipment,Compactor,hour,5464,101.21,553038.2,6661,114.61,763413.95,210375.75,38.04000338493797,Over Budget
P0220,400,Fuel,Diesel,gallon,56024,4.15,232315.81,56637,4.32,244558.65,12242.839999999997,5.26991253845358,Watch
P0220,500,Subcontractor,Concrete Work,job,11,25920.58,285126.4,11,26036.86,286405.48,1279.079999999958,0.4486010415029818,On Budget
P0220,501,Subcontractor,Utility Work,job,7,21318.35,149228.47,6,22466.8,134800.81,-14427.660000000003,-9.668168547194783,Under Budget
P0221,100,Labor,General Labor,hour,7325,32.52,238197.29,8189,35.09,287343.87,49146.57999999999,20.632720044799832,Over Budget
P0221,101,Labor,Equipment Operators,hour,15577,41.25,642535.26,14570,38.29,557860.79,-84674.46999999997,-13.178182626117666,Under Budget
P0221,102,Labor,Supervisors,hour,15272,56.4,861370.81,14554,60.28,877269.44,15898.629999999888,1.8457358683886544,On Budget
P0221,103,Labor,Skilled Labor,hour,13047,50.8,662734.47,13132,48.57,637768.34,-24966.130000000005,-3.767139198297624,On Budget
P0221,200,Materials,Gravel,ton,22268,35.26,785164.57,24576,37.59,923754.27,138589.70000000007,17.65103843134441,Over Budget
P0221,201,Materials,Concrete,cubic_yard,8592,143.2,1230356.77,7998,149.28,1193959.41,-36397.3600000001,-2.958276890694079,On Budget
P0221,202,Materials,Asphalt,ton,4998,90.51,452353.25,5661,98.4,557020.84,104667.58999999997,23.138463136939986,Over Budget
P0221,203,Materials,Topsoil,cubic_yard,3795,35.65,135274.3,4420,36.59,161720.95,26446.650000000023,19.550387619821375,Over Budget
P0221,300,Equipment,Excavator,hour,13671,131.94,1803751.14,14088,130.18,1834042.65,30291.51000000001,1.6793619323783218,On Budget
P0221,301,Equipment,Bulldozer,hour,8369,154.85,1295909.39,7807,151.36,1181650.09,-114259.29999999981,-8.816920448427327,Under Budget
P0221,302,Equipment,Loader,hour,6239,116.96,729727.99,5999,113.06,678265.74,-51462.25,-7.052251072348205,Under Budget
P0221,303,Equipment,Compactor,hour,6363,87.46,556509.38,6390,91.34,583684.64,27175.26000000001,4.883162975617771,On Budget
P0221,400,Fuel,Diesel,gallon,50542,4.05,204778.16,58883,4.21,247956.24,43178.07999999999,21.085295424082325,Over Budget
P0221,500,Subcontractor,Concrete Work,job,9,28831.84,259486.55,9,31955.31,287597.75,28111.20000000001,10.833393869547386,Over Budget
P0221,501,Subcontractor,Utility Work,job,9,20951.33,188561.97,9,20262.38,182361.42,-6200.549999999988,-3.2883353944594385,On Budget
P0222,100,Labor,General Labor,hour,10877,34.04,370261.19,10709,35.39,378963.32,8702.130000000005,2.35026792843182,On Budget
P0222,101,Labor,Equipment Operators,hour,3832,42.17,161582.57,4218,44.23,186569.41,24986.839999999997,15.463821376278391,Over Budget
P0222,102,Labor,Supervisors,hour,5821,56.08,326435.56,5954,60.97,362988.18,36552.619999999995,11.19749943909297,Over Budget
P0222,103,Labor,Skilled Labor,hour,5007,48.43,242498.55,5138,51.81,266215.95,23717.400000000023,9.780429614939976,Watch
P0222,200,Materials,Gravel,ton,784,36.64,28724.91,1011,40.07,40513.72,11788.810000000001,41.040372276188165,Over Budget
P0222,201,Materials,Concrete,cubic_yard,4210,149.09,627685.03,4908,155.06,761058.45,133373.41999999993,21.248462783953908,Over Budget
P0222,202,Materials,Asphalt,ton,5961,93.95,560050.94,7419,107.05,794217.55,234166.6100000001,41.81166270339625,Over Budget
P0222,203,Materials,Topsoil,cubic_yard,10940,37.32,408263.67,10127,38.35,388331.98,-19931.690000000002,-4.88206310397396,On Budget
P0222,300,Equipment,Excavator,hour,6850,139.77,957456.6,6962,141.83,987442.7,29986.099999999977,3.1318495271743885,On Budget
P0222,301,Equipment,Bulldozer,hour,3370,158.1,532810.36,3361,147.69,496397.91,-36412.45000000001,-6.834035659516833,Under Budget
P0222,302,Equipment,Loader,hour,6324,114.73,725529.19,5906,126.21,745378.38,19849.19000000006,2.73582238641564,On Budget
P0222,303,Equipment,Compactor,hour,7574,92.83,703070.67,7445,95.11,708099.62,5028.949999999953,0.7152837139401581,On Budget
P0222,400,Fuel,Diesel,gallon,8293,3.67,30411.63,9230,3.91,36092.5,5680.869999999999,18.679926067757627,Over Budget
P0222,500,Subcontractor,Concrete Work,job,6,28393.2,170359.2,7,29891.79,209242.5,38883.29999999999,22.824303002127262,Over Budget
P0222,501,Subcontractor,Utility Work,job,8,23450.18,187601.47,8,24244.92,193959.39,6357.920000000013,3.3890565996098068,On Budget
P0223,100,Labor,General Labor,hour,1519,33.75,51258.76,1657,34.2,56665.63,5406.869999999995,10.548187275696867,Over Budget
P0223,101,Labor,Equipment Operators,hour,5682,39.85,226402.79,6016,40.61,244306.92,17904.130000000005,7.908087175074126,Watch
P0223,102,Labor,Supervisors,hour,6400,51.51,329649.56,7233,56.35,407571.98,77922.41999999998,23.637956622784507,Over Budget
P0223,103,Labor,Skilled Labor,hour,2779,50.5,140340.77,2915,50.95,148521.5,8180.7300000000105,5.82918990682466,Watch
P0223,200,Materials,Gravel,ton,571,34.87,19913.3,748,39.51,29553.97,9640.670000000002,48.41322131439792,Over Budget
P0223,201,Materials,Concrete,cubic_yard,7717,137.72,1062764.32,8723,143.46,1251439.23,188674.90999999992,17.753222087847277,Over Budget
P0223,202,Materials,Asphalt,ton,5293,92.2,488027.09,6108,99.98,610648.97,122621.87999999995,25.12603962210375,Over Budget
P0223,203,Materials,Topsoil,cubic_yard,8306,37.36,310352.66,8223,37.39,307479.25,-2873.4099999999744,-0.9258531890785066,On Budget
P0223,300,Equipment,Excavator,hour,1500,145.41,218110.86,1659,149.32,247714.47,29603.610000000015,13.57273544288442,Over Budget
P0223,301,Equipment,Bulldozer,hour,1304,144.89,188938.59,1232,146.41,180376.7,-8561.889999999985,-4.531572930654339,On Budget
P0223,302,Equipment,Loader,hour,895,122.42,109567.06,999,116.7,116582.34,7015.279999999999,6.4027272430235875,Watch
P0223,303,Equipment,Compactor,hour,3835,93.51,358621.65,4105,93.09,382134.82,23513.169999999984,6.55653946157461,Watch
P0223,400,Fuel,Diesel,gallon,31218,3.96,123730.34,35348,4.22,149319.34,25589.0,20.68126540345723,Over Budget
P0223,500,Subcontractor,Concrete Work,job,2,30201.01,60402.01,2,30559.9,61119.8,717.7900000000009,1.1883544935011283,On Budget
P0223,501,Subcontractor,Utility Work,job,2,22678.02,45356.04,2,23468.86,46937.72,1581.6800000000003,3.4872532963636163,On Budget
P0224,100,Labor,General Labor,hour,10002,33.04,330427.61,11400,35.81,408216.01,77788.40000000002,23.541737326369315,Over Budget
P0224,101,Labor,Equipment Operators,hour,12814,42.08,539175.16,12671,43.32,548871.46,9696.29999999993,1.7983580697597288,On Budget
P0224,102,Labor,Supervisors,hour,2792,53.07,148174.81,2566,54.94,140969.65,-7205.1600000000035,-4.862607888614808,On Budget
P0224,103,Labor,Skilled Labor,hour,4419,51.23,226372.15,4719,51.37,242402.02,16029.869999999995,7.08120234755026,Watch
P0224,200,Materials,Gravel,ton,12337,32.2,397219.08,12475,32.49,405324.07,8104.989999999991,2.040433203762516,On Budget
P0224,201,Materials,Concrete,cubic_yard,3454,145.78,503539.43,3733,144.02,537615.4,34075.97000000003,6.76728930642036,Watch
P0224,202,Materials,Asphalt,ton,13607,95.36,1297555.78,12368,93.89,1161189.26,-136366.52000000002,-10.509491931052091,Under Budget
P0224,203,Materials,Topsoil,cubic_yard,13905,39.87,554391.62,14200,41.32,586790.42,32398.800000000047,5.844027728990573,Watch
P0224,300,Equipment,Excavator,hour,853,145.74,124315.36,847,151.73,128517.37,4202.009999999995,3.3801213301397306,On Budget
P0224,301,Equipment,Bulldozer,hour,1423,155.37,221097.35,1567,167.34,262216.8,41119.44999999998,18.59789364277771,Over Budget
P0224,302,Equipment,Loader,hour,7725,114.76,886511.73,7568,116.28,880016.21,-6495.520000000019,-0.7327054770048016,On Budget
P0224,303,Equipment,Compactor,hour,2358,99.47,234547.56,2283,99.04,226117.37,-8430.190000000002,-3.594234789737315,On Budget
P0224,400,Fuel,Diesel,gallon,6076,4.13,25068.25,5914,4.16,24575.09,-493.15999999999985,-1.9672693546617728,On Budget
P0224,500,Subcontractor,Concrete Work,job,6,25880.13,155280.75,7,27775.89,194431.23,39150.48000000001,25.212706661965512,Over Budget
P0224,501,Subcontractor,Utility Work,job,6,21304.52,127827.1,6,21291.82,127750.91,-76.19000000000233,-0.0596039493972736,On Budget
P0225,100,Labor,General Labor,hour,4006,30.55,122377.27,3913,31.17,121952.87,-424.40000000000873,-0.3467964271469765,On Budget
P0225,101,Labor,Equipment Operators,hour,1894,45.36,85905.26,2141,49.35,105648.67,19743.410000000003,22.98277195133337,Over Budget
P0225,102,Labor,Supervisors,hour,2004,52.89,106000.05,2168,51.15,110883.51,4883.459999999992,4.607035562719066,On Budget
P0225,103,Labor,Skilled Labor,hour,4143,50.22,208047.31,4367,53.42,233303.35,25256.040000000008,12.13956575550052,Over Budget
P0225,200,Materials,Gravel,ton,4853,36.21,175713.79,4760,37.79,179874.55,4160.75999999998,2.3679188753483604,On Budget
P0225,201,Materials,Concrete,cubic_yard,3869,135.14,522868.19,4239,132.69,562453.87,39585.67999999999,7.570871733466898,Watch
P0225,202,Materials,Asphalt,ton,3135,86.22,270307.75,3348,89.11,298345.26,28037.51000000001,10.372440301841145,Over Budget
P0225,203,Materials,Topsoil,cubic_yard,480,36.76,17643.58,509,35.86,18252.14,608.5599999999977,3.4491866163216174,On Budget
P0225,300,Equipment,Excavator,hour,850,137.15,116578.58,835,145.87,121801.97,5223.389999999999,4.48057439025248,On Budget
P0225,301,Equipment,Bulldozer,hour,1334,147.58,196867.33,1611,160.41,258415.93,61548.600000000006,31.263998958080048,Over Budget
P0225,302,Equipment,Loader,hour,1573,128.53,202171.52,1621,127.7,207006.09,4834.570000000007,2.391320993184405,On Budget
P0225,303,Equipment,Compactor,hour,218,97.25,21200.68,256,105.92,27115.64,5914.959999999999,27.899859815817223,Over Budget
P0225,400,Fuel,Diesel,gallon,1540,4.02,6196.64,1803,4.09,7367.09,1170.4499999999998,18.888462134317948,Over Budget
P0225,500,Subcontractor,Concrete Work,job,2,29722.37,59444.74,2,30659.39,61318.78,1874.0400000000009,3.1525749797206633,On Budget
P0225,501,Subcontractor,Utility Work,job,3,21296.64,63889.92,3,23389.84,70169.52,6279.600000000006,9.828780502464248,Watch
P0226,100,Labor,General Labor,hour,2402,31.65,76024.12,3135,36.24,113598.46,37574.34000000001,49.42423536109331,Over Budget
P0226,101,Labor,Equipment Operators,hour,6433,41.39,266274.62,7002,38.79,271581.69,5307.070000000007,1.9930814284891316,On Budget
P0226,102,Labor,Supervisors,hour,6742,56.02,377691.0,6648,54.79,364247.48,-13443.520000000019,-3.5593964378288123,On Budget
P0226,103,Labor,Skilled Labor,hour,6315,51.11,322784.53,6806,52.65,358341.55,35557.01999999996,11.015713795205723,Over Budget
P0226,200,Materials,Gravel,ton,11707,35.9,420310.07,11076,37.46,414931.07,-5379.0,-1.2797694806598376,On Budget
P0226,201,Materials,Concrete,cubic_yard,1567,154.11,241497.6,1541,148.62,229019.23,-12478.369999999995,-5.167078264959981,Under Budget
P0226,202,Materials,Asphalt,ton,11409,97.33,1110453.03,15356,105.78,1624431.88,513978.84999999986,46.28551015795777,Over Budget
P0226,203,Materials,Topsoil,cubic_yard,8219,39.29,322949.77,8214,41.03,337050.73,14100.959999999963,4.36630129818639,On Budget
P0226,300,Equipment,Excavator,hour,3853,132.7,511308.66,3437,141.32,485731.13,-25577.52999999997,-5.002365889910797,Under Budget
P0226,301,Equipment,Bulldozer,hour,2843,147.77,420101.26,2829,159.72,451856.74,31755.47999999998,7.559006131045639,Watch
P0226,302,Equipment,Loader,hour,5732,111.5,639110.82,5682,114.11,648397.71,9286.890000000014,1.4530954115281627,On Budget
P0226,303,Equipment,Compactor,hour,1497,101.16,151442.88,1348,97.12,130919.24,-20523.64,-13.55206662736472,Under Budget
P0226,400,Fuel,Diesel,gallon,41885,3.77,157826.5,43521,3.55,154655.32,-3171.179999999993,-2.009282344853363,On Budget
P0226,500,Subcontractor,Concrete Work,job,2,29456.14,58912.27,2,30079.03,60158.06,1245.7900000000009,2.1146528558481976,On Budget
P0226,501,Subcontractor,Utility Work,job,3,21032.69,63098.08,3,21902.97,65708.9,2610.8199999999924,4.137717027205888,On Budget
P0227,100,Labor,General Labor,hour,7294,34.48,251518.72,8440,38.17,322156.93,70638.20999999999,28.084672981796345,Over Budget
P0227,101,Labor,Equipment Operators,hour,20916,42.91,897607.9,20303,45.1,915673.46,18065.55999999994,2.012633801462748,On Budget
P0227,102,Labor,Supervisors,hour,20443,55.28,1130016.55,20524,55.11,1131075.31,1058.7600000000093,0.0936942029742847,On Budget
P0227,103,Labor,Skilled Labor,hour,11112,47.34,526029.02,10773,47.19,508412.55,-17616.47000000003,-3.3489540177840436,On Budget
P0227,200,Materials,Gravel,ton,13566,34.63,469731.99,14655,37.86,554840.24,85108.25,18.11847006630313,Over Budget
P0227,201,Materials,Concrete,cubic_yard,2251,154.23,347172.88,2151,160.54,345332.24,-1840.640000000014,-0.530179661498909,On Budget
P0227,202,Materials,Asphalt,ton,18994,87.29,1658032.73,20088,87.34,1754492.31,96459.58000000007,5.817712657578242,Watch
P0227,203,Materials,Topsoil,cubic_yard,19769,37.22,735840.45,20667,38.42,794067.47,58227.02000000002,7.9129952695587775,Watch
P0227,300,Equipment,Excavator,hour,7335,144.23,1057941.13,7342,145.12,1065466.95,7525.820000000065,0.7113647240466079,On Budget
P0227,301,Equipment,Bulldozer,hour,7840,152.71,1197220.18,8696,162.24,1410864.63,213644.44999999995,17.84504250504698,Over Budget
P0227,302,Equipment,Loader,hour,1797,110.47,198507.57,1723,109.53,188714.87,-9792.700000000012,-4.933161994779348,On Budget
P0227,303,Equipment,Compactor,hour,8155,100.37,818531.39,8615,100.73,867749.74,49218.34999999998,6.0130070271342895,Watch
P0227,400,Fuel,Diesel,gallon,49117,3.78,185505.75,52353,4.1,214611.96,29106.209999999992,15.690192891595,Over Budget
P0227,500,Subcontractor,Concrete Work,job,11,28573.52,314308.72,10,30164.01,301640.12,-12668.599999999977,-4.030623140204312,On Budget
P0227,501,Subcontractor,Utility Work,job,7,20543.91,143807.34,7,21921.86,153453.05,9645.709999999992,6.707383642587361,Watch
P0228,100,Labor,General Labor,hour,6874,31.68,217786.45,8012,32.59,261135.06,43348.609999999986,19.904181366655262,Over Budget
P0228,101,Labor,Equipment Operators,hour,18951,42.72,809568.53,18559,40.9,759052.39,-50516.140000000014,-6.239884349259476,Under Budget
P0228,102,Labor,Supervisors,hour,22718,57.3,1301778.82,22340,59.43,1327668.48,25889.659999999916,1.9887909990730928,On Budget
P0228,103,Labor,Skilled Labor,hour,5205,50.78,264290.69,5603,55.06,308495.44,44204.75,16.72580672440637,Over Budget
P0228,200,Materials,Gravel,ton,10442,32.5,339354.66,10571,34.24,361931.42,22576.76000000001,6.65285103201471,Watch
P0228,201,Materials,Concrete,cubic_yard,8725,139.68,1218718.56,10942,160.47,1755852.58,537134.02,44.07367193948372,Over Budget
P0228,202,Materials,Asphalt,ton,22531,97.85,2204677.0,23350,99.77,2329571.94,124894.93999999994,5.664999453434673,Watch
P0228,203,Materials,Topsoil,cubic_yard,12607,40.53,511016.3,12888,37.97,489340.92,-21675.380000000005,-4.241622038279407,On Budget
P0228,300,Equipment,Excavator,hour,5626,127.14,715303.27,5839,132.02,770883.64,55580.369999999995,7.7701825688564226,Watch
P0228,301,Equipment,Bulldozer,hour,4216,151.72,639669.44,4325,138.55,599244.16,-40425.27999999991,-6.319714132349345,Under Budget
P0228,302,Equipment,Loader,hour,9770,119.37,1166256.78,8675,123.26,1069290.76,-96966.02000000002,-8.314294215721517,Under Budget
P0228,303,Equipment,Compactor,hour,4390,92.39,405580.03,4565,96.24,439357.8,33777.76999999996,8.328262611943678,Watch
P0228,400,Fuel,Diesel,gallon,75327,3.83,288675.38,91757,4.34,397817.1,109141.71999999997,37.80776871238551,Over Budget
P0228,500,Subcontractor,Concrete Work,job,7,28285.91,198001.37,7,28047.63,196333.44,-1667.929999999993,-0.8423830602788219,On Budget
P0228,501,Subcontractor,Utility Work,job,3,22346.89,67040.66,3,22801.19,68403.57,1362.9100000000035,2.032960296035277,On Budget
P0229,100,Labor,General Labor,hour,14340,33.69,483053.98,18210,36.15,658375.21,175321.22999999998,36.29433505547351,Over Budget
P0229,101,Labor,Equipment Operators,hour,5114,44.51,227646.77,5831,46.83,273086.99,45440.22,19.9608454800391,Over Budget
P0229,102,Labor,Supervisors,hour,4116,54.58,224638.43,4090,56.4,230680.81,6042.380000000005,2.689824710758531,On Budget
P0229,103,Labor,Skilled Labor,hour,13094,51.36,672501.86,12713,51.64,656468.25,-16033.609999999986,-2.384173331505728,On Budget
P0229,200,Materials,Gravel,ton,5423,34.94,189489.85,6248,33.47,209107.32,19617.47,10.352781428662276,Over Budget
P0229,201,Materials,Concrete,cubic_yard,10453,134.83,1409413.5,10180,136.08,1385282.38,-24131.12000000011,-1.7121391273746216,On Budget
P0229,202,Materials,Asphalt,ton,919,88.55,81374.49,1052,96.32,101325.91,19951.42,24.51802770131032,Over Budget
P0229,203,Materials,Topsoil,cubic_yard,4942,38.47,190133.43,4844,39.0,188934.81,-1198.6199999999953,-0.6304099179192189,On Budget
P0229,300,Equipment,Excavator,hour,1969,143.27,282106.94,1998,145.42,290547.52,8440.580000000016,2.9919788573794093,On Budget
P0229,301,Equipment,Bulldozer,hour,5895,154.65,911663.38,5790,161.4,934523.12,22859.73999999999,2.507475950169238,On Budget
P0229,302,Equipment,Loader,hour,4363,112.57,491149.3,4117,120.21,494905.28,3755.9800000000396,0.7647328419281143,On Budget
P0229,303,Equipment,Compactor,hour,5078,91.12,462710.65,5543,90.84,503544.42,40833.76999999996,8.824903857302607,Watch
P0229,400,Fuel,Diesel,gallon,10897,3.76,41026.97,10025,3.55,35633.18,-5393.790000000001,-13.146937246401578,Under Budget
P0229,500,Subcontractor,Concrete Work,job,4,30189.84,120759.36,4,32635.06,130540.23,9780.869999999995,8.099471544069127,Watch
P0229,501,Subcontractor,Utility Work,job,4,22470.02,89880.08,4,22828.11,91312.45,1432.3699999999953,1.5936456665370073,On Budget
P0230,100,Labor,General Labor,hour,2395,32.78,78517.18,2618,30.89,80863.29,2346.1100000000006,2.9880212203240117,On Budget
P0230,101,Labor,Equipment Operators,hour,6909,41.21,284689.2,7094,45.98,326190.7,41501.5,14.577827328890594,Over Budget
P0230,102,Labor,Supervisors,hour,5078,52.4,266105.77,4997,54.77,273662.51,7556.739999999991,2.8397505247631383,On Budget
P0230,103,Labor,Skilled Labor,hour,4357,46.0,200407.27,4519,46.6,210607.92,10200.650000000023,5.089960059832173,Watch
P0230,200,Materials,Gravel,ton,11261,35.53,400114.63,11993,35.74,428664.08,28549.45000000001,7.135317696331176,Watch
P0230,201,Materials,Concrete,cubic_yard,8623,140.26,1209425.81,9442,147.86,1396106.63,186680.81999999983,15.435491656987196,Over Budget
P0230,202,Materials,Asphalt,ton,760,93.54,71090.19,795,98.89,78616.96,7526.770000000004,10.587635227870406,Over Budget
P0230,203,Materials,Topsoil,cubic_yard,7651,40.09,306699.56,7503,42.54,319141.93,12442.369999999995,4.05685942294798,On Budget
P0230,300,Equipment,Excavator,hour,5169,133.94,692350.16,5780,139.12,804134.41,111784.25,16.14562348046543,Over Budget
P0230,301,Equipment,Bulldozer,hour,887,145.34,128912.25,918,149.77,137490.19,8577.940000000002,6.654092221646897,Watch
P0230,302,Equipment,Loader,hour,689,125.57,86517.99,718,123.8,88891.35,2373.3600000000006,2.74319826431474,On Budget
P0230,303,Equipment,Compactor,hour,3081,101.08,311428.11,3107,100.19,311285.01,-143.09999999997672,-0.04594960936569815,On Budget
P0230,400,Fuel,Diesel,gallon,34677,4.08,141624.85,35416,4.09,144731.55,3106.6999999999825,2.1936122085919116,On Budget
P0230,500,Subcontractor,Concrete Work,job,4,27134.88,108539.53,4,28135.23,112540.92,4001.3899999999994,3.6865739145913015,On Budget
P0230,501,Subcontractor,Utility Work,job,2,22677.29,45354.58,2,23484.06,46968.12,1613.5400000000009,3.557612042708809,On Budget
P0231,100,Labor,General Labor,hour,7598,32.15,244237.84,7947,31.62,251264.17,7026.330000000016,2.876839231791444,On Budget
P0231,101,Labor,Equipment Operators,hour,7027,42.22,296645.93,7004,41.86,293212.66,-3433.2700000000186,-1.1573629208396754,On Budget
P0231,102,Labor,Supervisors,hour,3199,56.85,181855.49,3489,59.74,208447.81,26592.320000000007,14.62277547958547,Over Budget
P0231,103,Labor,Skilled Labor,hour,3911,48.99,191584.24,3911,51.17,200112.03,8527.790000000008,4.451195985640577,On Budget
P0231,200,Materials,Gravel,ton,4104,33.27,136545.26,5195,37.65,195586.98,59041.72,43.23967012842481,Over Budget
P0231,201,Materials,Concrete,cubic_yard,425,133.48,56729.43,412,145.09,59775.92,3046.489999999998,5.3702108411806675,Watch
P0231,202,Materials,Asphalt,ton,5098,98.67,503039.25,4980,98.35,489783.52,-13255.729999999981,-2.6351283721896412,On Budget
P0231,203,Materials,Topsoil,cubic_yard,5564,37.11,206465.52,5385,39.94,215066.5,8600.98000000001,4.16581906751307,On Budget
P0231,300,Equipment,Excavator,hour,699,136.99,95754.43,708,144.57,102353.86,6599.430000000008,6.892036222240589,Watch
P0231,301,Equipment,Bulldozer,hour,1224,157.2,192408.01,1391,161.05,224014.5,31606.48999999999,16.42680572394049,Over Budget
P0231,302,Equipment,Loader,hour,2374,120.58,286254.89,2387,123.47,294718.17,8463.27999999997,2.9565538600929995,On Budget
P0231,303,Equipment,Compactor,hour,1836,94.15,172858.28,1780,102.2,181914.14,9055.860000000015,5.238892808605995,Watch
P0231,400,Fuel,Diesel,gallon,16357,4.01,65618.31,18915,4.11,77824.61,12206.300000000003,18.601972528704263,Over Budget
P0231,500,Subcontractor,Concrete Work,job,2,29084.48,58168.95,2,30238.74,60477.48,2308.530000000006,3.968663694290522,On Budget
P0231,501,Subcontractor,Utility Work,job,3,21890.65,65671.96,3,23006.34,69019.01,3347.0499999999884,5.0966196227430824,Watch
P0232,100,Labor,General Labor,hour,1044,33.88,35370.59,1193,37.06,44212.41,8841.820000000007,24.997660485731245,Over Budget
P0232,101,Labor,Equipment Operators,hour,2383,39.95,95212.71,2634,42.01,110641.61,15428.899999999994,16.204664272238436,Over Budget
P0232,102,Labor,Supervisors,hour,820,57.62,47249.03,823,60.0,49379.77,2130.739999999998,4.509595223436329,On Budget
P0232,103,Labor,Skilled Labor,hour,2078,46.63,96894.51,2269,48.31,109622.6,12728.090000000011,13.136028037089007,Over Budget
P0232,200,Materials,Gravel,ton,377,32.78,12358.13,380,32.51,12354.37,-3.7599999999983993,-0.030425315156891855,On Budget
P0232,201,Materials,Concrete,cubic_yard,3089,141.4,436771.03,3127,139.03,434734.8,-2036.2300000000396,-0.46620079175123846,On Budget
P0232,202,Materials,Asphalt,ton,1730,95.79,165721.57,1672,93.61,156508.48,-9213.089999999997,-5.559378902818744,Under Budget
P0232,203,Materials,Topsoil,cubic_yard,1903,40.29,76664.46,1921,39.72,76298.64,-365.820000000007,-0.4771702559438975,On Budget
P0232,300,Equipment,Excavator,hour,1306,125.96,164504.59,1588,141.45,224627.14,60122.55000000002,36.54764283476833,Over Budget
P0232,301,Equipment,Bulldozer,hour,912,152.94,139482.78,970,160.14,155332.01,15849.23000000001,11.362857838078657,Over Budget
P0232,302,Equipment,Loader,hour,811,110.77,89837.25,936,119.66,112004.96,22167.710000000006,24.675410255768078,Over Budget
P0232,303,Equipment,Compactor,hour,1641,90.29,148167.26,1795,93.43,167709.41,19542.149999999994,13.189249770833309,Over Budget
P0232,400,Fuel,Diesel,gallon,7444,4.14,30838.48,8501,4.27,36296.47,5457.990000000002,17.698634952176636,Over Budget
P0232,500,Subcontractor,Concrete Work,job,1,29412.79,29412.79,1,28715.29,28715.29,-697.5,-2.371417332391793,On Budget
P0232,501,Subcontractor,Utility Work,job,1,20468.28,20468.28,1,20383.67,20383.67,-84.61000000000058,-0.41337132382398806,On Budget
P0233,100,Labor,General Labor,hour,3254,32.37,105343.36,3381,33.17,112149.87,6806.509999999995,6.461261535610782,Watch
P0233,101,Labor,Equipment Operators,hour,7089,42.55,301648.89,6776,44.12,298961.58,-2687.3099999999977,-0.8908734920257779,On Budget
P0233,102,Labor,Supervisors,hour,3912,57.05,223193.57,4177,58.48,244276.16,21082.589999999997,9.445876957835297,Watch
P0233,103,Labor,Skilled Labor,hour,3659,45.35,165933.65,3508,46.77,164055.21,-1878.4400000000023,-1.1320428376040679,On Budget
P0233,200,Materials,Gravel,ton,4561,36.53,166635.75,4632,36.57,169381.78,2746.029999999999,1.6479236898444654,On Budget
P0233,201,Materials,Concrete,cubic_yard,5983,140.3,839429.33,6065,144.51,876463.7,37034.369999999995,4.411850846336284,On Budget
P0233,202,Materials,Asphalt,ton,3299,91.75,302671.19,3149,101.47,319528.87,16857.679999999993,5.569634823849602,Watch
P0233,203,Materials,Topsoil,cubic_yard,5509,38.27,210812.58,6374,40.73,259630.68,48818.100000000006,23.157109504565625,Over Budget
P0233,300,Equipment,Excavator,hour,1528,144.45,220715.69,1979,157.18,311052.61,90336.91999999998,40.929088457644305,Over Budget
P0233,301,Equipment,Bulldozer,hour,2764,149.83,414128.58,2977,160.62,478157.42,64028.83999999997,15.461101477227185,Over Budget
P0233,302,Equipment,Loader,hour,4506,127.7,575435.74,4688,132.16,619579.75,44144.01000000001,7.671405672508282,Watch
P0233,303,Equipment,Compactor,hour,303,95.65,28982.24,300,93.43,28030.0,-952.2400000000016,-3.2855983526463155,On Budget
P0233,400,Fuel,Diesel,gallon,14882,3.76,55975.06,17945,4.06,72860.74,16885.680000000008,30.16643483722931,Over Budget
P0233,500,Subcontractor,Concrete Work,job,5,27337.48,136687.4,5,27570.28,137851.4,1164.0,0.8515781264403303,On Budget
P0233,501,Subcontractor,Utility Work,job,5,23146.9,115734.52,6,23293.02,139758.15,24023.62999999999,20.757531979222783,Over Budget
P0234,100,Labor,General Labor,hour,3271,29.7,97140.35,3287,30.31,99622.72,2482.3699999999953,2.5554468354293505,On Budget
P0234,101,Labor,Equipment Operators,hour,1743,42.59,74227.27,1758,44.86,78859.45,4632.179999999993,6.240536665298337,Watch
P0234,102,Labor,Supervisors,hour,2386,55.4,132187.28,2434,55.63,135398.3,3211.0199999999895,2.4291444683633627,On Budget
P0234,103,Labor,Skilled Labor,hour,6613,44.96,297291.12,6449,44.89,289521.79,-7769.330000000016,-2.613374392077374,On Budget
P0234,200,Materials,Gravel,ton,4963,32.23,159968.26,4766,32.84,156535.63,-3432.6300000000047,-2.1458194269288198,On Budget
P0234,201,Materials,Concrete,cubic_yard,7594,149.02,1131645.47,7308,150.03,1096396.41,-35249.060000000056,-3.114850095233453,On Budget
P0234,202,Materials,Asphalt,ton,5926,96.62,572552.42,6693,102.3,684673.19,112120.7699999999,19.582620924036945,Over Budget
P0234,203,Materials,Topsoil,cubic_yard,3015,39.76,119873.98,3318,40.56,134576.36,14702.37999999999,12.264863484135583,Over Budget
P0234,300,Equipment,Excavator,hour,1653,130.49,215699.06,1654,134.09,221791.43,6092.369999999995,2.824476842875437,On Budget
P0234,301,Equipment,Bulldozer,hour,3120,159.35,497171.77,3318,158.88,527155.01,29983.23999999999,6.03076075699149,Watch
P0234,302,Equipment,Loader,hour,2021,128.03,258755.09,2156,128.14,276263.02,17507.930000000022,6.766216656839494,Watch
P0234,303,Equipment,Compactor,hour,632,87.95,55583.76,596,85.52,50971.47,-4612.290000000001,-8.297909317397744,Under Budget
P0234,400,Fuel,Diesel,gallon,23353,4.07,94945.45,24361,3.82,93123.55,-1821.8999999999942,-1.9188913212797392,On Budget
P0234,500,Subcontractor,Concrete Work,job,3,26669.02,80007.05,3,28794.28,86382.83,6375.779999999999,7.969022729871929,Watch
P0234,501,Subcontractor,Utility Work,job,4,23433.57,93734.29,4,25330.66,101322.64,7588.350000000006,8.095596606108614,Watch
P0235,100,Labor,General Labor,hour,10240,32.85,336410.11,9783,34.47,337198.93,788.820000000007,0.23448165692761344,On Budget
P0235,101,Labor,Equipment Operators,hour,10634,41.54,441703.32,11322,42.17,477422.05,35718.72999999998,8.086588527340021,Watch
P0235,102,Labor,Supervisors,hour,4284,57.29,245442.26,4720,61.0,287941.49,42499.22999999998,17.315367777333854,Over Budget
P0235,103,Labor,Skilled Labor,hour,2052,47.8,98089.72,2185,47.47,103719.18,5629.459999999992,5.73909274080912,Watch
P0235,200,Materials,Gravel,ton,7267,32.49,236126.95,6968,32.89,229155.09,-6971.860000000015,-2.952589698041674,On Budget
P0235,201,Materials,Concrete,cubic_yard,9749,150.55,1467742.14,10564,146.82,1550973.19,83231.05000000005,5.670686132919782,Watch
P0235,202,Materials,Asphalt,ton,4642,88.02,408569.5,4841,89.39,432755.08,24185.580000000016,5.919575494499716,Watch
P0235,203,Materials,Topsoil,cubic_yard,368,40.38,14858.03,377,40.86,15402.93,544.8999999999996,3.6673771691132644,On Budget
P0235,300,Equipment,Excavator,hour,4400,143.37,630824.57,4380,142.08,622302.29,-8522.279999999912,-1.3509746457719476,On Budget
P0235,301,Equipment,Bulldozer,hour,4248,164.56,699040.9,4729,160.65,759714.12,60673.21999999997,8.679495005227873,Watch
P0235,302,Equipment,Loader,hour,1138,119.19,135639.56,1176,129.38,152152.79,16513.23000000001,12.174346481218318,Over Budget
P0235,303,Equipment,Compactor,hour,1912,94.05,179815.71,1854,95.01,176147.09,-3668.6199999999953,-2.0402110583107538,On Budget
P0235,400,Fuel,Diesel,gallon,20898,3.94,82363.15,25422,4.29,109145.53,26782.380000000005,32.5174304285351,Over Budget
P0235,500,Subcontractor,Concrete Work,job,3,27111.55,81334.64,3,29938.39,89815.17,8480.529999999999,10.426713636403873,Over Budget
P0235,501,Subcontractor,Utility Work,job,5,23182.5,115912.49,5,23663.98,118319.92,2407.429999999993,2.07693752416154,On Budget
P0236,100,Labor,General Labor,hour,16055,32.09,515188.68,16794,36.0,604591.18,89402.50000000006,17.35335100918756,Over Budget
P0236,101,Labor,Equipment Operators,hour,20121,41.94,843792.11,20827,41.68,868161.21,24369.099999999977,2.888045492627322,On Budget
P0236,102,Labor,Supervisors,hour,6742,56.39,380156.02,7549,57.98,437662.3,57506.27999999997,15.127020742694002,Over Budget
P0236,103,Labor,Skilled Labor,hour,7160,44.84,321041.03,7663,45.34,347457.78,26416.75,8.228465377151323,Watch
P0236,200,Materials,Gravel,ton,19662,36.23,712315.35,19426,37.58,729937.49,17622.140000000014,2.4739239439385963,On Budget
P0236,201,Materials,Concrete,cubic_yard,2285,153.74,351305.3,3072,171.76,527662.03,176356.73000000004,50.20041826866832,Over Budget
P0236,202,Materials,Asphalt,ton,8725,86.72,756641.12,9808,90.25,885211.75,128570.63,16.992286911395986,Over Budget
P0236,203,Materials,Topsoil,cubic_yard,8692,35.36,307373.99,9270,38.08,353033.85,45659.859999999986,14.854822296447395,Over Budget
P0236,300,Equipment,Excavator,hour,2726,137.22,374060.83,3155,153.26,483521.6,109460.76999999996,29.2628260489076,Over Budget
P0236,301,Equipment,Bulldozer,hour,3996,145.66,582058.08,4324,138.45,598650.41,16592.330000000075,2.8506313321859693,On Budget
P0236,302,Equipment,Loader,hour,8721,117.61,1025652.42,8608,122.75,1056646.74,30994.31999999995,3.0219126280616537,On Budget
P0236,303,Equipment,Compactor,hour,9162,88.47,810569.13,9087,86.8,788777.46,-21791.670000000042,-2.6884406515703407,On Budget
P0236,400,Fuel,Diesel,gallon,50583,4.1,207385.29,53971,4.34,234381.47,26996.179999999993,13.017403500508639,Over Budget
P0236,500,Subcontractor,Concrete Work,job,3,27908.0,83724.0,3,27676.71,83030.13,-693.8699999999953,-0.8287587788447702,On Budget
P0236,501,Subcontractor,Utility Work,job,10,22762.34,227623.35,10,22492.82,224928.17,-2695.179999999993,-1.1840525148232786,On Budget
P0237,100,Labor,General Labor,hour,5091,30.1,153229.57,5383,31.5,169571.48,16341.910000000003,10.664984571842108,Over Budget
P0237,101,Labor,Equipment Operators,hour,2441,43.08,105168.59,2878,45.6,131243.59,26075.0,24.793524378333874,Over Budget
P0237,102,Labor,Supervisors,hour,4034,58.31,235223.8,5427,63.32,343638.17,108414.37,46.089881210999906,Over Budget
P0237,103,Labor,Skilled Labor,hour,2424,45.27,109744.39,2515,44.51,111953.89,2209.5,2.0133147580482245,On Budget
P0237,200,Materials,Gravel,ton,3749,36.01,135006.49,3916,36.65,143518.41,8511.920000000013,6.304822827406308,Watch
P0237,201,Materials,Concrete,cubic_yard,1460,139.5,203662.78,1719,150.17,258138.21,54475.42999999999,26.747857414103844,Over Budget
P0237,202,Materials,Asphalt,ton,190,95.01,18051.43,204,102.38,20886.3,2834.869999999999,15.704406797688597,Over Budget
P0237,203,Materials,Topsoil,cubic_yard,190,40.34,7665.0,218,43.65,9516.12,1851.1200000000008,24.150293542074376,Over Budget
P0237,300,Equipment,Excavator,hour,1930,126.3,243754.48,2043,122.17,249595.99,5841.50999999998,2.3964728771343933,On Budget
P0237,301,Equipment,Bulldozer,hour,2407,165.89,399304.58,2557,165.85,424090.61,24786.02999999997,6.207299200024194,Watch
P0237,302,Equipment,Loader,hour,588,110.83,65166.76,574,113.61,65209.98,43.220000000001164,0.06632215565113436,On Budget
P0237,303,Equipment,Compactor,hour,1783,89.6,159764.32,2092,101.03,211354.16,51589.84,32.29121495963554,Over Budget
P0237,400,Fuel,Diesel,gallon,18358,3.91,71857.98,18078,4.23,76499.35,4641.37000000001,6.4590877728541916,Watch
P0237,500,Subcontractor,Concrete Work,job,2,29781.43,59562.86,2,30508.18,61016.36,1453.5,2.440279059803374,On Budget
P0237,501,Subcontractor,Utility Work,job,2,22213.76,44427.52,2,21878.4,43756.8,-670.7199999999939,-1.5096948918147894,On Budget
P0238,100,Labor,General Labor,hour,9688,30.53,295807.68,13077,33.84,442471.63,146663.95,49.58084590636728,Over Budget
P0238,101,Labor,Equipment Operators,hour,3378,40.55,136962.9,3577,42.81,153129.34,16166.440000000002,11.80351759491074,Over Budget
P0238,102,Labor,Supervisors,hour,4865,51.11,248673.13,4758,49.0,233165.31,-15507.820000000007,-6.236226648210849,Under Budget
P0238,103,Labor,Skilled Labor,hour,4453,45.51,202638.46,4209,44.24,186188.26,-16450.199999999983,-8.118004844687423,Under Budget
P0238,200,Materials,Gravel,ton,6305,35.87,226151.97,6355,36.81,233956.97,7805.0,3.4512191072224576,On Budget
P0238,201,Materials,Concrete,cubic_yard,11526,137.7,1587119.3,13620,147.21,2005008.56,417889.26,26.33004714894463,Over Budget
P0238,202,Materials,Asphalt,ton,6660,91.26,607812.19,6792,90.69,616000.34,8188.150000000023,1.347151329755335,On Budget
P0238,203,Materials,Topsoil,cubic_yard,4444,38.79,172403.62,5142,42.39,217979.35,45575.73000000001,26.435483199250697,Over Budget
P0238,300,Equipment,Excavator,hour,5261,138.7,729677.72,6238,148.78,928058.95,198381.22999999998,27.187513687549618,Over Budget
P0238,301,Equipment,Bulldozer,hour,2866,157.15,450393.47,3146,148.89,468418.13,18024.660000000033,4.001980756959028,On Budget
P0238,302,Equipment,Loader,hour,2622,113.15,296676.29,2805,113.6,318643.38,21967.090000000026,7.40439689332775,Watch
P0238,303,Equipment,Compactor,hour,5041,90.29,455162.89,5620,95.08,534323.27,79160.38,17.391659500184648,Over Budget
P0238,400,Fuel,Diesel,gallon,48077,3.73,179221.36,51978,3.8,197747.51,18526.150000000023,10.337021212203739,Over Budget
P0238,500,Subcontractor,Concrete Work,job,5,28933.58,144667.91,5,30297.83,151489.13,6821.220000000001,4.715088508571114,On Budget
P0238,501,Subcontractor,Utility Work,job,6,22481.45,134888.71,6,23744.79,142468.74,7580.029999999999,5.619469561240521,Watch
P0239,100,Labor,General Labor,hour,28404,33.24,944265.3,29302,32.45,950841.96,6576.659999999916,0.6964843460836606,On Budget
P0239,101,Labor,Equipment Operators,hour,4394,43.1,189390.15,4422,42.31,187074.61,-2315.540000000008,-1.2226295823726885,On Budget
P0239,102,Labor,Supervisors,hour,15109,52.1,787182.93,18627,58.66,1092705.13,305522.19999999984,38.81209670031841,Over Budget
P0239,103,Labor,Skilled Labor,hour,25797,44.91,1158521.88,25168,43.3,1089738.31,-68783.56999999983,-5.937183508351162,Under Budget
P0239,200,Materials,Gravel,ton,27194,33.2,902712.63,31461,31.99,1006326.89,103614.26000000001,11.478100179012674,Over Budget
P0239,201,Materials,Concrete,cubic_yard,13501,139.27,1880253.52,12904,143.63,1853443.89,-26809.63000000012,-1.425851871294469,On Budget
P0239,202,Materials,Asphalt,ton,5312,94.34,501154.27,5396,96.09,518506.29,17352.01999999996,3.462410885973287,On Budget
P0239,203,Materials,Topsoil,cubic_yard,22434,40.33,904687.96,25796,37.64,970987.14,66299.18000000005,7.328403044072792,Watch
P0239,300,Equipment,Excavator,hour,3965,127.93,507256.97,4191,133.89,561114.51,53857.54000000004,10.617407583379295,Over Budget
P0239,301,Equipment,Bulldozer,hour,7052,164.04,1156808.62,6721,162.75,1093871.11,-62937.51000000001,-5.440615579092071,Under Budget
P0239,302,Equipment,Loader,hour,7065,113.84,804301.26,7572,107.77,816012.49,11711.229999999981,1.45607505327046,On Budget
P0239,303,Equipment,Compactor,hour,8886,95.23,846194.37,10477,98.45,1031432.39,185238.02000000002,21.890717613732175,Over Budget
P0239,400,Fuel,Diesel,gallon,88894,4.03,358196.55,104301,4.27,445083.89,86887.34000000003,24.256889129725014,Over Budget
P0239,500,Subcontractor,Concrete Work,job,10,28636.99,286369.94,10,28525.77,285257.72,-1112.2200000000303,-0.38838573629621537,On Budget
P0239,501,Subcontractor,Utility Work,job,10,20657.76,206577.56,10,22574.21,225742.05,19164.48999999999,9.277140266348383,Watch
P0240,100,Labor,General Labor,hour,386,31.25,12060.78,481,35.64,17142.87,5082.089999999998,42.13732445165236,Over Budget
P0240,101,Labor,Equipment Operators,hour,217,40.43,8773.7,238,42.04,10005.87,1232.17,14.04390394018487,Over Budget
P0240,102,Labor,Supervisors,hour,1698,57.46,97567.57,1620,55.71,90243.19,-7324.380000000005,-7.50698208431347,Under Budget
P0240,103,Labor,Skilled Labor,hour,529,46.74,24726.63,476,48.1,22894.14,-1832.4900000000016,-7.410997778508441,Under Budget
P0240,200,Materials,Gravel,ton,1603,35.17,56375.04,1521,34.49,52453.92,-3921.1200000000026,-6.955418568217428,Under Budget
P0240,201,Materials,Concrete,cubic_yard,311,150.86,46918.87,367,160.0,58718.69,11799.82,25.14941216614978,Over Budget
P0240,202,Materials,Asphalt,ton,1761,85.29,150191.83,1793,89.98,161328.12,11136.290000000008,7.414710906711776,Watch
P0240,203,Materials,Topsoil,cubic_yard,1718,39.25,67440.05,1679,41.05,68922.72,1482.6699999999983,2.198500742511309,On Budget
P0240,300,Equipment,Excavator,hour,552,144.94,80009.61,565,150.28,84907.28,4897.669999999998,6.121352172570268,Watch
P0240,301,Equipment,Bulldozer,hour,513,158.91,81522.05,511,161.51,82530.15,1008.0999999999913,1.2365979511064689,On Budget
P0240,302,Equipment,Loader,hour,765,128.76,98500.18,753,127.56,96053.56,-2446.6199999999953,-2.4838736335304112,On Budget
P0240,303,Equipment,Compactor,hour,970,87.61,84977.96,961,86.64,83258.75,-1719.2100000000064,-2.0231245843039845,On Budget
P0240,400,Fuel,Diesel,gallon,2904,3.68,10678.24,2753,3.56,9797.7,-880.539999999999,-8.24611546472077,Under Budget
P0240,500,Subcontractor,Concrete Work,job,1,29802.28,29802.28,1,30596.41,30596.41,794.130000000001,2.664661898351405,On Budget
P0240,501,Subcontractor,Utility Work,job,1,21112.16,21112.16,1,23231.02,23231.02,2118.8600000000006,10.036206622155197,Over Budget
P0241,100,Labor,General Labor,hour,4362,30.34,132347.1,4458,30.79,137241.94,4894.8399999999965,3.698486782105536,On Budget
P0241,101,Labor,Equipment Operators,hour,10530,40.81,429752.97,10472,40.54,424584.66,-5168.309999999998,-1.202623451328329,On Budget
P0241,102,Labor,Supervisors,hour,8842,58.19,514524.02,8979,61.33,550696.49,36172.46999999997,7.030278197702018,Watch
P0241,103,Labor,Skilled Labor,hour,12699,46.19,586575.08,14819,47.52,704185.8,117610.72000000009,20.05041196090364,Over Budget
P0241,200,Materials,Gravel,ton,14489,34.44,499009.2,13923,36.48,507939.13,8929.929999999993,1.7895321368824448,On Budget
P0241,201,Materials,Concrete,cubic_yard,10849,133.7,1450547.19,10974,131.98,1448311.72,-2235.469999999972,-0.1541121871395285,On Budget
P0241,202,Materials,Asphalt,ton,2371,98.7,234028.76,2218,104.64,232088.82,-1939.9400000000023,-0.8289323072941985,On Budget
P0241,203,Materials,Topsoil,cubic_yard,8248,40.27,332133.53,8547,41.26,352620.97,20487.439999999944,6.168434725635783,Watch
P0241,300,Equipment,Excavator,hour,5396,144.95,782162.8,5379,143.44,771585.74,-10577.060000000056,-1.3522836933692135,On Budget
P0241,301,Equipment,Bulldozer,hour,2543,156.79,398712.04,2716,165.69,450005.43,51293.390000000014,12.864770775419778,Over Budget
P0241,302,Equipment,Loader,hour,3724,113.08,421113.75,3652,117.37,428633.53,7519.780000000028,1.78568854614698,On Budget
P0241,303,Equipment,Compactor,hour,2364,93.85,221868.97,2819,99.95,281763.23,59894.25999999998,26.99532972096097,Over Budget
P0241,400,Fuel,Diesel,gallon,70998,3.66,259851.26,77044,3.78,291101.73,31250.469999999972,12.02629150230019,Over Budget
P0241,500,Subcontractor,Concrete Work,job,9,28431.75,255885.78,10,29749.86,297498.59,41612.81000000003,16.262259669138327,Over Budget
P0241,501,Subcontractor,Utility Work,job,5,23457.52,117287.59,5,22799.08,113995.41,-3292.179999999993,-2.8069295310782607,On Budget
P0242,100,Labor,General Labor,hour,25924,33.5,868466.71,25458,32.45,826123.62,-42343.08999999997,-4.87561463351888,On Budget
P0242,101,Labor,Equipment Operators,hour,15902,40.2,639316.64,14914,41.28,615578.82,-23737.820000000065,-3.712998929607098,On Budget
P0242,102,Labor,Supervisors,hour,9460,51.7,489068.89,8951,51.47,460736.94,-28331.95000000001,-5.7930386862268035,Under Budget
P0242,103,Labor,Skilled Labor,hour,15906,44.68,710746.16,16839,44.97,757176.15,46429.98999999999,6.532569940300485,Watch
P0242,200,Materials,Gravel,ton,14508,35.9,520907.11,15075,36.2,545694.9,24787.790000000037,4.758581621203066,On Budget
P0242,201,Materials,Concrete,cubic_yard,6535,150.71,984901.17,6810,155.08,1056086.41,71185.23999999987,7.2276531055395,Watch
P0242,202,Materials,Asphalt,ton,28063,89.94,2523885.07,28778,89.71,2581546.72,57661.65000000037,2.284638499803019,On Budget
P0242,203,Materials,Topsoil,cubic_yard,5647,41.0,231547.31,6415,44.01,282296.63,50749.32000000001,21.91747336645803,Over Budget
P0242,300,Equipment,Excavator,hour,13425,142.5,1913072.97,14157,145.88,2065161.28,152088.31000000006,7.949948192514583,Watch
P0242,301,Equipment,Bulldozer,hour,10663,159.67,1702569.12,11623,157.09,1825873.08,123303.95999999996,7.242229319888049,Watch
P0242,302,Equipment,Loader,hour,3766,118.62,446721.31,3829,119.57,457845.55,11124.23999999999,2.4901968522611986,On Budget
P0242,303,Equipment,Compactor,hour,4232,90.42,382651.36,4147,93.45,387556.17,4904.809999999998,1.2817960453609776,On Budget
P0242,400,Fuel,Diesel,gallon,59411,3.83,227521.19,68915,4.02,276937.95,49416.76000000001,21.71962971888465,Over Budget
P0242,500,Subcontractor,Concrete Work,job,12,26620.44,319445.29,12,27447.82,329373.79,9928.5,3.1080439470558483,On Budget
P0242,501,Subcontractor,Utility Work,job,15,20757.79,311366.88,15,20861.76,312926.38,1559.5,0.5008560961910913,On Budget
P0243,100,Labor,General Labor,hour,11321,30.5,345346.87,12391,31.71,392912.25,47565.380000000005,13.773218793035538,Over Budget
P0243,101,Labor,Equipment Operators,hour,16986,42.07,714565.44,18784,44.19,830002.48,115437.04000000004,16.15485909869921,Over Budget
P0243,102,Labor,Supervisors,hour,8042,55.04,442638.5,8218,56.52,464486.33,21847.830000000016,4.935817828769982,On Budget
P0243,103,Labor,Skilled Labor,hour,5770,48.68,280859.15,6002,50.43,302686.85,21827.699999999953,7.771760328976268,Watch
P0243,200,Materials,Gravel,ton,17027,33.1,563612.92,16631,34.9,580361.14,16748.219999999972,2.9715819857358787,On Budget
P0243,201,Materials,Concrete,cubic_yard,7346,152.68,1121607.93,7653,154.3,1180838.37,59230.44000000018,5.280850680148114,Watch
P0243,202,Materials,Asphalt,ton,2154,95.09,204820.11,2232,96.53,215445.43,10625.320000000007,5.187635139928402,Watch
P0243,203,Materials,Topsoil,cubic_yard,5314,39.05,207527.22,5789,40.89,236735.86,29208.639999999985,14.074606694967526,Over Budget
P0243,300,Equipment,Excavator,hour,6112,129.56,791843.92,6021,133.73,805205.8,13361.880000000005,1.6874386053251509,On Budget
P0243,301,Equipment,Bulldozer,hour,4484,165.96,744142.29,5009,166.31,833029.9,88887.60999999999,11.944974932146375,Over Budget
P0243,302,Equipment,Loader,hour,7533,125.18,942954.14,8168,127.02,1037473.15,94519.01000000001,10.02371228785315,Over Budget
P0243,303,Equipment,Compactor,hour,2409,99.43,239534.5,2520,106.14,267483.78,27949.280000000028,11.668164711137656,Over Budget
P0243,400,Fuel,Diesel,gallon,10948,4.09,44815.82,10323,4.33,44669.62,-146.1999999999971,-0.3262240878332631,On Budget
P0243,500,Subcontractor,Concrete Work,job,9,28202.5,253822.49,10,29119.62,291196.24,37373.75,14.724365047399859,Over Budget
P0243,501,Subcontractor,Utility Work,job,7,21498.67,150490.7,7,22026.34,154184.41,3693.709999999992,2.4544440287672207,On Budget
P0244,100,Labor,General Labor,hour,17198,31.44,540686.63,18668,32.16,600276.96,59590.32999999996,11.02123239111719,Over Budget
P0244,101,Labor,Equipment Operators,hour,2405,43.41,104411.79,2458,43.03,105774.82,1363.0300000000134,1.3054368668519267,On Budget
P0244,102,Labor,Supervisors,hour,5294,57.28,303221.53,5188,57.61,298888.15,-4333.380000000005,-1.4291135593175077,On Budget
P0244,103,Labor,Skilled Labor,hour,18921,49.34,933529.2,24135,55.8,1346806.17,413276.97,44.27038490065442,Over Budget
P0244,200,Materials,Gravel,ton,13362,33.59,448835.49,14847,36.01,534596.4,85760.91000000003,19.107426197513934,Over Budget
P0244,201,Materials,Concrete,cubic_yard,21589,137.54,2969450.99,21315,137.07,2921648.58,-47802.41000000015,-1.6098063298899619,On Budget
P0244,202,Materials,Asphalt,ton,15078,98.12,1479496.24,17735,102.59,1819474.77,339978.53,22.979343969133712,Over Budget
P0244,203,Materials,Topsoil,cubic_yard,9002,35.89,323121.2,8504,39.62,336948.34,13827.140000000014,4.279242587611092,On Budget
P0244,300,Equipment,Excavator,hour,5544,137.66,763166.41,5947,138.83,825616.66,62450.25,8.183044901045895,Watch
P0244,301,Equipment,Bulldozer,hour,7596,147.69,1121884.21,7639,151.68,1158665.3,36781.090000000084,3.278510355360121,On Budget
P0244,302,Equipment,Loader,hour,8480,117.29,994617.29,8851,117.92,1043698.33,49081.03999999992,4.934665875353918,On Budget
P0244,303,Equipment,Compactor,hour,6180,98.16,606625.46,6481,101.08,655107.48,48482.02000000002,7.992084605219178,Watch
P0244,400,Fuel,Diesel,gallon,27138,3.69,100023.87,30033,3.92,117652.73,17628.86,17.624652995330017,Over Budget
P0244,500,Subcontractor,Concrete Work,job,10,27009.03,270090.25,9,27357.1,246213.93,-23876.320000000007,-8.840126587316648,Under Budget
P0244,501,Subcontractor,Utility Work,job,7,20831.23,145818.59,7,20776.46,145435.22,-383.36999999999534,-0.26290886504937083,On Budget
P0245,100,Labor,General Labor,hour,7625,34.55,263448.13,7374,32.67,240872.28,-22575.850000000006,-8.569371891157477,Under Budget
P0245,101,Labor,Equipment Operators,hour,9776,43.8,428140.02,9767,43.02,420190.55,-7949.47000000003,-1.85674537035805,On Budget
P0245,102,Labor,Supervisors,hour,5808,55.89,324608.69,7678,62.94,483248.46,158639.77000000002,48.87107920616667,Over Budget
P0245,103,Labor,Skilled Labor,hour,8642,47.88,413740.26,8464,51.79,438367.34,24627.080000000016,5.952304472375982,Watch
P0245,200,Materials,Gravel,ton,1533,32.77,50235.07,1617,32.35,52308.54,2073.470000000001,4.127534807854356,On Budget
P0245,201,Materials,Concrete,cubic_yard,27516,133.6,3676247.35,31280,133.93,4189295.84,513048.48999999976,13.955766333296364,Over Budget
P0245,202,Materials,Asphalt,ton,17995,99.13,1783921.3,17624,104.01,1833104.41,49183.10999999987,2.7570224090042466,On Budget
P0245,203,Materials,Topsoil,cubic_yard,13109,40.89,536031.15,14148,39.22,554845.68,18814.530000000028,3.509969523226407,On Budget
P0245,300,Equipment,Excavator,hour,1286,129.95,167121.01,1228,145.63,178836.52,11715.50999999998,7.010195785676486,Watch
P0245,301,Equipment,Bulldozer,hour,10314,152.48,1572697.08,12771,173.86,2220387.72,647690.6400000001,41.18343247639273,Over Budget
P0245,302,Equipment,Loader,hour,12647,118.25,1495542.48,16154,132.93,2147354.63,651812.1499999999,43.5836600241539,Over Budget
P0245,303,Equipment,Compactor,hour,4729,94.65,447577.59,4295,100.15,430151.77,-17425.820000000007,-3.8933629362453126,On Budget
P0245,400,Fuel,Diesel,gallon,75809,3.65,276922.22,77071,3.74,288188.09,11265.870000000054,4.06824342228661,On Budget
P0245,500,Subcontractor,Concrete Work,job,6,28196.12,169176.73,6,30959.92,185759.5,16582.76999999999,9.802039559459502,Watch
P0245,501,Subcontractor,Utility Work,job,8,22674.29,181394.28,9,21607.59,194468.34,13074.059999999998,7.207537084410818,Watch
P0246,100,Labor,General Labor,hour,4382,32.69,143226.85,5338,36.76,196239.9,53013.04999999999,37.013346310415955,Over Budget
P0246,101,Labor,Equipment Operators,hour,12295,40.34,495975.61,10686,42.62,455420.82,-40554.78999999998,-8.176771031140015,Under Budget
P0246,102,Labor,Supervisors,hour,4542,56.79,257932.95,4649,59.92,278559.26,20626.309999999998,7.996772029320022,Watch
P0246,103,Labor,Skilled Labor,hour,13131,46.39,609185.22,13618,46.55,633985.3,24800.080000000075,4.071024572789221,On Budget
P0246,200,Materials,Gravel,ton,5934,33.84,200787.25,6420,36.32,233154.1,32366.850000000006,16.11997275723434,Over Budget
P0246,201,Materials,Concrete,cubic_yard,8858,147.84,1309569.67,9382,147.75,1386228.06,76658.39000000013,5.853708417055821,Watch
P0246,202,Materials,Asphalt,ton,11386,89.6,1020157.71,12513,88.16,1103131.87,82974.16000000015,8.133463991562653,Watch
P0246,203,Materials,Topsoil,cubic_yard,5707,38.65,220552.69,5939,35.48,210721.98,-9830.709999999992,-4.457306777804429,On Budget
P0246,300,Equipment,Excavator,hour,5479,134.49,736860.81,6315,150.11,947922.25,211061.43999999994,28.643325460611745,Over Budget
P0246,301,Equipment,Bulldozer,hour,6342,162.07,1027878.28,5870,164.21,963905.37,-63972.91000000003,-6.223782644769965,Under Budget
P0246,302,Equipment,Loader,hour,7354,115.4,848664.28,7839,119.41,936075.34,87411.05999999994,10.29983964919555,Over Budget
P0246,303,Equipment,Compactor,hour,665,91.98,61163.71,652,94.48,61597.87,434.1600000000035,0.7098326769255879,On Budget
P0246,400,Fuel,Diesel,gallon,40481,3.87,156551.67,39716,3.85,153036.66,-3515.0100000000093,-2.2452714812943286,On Budget
P0246,500,Subcontractor,Concrete Work,job,6,28913.33,173480.0,6,29716.78,178300.68,4820.679999999993,2.7788102374913493,On Budget
P0246,501,Subcontractor,Utility Work,job,3,21155.5,63466.5,3,21551.32,64653.96,1187.4599999999991,1.8710028125073843,On Budget
P0247,100,Labor,General Labor,hour,6145,33.9,208340.92,6183,35.71,220769.96,12429.039999999979,5.9657219522693765,Watch
P0247,101,Labor,Equipment Operators,hour,11539,40.51,467437.14,12339,41.66,514087.81,46650.669999999984,9.980094863664446,Watch
P0247,102,Labor,Supervisors,hour,3750,58.68,220044.38,3395,57.42,194947.78,-25096.600000000006,-11.405244705636202,Under Budget
P0247,103,Labor,Skilled Labor,hour,7970,46.15,367820.31,8455,48.08,406495.17,38674.859999999986,10.514606982958604,Over Budget
P0247,200,Materials,Gravel,ton,6040,35.44,214055.0,6129,36.91,226237.01,12182.01000000001,5.691065380392894,Watch
P0247,201,Materials,Concrete,cubic_yard,16911,150.58,2546410.04,17247,150.82,2601221.68,54811.64000000013,2.152506436080504,On Budget
P0247,202,Materials,Asphalt,ton,9163,85.24,781032.44,9297,88.85,825994.2,44961.76000000001,5.756708389730907,Watch
P0247,203,Materials,Topsoil,cubic_yard,3458,38.08,131684.44,4334,42.25,183103.67,51419.23000000001,39.047308854409835,Over Budget
P0247,300,Equipment,Excavator,hour,3266,140.67,459433.6,3814,154.24,588261.44,128827.83999999997,28.040578660333065,Over Budget
P0247,301,Equipment,Bulldozer,hour,351,163.5,57388.32,325,165.24,53703.96,-3684.3600000000006,-6.420052024523458,Under Budget
P0247,302,Equipment,Loader,hour,3999,128.65,514464.16,3947,127.69,503989.98,-10474.179999999993,-2.0359396852834206,On Budget
P0247,303,Equipment,Compactor,hour,4854,101.54,492877.86,4846,97.24,471202.39,-21675.469999999972,-4.397736591373768,On Budget
P0247,400,Fuel,Diesel,gallon,28686,3.57,102428.72,31311,3.67,114795.03,12366.309999999998,12.073088485338875,Over Budget
P0247,500,Subcontractor,Concrete Work,job,9,29985.48,269869.35,11,32494.06,357434.69,87565.34000000003,32.44730829936784,Over Budget
P0247,501,Subcontractor,Utility Work,job,7,20557.25,143900.77,8,21319.3,170554.41,26653.640000000014,18.522235843491327,Over Budget
P0248,100,Labor,General Labor,hour,1531,31.3,47913.01,1638,31.86,52190.9,4277.889999999999,8.928451792112412,Watch
P0248,101,Labor,Equipment Operators,hour,2435,40.16,97795.13,2269,43.48,98646.18,851.0499999999884,0.8702376079463142,On Budget
P0248,102,Labor,Supervisors,hour,2499,52.52,131244.79,2384,56.64,135033.04,3788.25,2.886400290632489,On Budget
P0248,103,Labor,Skilled Labor,hour,1043,45.22,47165.54,1052,47.35,49816.21,2650.6699999999983,5.6199292958375935,Watch
P0248,200,Materials,Gravel,ton,482,33.55,16172.97,446,35.12,15663.81,-509.15999999999985,-3.148215819357854,On Budget
P0248,201,Materials,Concrete,cubic_yard,4217,148.03,624244.56,4623,157.47,727988.79,103744.22999999998,16.61916445054803,Over Budget
P0248,202,Materials,Asphalt,ton,4047,98.8,399840.86,4022,101.97,410106.22,10265.359999999986,2.5673614247428302,On Budget
P0248,203,Materials,Topsoil,cubic_yard,5417,38.81,210229.94,5307,40.14,212996.84,2766.899999999994,1.3161303285345534,On Budget
P0248,300,Equipment,Excavator,hour,492,128.25,63099.0,562,135.14,75951.36,12852.36,20.368563685636857,Over Budget
P0248,301,Equipment,Bulldozer,hour,897,153.53,137716.93,914,161.47,147582.7,9865.770000000019,7.163803317428016,Watch
P0248,302,Equipment,Loader,hour,1774,115.34,204610.04,1804,125.36,226153.26,21543.22,10.528916371845682,Over Budget
P0248,303,Equipment,Compactor,hour,1002,96.25,96439.42,1038,99.68,103471.33,7031.9100000000035,7.29153078689192,Watch
P0248,400,Fuel,Diesel,gallon,7590,3.69,28013.18,7923,3.59,28425.59,412.40999999999985,1.4721998716318527,On Budget
P0248,500,Subcontractor,Concrete Work,job,2,27856.58,55713.16,2,28934.68,57869.37,2156.209999999999,3.8701987106816396,On Budget
P0248,501,Subcontractor,Utility Work,job,3,21833.15,65499.46,3,22751.07,68253.2,2753.739999999998,4.204217866834319,On Budget
P0249,100,Labor,General Labor,hour,9829,31.14,306086.29,12155,34.74,422243.17,116156.88,37.94906331805976,Over Budget
P0249,101,Labor,Equipment Operators,hour,12810,38.68,495538.69,15616,37.58,586858.5,91319.81,18.428391534876923,Over Budget
P0249,102,Labor,Supervisors,hour,17157,53.1,911092.6,19276,55.53,1070397.58,159304.9800000001,17.48504817183238,Over Budget
P0249,103,Labor,Skilled Labor,hour,8458,46.3,391641.89,7975,46.16,368089.98,-23551.910000000033,-6.013634036951469,Under Budget
P0249,200,Materials,Gravel,ton,14969,33.87,506977.93,17625,32.92,580232.1,73254.16999999998,14.449183221841627,Over Budget
P0249,201,Materials,Concrete,cubic_yard,17686,155.47,2749729.04,17730,164.69,2919982.11,170253.06999999983,6.191630794283637,Watch
P0249,202,Materials,Asphalt,ton,1596,93.12,148612.33,1693,97.24,164624.88,16012.550000000017,10.774711627225022,Over Budget
P0249,203,Materials,Topsoil,cubic_yard,6776,38.96,264021.82,7210,38.55,277945.68,13923.859999999986,5.273753510221233,Watch
P0249,300,Equipment,Excavator,hour,2596,131.55,341513.33,2596,143.48,372461.68,30948.349999999977,9.062120649873307,Watch
P0249,301,Equipment,Bulldozer,hour,4137,157.59,651962.9,4840,166.61,806386.89,154423.99,23.686008820440545,Over Budget
P0249,302,Equipment,Loader,hour,3481,112.83,392769.79,4080,119.21,486380.09,93610.30000000005,23.833375779741118,Over Budget
P0249,303,Equipment,Compactor,hour,6515,88.62,577384.37,6557,92.08,603775.96,26391.589999999967,4.570887500816824,On Budget
P0249,400,Fuel,Diesel,gallon,42657,4.12,175796.96,43086,4.11,176871.34,1074.3800000000047,0.6111482246336938,On Budget
P0249,500,Subcontractor,Concrete Work,job,2,29618.7,59237.41,2,30001.14,60002.28,764.8699999999953,1.2911941963701574,On Budget
P0249,501,Subcontractor,Utility Work,job,4,20809.84,83239.37,4,21529.29,86117.17,2877.800000000003,3.457258266130562,On Budget
P0250,100,Labor,General Labor,hour,10426,34.16,356136.58,10284,32.73,336554.98,-19581.600000000035,-5.4983399907979225,Under Budget
P0250,101,Labor,Equipment Operators,hour,17633,43.92,774496.08,17326,46.04,797743.89,23247.810000000056,3.001669162741283,On Budget
P0250,102,Labor,Supervisors,hour,11943,53.99,644805.03,11850,53.19,630296.42,-14508.609999999986,-2.2500770504225107,On Budget
P0250,103,Labor,Skilled Labor,hour,17272,51.05,881791.71,19533,52.04,1016567.38,134775.67000000004,15.284297694293366,Over Budget
P0250,200,Materials,Gravel,ton,12216,36.63,447486.64,13062,37.22,486130.82,38644.17999999999,8.635828770217586,Watch
P0250,201,Materials,Concrete,cubic_yard,18154,144.89,2630370.22,21086,154.57,3259321.01,628950.7899999996,23.911112786244953,Over Budget
P0250,202,Materials,Asphalt,ton,15406,91.45,1408853.25,15761,91.8,1446830.81,37977.560000000056,2.6956363269204973,On Budget
P0250,203,Materials,Topsoil,cubic_yard,3523,36.1,127172.53,3236,36.19,117117.69,-10054.839999999997,-7.906455898927227,Under Budget
P0250,300,Equipment,Excavator,hour,1651,144.61,238752.73,1841,151.03,278046.56,39293.82999999999,16.457960501645356,Over Budget
P0250,301,Equipment,Bulldozer,hour,8634,152.77,1319012.28,9334,164.65,1536827.17,217814.8899999999,16.513484620476763,Over Budget
P0250,302,Equipment,Loader,hour,7190,118.42,851450.2,8032,126.38,1015070.14,163619.94000000006,19.216618893271747,Over Budget
P0250,303,Equipment,Compactor,hour,7090,88.59,628097.76,7558,85.18,643755.03,15657.270000000019,2.4928078074979947,On Budget
P0250,400,Fuel,Diesel,gallon,52752,4.1,216437.86,48375,4.23,204658.81,-11779.049999999988,-5.44223177959715,Under Budget
P0250,500,Subcontractor,Concrete Work,job,4,25966.23,103864.93,4,26927.0,107708.0,3843.070000000007,3.70006507490065,On Budget
P0250,501,Subcontractor,Utility Work,job,2,21542.83,43085.66,2,20440.99,40881.98,-2203.6800000000003,-5.1146483539999155,Under Budget
P0251,100,Labor,General Labor,hour,18150,32.35,587123.77,18494,31.16,576307.17,-10816.599999999977,-1.8423031995451276,On Budget
P0251,101,Labor,Equipment Operators,hour,14471,41.9,606326.07,16974,43.84,744123.98,137797.91000000003,22.72670050291587,Over Budget
P0251,102,Labor,Supervisors,hour,15941,58.44,931662.78,16719,61.45,1027383.56,95720.78000000003,10.274187405017942,Over Budget
P0251,103,Labor,Skilled Labor,hour,17998,46.09,829529.01,16985,46.54,790545.65,-38983.359999999986,-4.699457105183095,On Budget
P0251,200,Materials,Gravel,ton,1926,33.4,64326.74,1882,33.16,62408.71,-1918.0299999999988,-2.9816993679455837,On Budget
P0251,201,Materials,Concrete,cubic_yard,8105,142.91,1158323.17,8411,151.36,1273122.32,114799.15000000014,9.910804944012312,Watch
P0251,202,Materials,Asphalt,ton,788,92.28,72717.54,799,91.77,73326.83,609.2900000000081,0.8378858800779126,On Budget
P0251,203,Materials,Topsoil,cubic_yard,9103,40.76,371042.32,8830,43.3,382307.32,11265.0,3.0360418186259723,On Budget
P0251,300,Equipment,Excavator,hour,7761,131.17,1018006.54,8286,133.59,1106945.82,88939.28000000003,8.73661184927162,Watch
P0251,301,Equipment,Bulldozer,hour,899,147.48,132586.59,834,153.27,127829.69,-4756.899999999994,-3.587768566941796,On Budget
P0251,302,Equipment,Loader,hour,3128,117.45,367390.93,3154,123.96,390955.46,23564.530000000028,6.414020618309774,Watch
P0251,303,Equipment,Compactor,hour,2573,95.13,244764.02,2525,98.94,249819.02,5055.0,2.0652545255630304,On Budget
P0251,400,Fuel,Diesel,gallon,16503,3.67,60525.27,17680,3.64,64429.57,3904.300000000003,6.450694065470511,Watch
P0251,500,Subcontractor,Concrete Work,job,6,29196.93,175181.57,6,29477.28,176863.67,1682.1000000000058,0.9602037474604239,On Budget
P0251,501,Subcontractor,Utility Work,job,8,21943.87,175550.98,7,23495.34,164467.36,-11083.620000000024,-6.3136189840694845,Under Budget
P0252,100,Labor,General Labor,hour,1023,31.07,31784.07,992,31.9,31641.35,-142.72000000000116,-0.4490299700447462,On Budget
P0252,101,Labor,Equipment Operators,hour,1205,38.98,46965.77,1340,35.98,48212.8,1247.030000000006,2.6551890877121913,On Budget
P0252,102,Labor,Supervisors,hour,2079,59.24,123167.34,2357,64.3,151557.69,28390.350000000006,23.050225814733036,Over Budget
P0252,103,Labor,Skilled Labor,hour,667,49.92,33299.52,630,53.29,33573.7,274.1800000000003,0.8233752318351745,On Budget
P0252,200,Materials,Gravel,ton,1965,36.09,70909.68,2146,36.0,77251.99,6342.310000000012,8.944209027596814,Watch
P0252,201,Materials,Concrete,cubic_yard,701,139.27,97627.22,700,151.54,106076.03,8448.809999999998,8.654154036138689,Watch
P0252,202,Materials,Asphalt,ton,692,97.24,67289.29,704,104.49,73564.22,6274.930000000008,9.325302733912052,Watch
P0252,203,Materials,Topsoil,cubic_yard,1613,40.24,64900.45,1670,41.94,70036.25,5135.800000000003,7.913350369681571,Watch
P0252,300,Equipment,Excavator,hour,794,131.23,104193.63,759,136.41,103536.55,-657.0800000000017,-0.6306335617638061,On Budget
P0252,301,Equipment,Bulldozer,hour,1031,151.38,156072.61,1005,152.96,153722.95,-2349.6599999999744,-1.5054915785671648,On Budget
P0252,302,Equipment,Loader,hour,680,114.98,78187.48,657,106.86,70204.58,-7982.899999999994,-10.2099466564212,Under Budget
P0252,303,Equipment,Compactor,hour,702,98.98,69484.27,720,102.42,73745.04,4260.7699999999895,6.131992176070914,Watch
P0252,400,Fuel,Diesel,gallon,471,3.8,1788.87,464,4.02,1864.31,75.44000000000005,4.217187386450668,On Budget
P0252,500,Subcontractor,Concrete Work,job,1,26075.81,26075.81,1,28049.73,28049.73,1973.9199999999983,7.569927837332754,Watch
P0252,501,Subcontractor,Utility Work,job,1,20643.72,20643.72,1,21484.2,21484.2,840.4799999999996,4.071359231766365,On Budget
P0253,100,Labor,General Labor,hour,1543,31.12,48025.16,1574,32.85,51703.52,3678.3599999999933,7.659235284171865,Watch
P0253,101,Labor,Equipment Operators,hour,4673,41.26,192813.2,4689,42.25,198130.38,5317.179999999993,2.7576846398483053,On Budget
P0253,102,Labor,Supervisors,hour,6142,56.29,345731.22,5620,59.95,336902.45,-8828.76999999996,-2.5536513595734744,On Budget
P0253,103,Labor,Skilled Labor,hour,10673,44.63,476286.79,10672,44.94,479632.64,3345.850000000035,0.7024864158000341,On Budget
P0253,200,Materials,Gravel,ton,11504,36.01,414246.38,13470,37.52,505345.5,91099.12,21.991530740715223,Over Budget
P0253,201,Materials,Concrete,cubic_yard,8538,134.99,1152556.31,9835,131.83,1296574.48,144018.16999999993,12.495543059410252,Over Budget
P0253,202,Materials,Asphalt,ton,7291,91.43,666639.29,7263,91.93,667658.23,1018.9399999999441,0.1528472766734082,On Budget
P0253,203,Materials,Topsoil,cubic_yard,9804,35.41,347191.75,8849,35.89,317580.35,-29611.400000000023,-8.528831690269145,Under Budget
P0253,300,Equipment,Excavator,hour,6361,130.3,828856.99,6275,130.73,820321.5,-8535.48999999999,-1.0297904346562838,On Budget
P0253,301,Equipment,Bulldozer,hour,2655,159.49,423435.34,2626,166.09,436142.02,12706.679999999993,3.0008548648773608,On Budget
P0253,302,Equipment,Loader,hour,506,129.11,65331.67,679,146.27,99317.89,33986.22,52.021048903234835,Over Budget
P0253,303,Equipment,Compactor,hour,6241,93.29,582193.08,6914,97.56,674536.39,92343.31000000006,15.86128608742654,Over Budget
P0253,400,Fuel,Diesel,gallon,9506,4.03,38340.88,10359,4.11,42571.58,4230.700000000004,11.034436350965352,Over Budget
P0253,500,Subcontractor,Concrete Work,job,2,26843.64,53687.29,2,28579.15,57158.31,3471.019999999997,6.4652546254429994,Watch
P0253,501,Subcontractor,Utility Work,job,2,21247.43,42494.85,2,22335.05,44670.09,2175.239999999998,5.118832046706832,Watch
P0254,100,Labor,General Labor,hour,673,30.59,20584.32,688,31.22,21477.0,892.6800000000003,4.336699001958774,On Budget
P0254,101,Labor,Equipment Operators,hour,353,43.69,15420.84,364,46.09,16776.8,1355.9599999999991,8.793035917628346,Watch
P0254,102,Labor,Supervisors,hour,1569,56.46,88584.93,1546,56.87,87918.56,-666.3699999999953,-0.7522385579578776,On Budget
P0254,103,Labor,Skilled Labor,hour,1530,45.81,70085.49,1563,47.02,73496.16,3410.6699999999983,4.866442397705999,On Budget
P0254,200,Materials,Gravel,ton,2187,34.97,76474.86,2252,36.3,81755.36,5280.5,6.904883513353277,Watch
P0254,201,Materials,Concrete,cubic_yard,1521,140.77,214116.76,1438,136.99,196996.98,-17119.78,-7.995534772709992,Under Budget
P0254,202,Materials,Asphalt,ton,2190,93.29,204307.46,2225,96.82,215429.39,11121.930000000022,5.443721927725998,Watch
P0254,203,Materials,Topsoil,cubic_yard,1796,39.23,70460.34,1939,39.02,75664.67,5204.330000000002,7.386183489889492,Watch
P0254,300,Equipment,Excavator,hour,228,136.49,31119.79,215,142.14,30559.44,-560.3500000000022,-1.800622690577289,On Budget
P0254,301,Equipment,Bulldozer,hour,1221,148.24,181004.58,1219,156.82,191165.84,10161.26000000001,5.613813749906224,Watch
P0254,302,Equipment,Loader,hour,641,123.87,79399.94,697,127.7,89004.91,9604.970000000001,12.096948687870546,Over Budget
P0254,303,Equipment,Compactor,hour,906,89.66,81236.34,856,95.26,81540.19,303.8500000000058,0.37403211419914517,On Budget
P0254,400,Fuel,Diesel,gallon,1163,3.9,4539.2,1191,4.0,4769.46,230.26000000000022,5.072700035248507,Watch
P0254,500,Subcontractor,Concrete Work,job,2,29563.07,59126.13,2,30814.54,61629.08,2502.9500000000044,4.233238333034826,On Budget
P0254,501,Subcontractor,Utility Work,job,1,20456.44,20456.44,1,20305.05,20305.05,-151.38999999999942,-0.7400603428553523,On Budget
P0255,100,Labor,General Labor,hour,16791,34.52,579687.28,16479,36.36,599241.84,19554.55999999994,3.3732946494875544,On Budget
P0255,101,Labor,Equipment Operators,hour,9568,44.8,428669.39,9045,47.11,426079.02,-2590.3699999999953,-0.6042815420060657,On Budget
P0255,102,Labor,Supervisors,hour,17172,58.4,1002905.25,16688,63.21,1054868.26,51963.01000000001,5.181248178728749,Watch
P0255,103,Labor,Skilled Labor,hour,4875,50.02,243863.97,5388,54.16,291798.34,47934.370000000024,19.656191933560347,Over Budget
P0255,200,Materials,Gravel,ton,17610,32.66,575191.13,17261,35.24,608202.1,33010.96999999997,5.739130573866807,Watch
P0255,201,Materials,Concrete,cubic_yard,3481,140.84,490249.53,3236,150.88,488233.43,-2016.100000000035,-0.4112395579451213,On Budget
P0255,202,Materials,Asphalt,ton,7284,95.79,697697.94,6863,99.11,680217.11,-17480.829999999958,-2.5055011628671227,On Budget
P0255,203,Materials,Topsoil,cubic_yard,16978,38.76,658079.82,16945,38.9,659212.58,1132.7600000000093,0.172131094978723,On Budget
P0255,300,Equipment,Excavator,hour,1636,136.34,223053.83,1642,145.32,238617.59,15563.76000000001,6.977580254954605,Watch
P0255,301,Equipment,Bulldozer,hour,6493,167.18,1085527.92,6622,170.68,1130233.08,44705.16000000015,4.118287441192683,On Budget
P0255,302,Equipment,Loader,hour,7653,119.63,915539.17,7728,123.89,957417.89,41878.71999999997,4.57421390283061,On Budget
P0255,303,Equipment,Compactor,hour,9734,97.35,947640.95,9734,104.6,1018172.87,70531.92000000004,7.442894906557177,Watch
P0255,400,Fuel,Diesel,gallon,15494,4.15,64361.22,17075,4.27,72870.44,8509.220000000001,13.221035897082126,Over Budget
P0255,500,Subcontractor,Concrete Work,job,12,29670.54,356046.45,11,30698.4,337682.35,-18364.100000000035,-5.1577820815233615,Under Budget
P0255,501,Subcontractor,Utility Work,job,7,23572.87,165010.11,8,23778.01,190224.04,25213.930000000022,15.280233435393761,Over Budget
P0256,100,Labor,General Labor,hour,2792,33.5,93530.03,2689,36.15,97202.06,3672.029999999999,3.9260438599239187,On Budget
P0256,101,Labor,Equipment Operators,hour,3773,40.04,151054.41,3891,41.63,161991.86,10937.449999999983,7.2407353085553625,Watch
P0256,102,Labor,Supervisors,hour,2409,57.29,138011.25,2213,57.42,127060.03,-10951.220000000001,-7.935019790053348,Under Budget
P0256,103,Labor,Skilled Labor,hour,3726,49.38,183979.29,4063,53.07,215605.98,31626.690000000002,17.19035332726852,Over Budget
P0256,200,Materials,Gravel,ton,6070,34.28,208079.47,6748,34.4,232154.11,24074.639999999985,11.569925663497694,Over Budget
P0256,201,Materials,Concrete,cubic_yard,5358,135.95,728414.09,5241,134.92,707120.31,-21293.77999999991,-2.9233069887486542,On Budget
P0256,202,Materials,Asphalt,ton,3644,89.46,325981.38,3668,89.51,328321.14,2339.7600000000093,0.7177587873270582,On Budget
P0256,203,Materials,Topsoil,cubic_yard,3059,37.96,116120.35,3568,40.84,145706.04,29585.690000000002,25.478471258483115,Over Budget
P0256,300,Equipment,Excavator,hour,2214,140.78,311695.48,1995,150.89,301030.03,-10665.449999999953,-3.4217531803797585,On Budget
P0256,301,Equipment,Bulldozer,hour,3390,154.0,522068.0,3754,163.12,612346.31,90278.31000000006,17.292442746921868,Over Budget
P0256,302,Equipment,Loader,hour,1636,110.94,181498.41,1905,113.66,216524.27,35025.859999999986,19.29816354865036,Over Budget
P0256,303,Equipment,Compactor,hour,2355,90.19,212403.06,2472,88.19,217998.15,5595.0899999999965,2.634185213715846,On Budget
P0256,400,Fuel,Diesel,gallon,16220,4.03,65417.77,21537,4.64,99860.08,34442.310000000005,52.64977696427135,Over Budget
P0256,500,Subcontractor,Concrete Work,job,1,30095.03,30095.03,1,31932.04,31932.04,1837.010000000002,6.104031130721591,Watch
P0256,501,Subcontractor,Utility Work,job,2,22036.67,44073.35,2,23853.39,47706.78,3633.4300000000003,8.244052244723854,Watch
P0257,100,Labor,General Labor,hour,3012,34.47,103830.08,2932,33.41,97959.35,-5870.729999999996,-5.654170737420212,Under Budget
P0257,101,Labor,Equipment Operators,hour,1664,45.27,75324.47,1858,46.89,87127.68,11803.209999999992,15.669821506875511,Over Budget
P0257,102,Labor,Supervisors,hour,1627,52.77,85863.91,1672,52.22,87303.62,1439.7099999999919,1.676734730575386,On Budget
P0257,103,Labor,Skilled Labor,hour,4525,50.05,226462.23,5301,54.13,286948.92,60486.68999999997,26.70939432151665,Over Budget
P0257,200,Materials,Gravel,ton,136,35.29,4799.62,134,35.99,4822.79,23.170000000000073,0.482746550768604,On Budget
P0257,201,Materials,Concrete,cubic_yard,3179,151.17,480554.57,3016,162.39,489779.8,9225.229999999981,1.9197049775221118,On Budget
P0257,202,Materials,Asphalt,ton,3147,90.3,284176.64,3290,94.26,310122.89,25946.25,9.13032471634544,Watch
P0257,203,Materials,Topsoil,cubic_yard,1937,37.6,72836.16,2043,39.83,81368.35,8532.190000000002,11.714222715749981,Over Budget
P0257,300,Equipment,Excavator,hour,1511,144.81,218815.06,1555,141.97,220756.1,1941.0400000000081,0.8870687419778183,On Budget
P0257,301,Equipment,Bulldozer,hour,1170,162.31,189907.85,1442,175.6,253209.73,63301.880000000005,33.332945425899986,Over Budget
P0257,302,Equipment,Loader,hour,474,117.67,55777.02,514,111.32,57220.07,1443.050000000003,2.587176582757564,On Budget
P0257,303,Equipment,Compactor,hour,1646,96.32,158549.45,1653,96.85,160100.87,1551.4199999999837,0.9785085977907735,On Budget
P0257,400,Fuel,Diesel,gallon,17509,3.85,67435.16,17313,3.94,68224.12,788.9599999999919,1.169953478274526,On Budget
P0257,500,Subcontractor,Concrete Work,job,2,26048.17,52096.34,2,25007.74,50015.47,-2080.8699999999953,-3.994272918212672,On Budget
P0257,501,Subcontractor,Utility Work,job,1,23390.16,23390.16,1,23129.1,23129.1,-261.0600000000013,-1.1161103643583512,On Budget
P0258,100,Labor,General Labor,hour,2540,33.47,85011.93,2515,34.27,86179.78,1167.8500000000058,1.3737483668468717,On Budget
P0258,101,Labor,Equipment Operators,hour,16533,42.2,697652.83,18696,44.67,835062.88,137410.05000000005,19.696049968004868,Over Budget
P0258,102,Labor,Supervisors,hour,12557,52.21,655540.73,12493,56.21,702252.88,46712.15000000002,7.125743353887412,Watch
P0258,103,Labor,Skilled Labor,hour,8969,44.69,400792.61,8892,44.39,394696.08,-6096.52999999997,-1.5211183659299432,On Budget
P0258,200,Materials,Gravel,ton,19869,36.55,726187.7,20296,35.59,722420.32,-3767.3800000000047,-0.5187887374021902,On Budget
P0258,201,Materials,Concrete,cubic_yard,14463,144.13,2084541.07,15045,135.16,2033516.06,-51025.01000000001,-2.4477814677932925,On Budget
P0258,202,Materials,Asphalt,ton,2088,97.18,202921.75,2262,103.63,234414.96,31493.209999999992,15.51987896812441,Over Budget
P0258,203,Materials,Topsoil,cubic_yard,15173,38.04,577214.07,15845,38.97,617481.4,40267.330000000075,6.976151846056018,Watch
P0258,300,Equipment,Excavator,hour,9341,126.55,1182097.89,11674,142.69,1665820.69,483722.80000000005,40.92070581396606,Over Budget
P0258,301,Equipment,Bulldozer,hour,3793,159.99,606844.76,3504,161.55,566063.59,-40781.17000000004,-6.720198094814239,Under Budget
P0258,302,Equipment,Loader,hour,10235,119.47,1222749.54,9840,112.96,1111544.01,-111205.53000000003,-9.094710434321653,Under Budget
P0258,303,Equipment,Compactor,hour,7631,93.99,717257.06,7420,98.32,729537.61,12280.54999999993,1.7121546353269674,On Budget
P0258,400,Fuel,Diesel,gallon,21498,3.97,85368.65,21009,3.96,83104.32,-2264.329999999987,-2.652413971639457,On Budget
P0258,500,Subcontractor,Concrete Work,job,8,28541.2,228329.56,8,30817.01,246536.09,18206.53,7.973794545042701,Watch
P0258,501,Subcontractor,Utility Work,job,10,22263.06,222630.62,10,22767.84,227678.39,5047.770000000019,2.267329624289785,On Budget
P0259,100,Labor,General Labor,hour,1509,30.2,45569.18,1554,31.57,49064.18,3495.0,7.669657430745956,Watch
P0259,101,Labor,Equipment Operators,hour,3221,41.62,134059.49,3279,41.61,136441.98,2382.49000000002,1.777188619768746,On Budget
P0259,102,Labor,Supervisors,hour,2168,50.75,110020.89,2157,48.08,103707.6,-6313.289999999994,-5.738264796803583,Under Budget
P0259,103,Labor,Skilled Labor,hour,2076,51.78,107495.43,2357,55.01,129667.08,22171.65000000001,20.62566752837773,Over Budget
P0259,200,Materials,Gravel,ton,312,34.73,10835.33,292,35.21,10282.34,-552.9899999999998,-5.103582447419689,Under Budget
P0259,201,Materials,Concrete,cubic_yard,639,138.17,88292.24,639,139.75,89300.61,1008.3699999999953,1.1420822486777946,On Budget
P0259,202,Materials,Asphalt,ton,2873,92.59,266000.07,3238,94.94,307429.48,41429.409999999974,15.574962066739296,Over Budget
P0259,203,Materials,Topsoil,cubic_yard,2101,37.03,77798.04,2308,38.79,89535.9,11737.86,15.087603749400373,Over Budget
P0259,300,Equipment,Excavator,hour,1452,127.95,185787.93,1643,136.23,223827.77,38039.84,20.47487153767201,Over Budget
P0259,301,Equipment,Bulldozer,hour,226,149.66,33822.08,223,146.83,32743.22,-1078.8600000000006,-3.1898097337597227,On Budget
P0259,302,Equipment,Loader,hour,135,122.91,16592.82,126,132.03,16635.58,42.76000000000204,0.25770182524731805,On Budget
P0259,303,Equipment,Compactor,hour,1215,96.09,116745.76,1348,103.22,139137.97,22392.210000000006,19.18031969640697,Over Budget
P0259,400,Fuel,Diesel,gallon,3718,3.8,14121.06,4352,3.82,16628.26,2507.199999999999,17.75504105215897,Over Budget
P0259,500,Subcontractor,Concrete Work,job,2,26831.23,53662.46,2,29389.53,58779.06,5116.5999999999985,9.53478465206403,Watch
P0259,501,Subcontractor,Utility Work,job,1,20645.56,20645.56,1,21720.35,21720.35,1074.7899999999972,5.2059135232950675,Watch
P0260,100,Labor,General Labor,hour,14634,32.71,478620.44,15038,32.02,481476.44,2856.0,0.5967150086611428,On Budget
P0260,101,Labor,Equipment Operators,hour,15648,45.32,709186.92,15620,45.59,712106.95,2920.0299999999115,0.4117433525141596,On Budget
P0260,102,Labor,Supervisors,hour,12833,55.81,716197.56,14440,56.33,813404.87,97207.30999999994,13.572694941881668,Over Budget
P0260,103,Labor,Skilled Labor,hour,14214,46.49,660762.21,15020,47.88,719201.49,58439.28000000003,8.844222492687653,Watch
P0260,200,Materials,Gravel,ton,5886,32.76,192837.83,5794,32.89,190588.66,-2249.1699999999837,-1.1663530957592625,On Budget
P0260,201,Materials,Concrete,cubic_yard,9856,139.92,1379003.86,10630,159.84,1699071.99,320068.1299999999,23.2100967433115,Over Budget
P0260,202,Materials,Asphalt,ton,4662,96.82,451353.24,4982,90.86,452646.66,1293.4199999999837,0.2865649086733007,On Budget
P0260,203,Materials,Topsoil,cubic_yard,14175,37.5,531630.4,12964,39.4,510764.55,-20865.850000000035,-3.924879013690721,On Budget
P0260,300,Equipment,Excavator,hour,5873,129.57,760975.37,6254,130.29,814823.0,53847.630000000005,7.076133094820139,Watch
P0260,301,Equipment,Bulldozer,hour,3434,148.7,510643.22,3409,156.64,533970.32,23327.099999999977,4.5681797165543445,On Budget
P0260,302,Equipment,Loader,hour,2974,114.18,339578.06,2889,112.73,325676.38,-13901.679999999993,-4.09380982976344,On Budget
P0260,303,Equipment,Compactor,hour,7709,101.09,779331.04,7680,105.45,809866.2,30535.159999999916,3.9181244468332626,On Budget
P0260,400,Fuel,Diesel,gallon,8490,4.05,34361.94,8391,4.09,34281.89,-80.05000000000291,-0.23296123559962828,On Budget
P0260,500,Subcontractor,Concrete Work,job,3,29214.33,87643.0,3,29129.19,87387.57,-255.42999999999302,-0.2914436977282761,On Budget
P0260,501,Subcontractor,Utility Work,job,3,22632.19,67896.58,3,23572.23,70716.68,2820.0999999999913,4.153522902037174,On Budget
P0261,100,Labor,General Labor,hour,11323,30.92,350147.07,11403,33.02,376501.0,26353.929999999993,7.526531637120365,Watch
P0261,101,Labor,Equipment Operators,hour,3816,42.32,161491.2,3649,42.84,156315.53,-5175.670000000013,-3.2049238596282725,On Budget
P0261,102,Labor,Supervisors,hour,5396,59.0,318360.66,6646,65.77,437125.23,118764.57,37.30503951084911,Over Budget
P0261,103,Labor,Skilled Labor,hour,2071,46.81,96941.93,2051,49.16,100830.46,3888.5300000000134,4.011195155697863,On Budget
P0261,200,Materials,Gravel,ton,2796,36.26,101373.53,2814,36.54,102812.32,1438.7900000000081,1.4192955498343682,On Budget
P0261,201,Materials,Concrete,cubic_yard,7630,143.13,1092085.51,7736,149.31,1155068.7,62983.189999999944,5.767239783265684,Watch
P0261,202,Materials,Asphalt,ton,10725,94.37,1012077.09,12381,100.18,1240337.2,228260.11,22.553628795213612,Over Budget
P0261,203,Materials,Topsoil,cubic_yard,2919,36.72,107187.02,3048,37.58,114555.25,7368.229999999996,6.874181220823189,Watch
P0261,300,Equipment,Excavator,hour,5220,128.65,671532.79,5455,124.58,679573.07,8040.2799999999115,1.197302666337397,On Budget
P0261,301,Equipment,Bulldozer,hour,1376,151.66,208682.47,1441,153.68,221447.0,12764.529999999999,6.116723651967508,Watch
P0261,302,Equipment,Loader,hour,6051,123.57,747697.05,6526,129.74,846682.88,98985.82999999996,13.23876160806037,Over Budget
P0261,303,Equipment,Compactor,hour,4546,88.64,402979.11,4306,85.26,367144.84,-35834.26999999996,-8.892339357243594,Under Budget
P0261,400,Fuel,Diesel,gallon,18300,4.03,73691.33,17676,4.15,73438.05,-253.27999999999884,-0.3437039336920623,On Budget
P0261,500,Subcontractor,Concrete Work,job,1,29471.22,29471.22,1,30405.47,30405.47,934.25,3.1700418238539156,On Budget
P0261,501,Subcontractor,Utility Work,job,6,20409.93,122459.56,6,20478.03,122868.18,408.61999999999534,0.33367750137269425,On Budget
P0262,100,Labor,General Labor,hour,12585,33.53,421984.64,12756,35.52,453060.48,31075.839999999967,7.364211171288122,Watch
P0262,101,Labor,Equipment Operators,hour,15771,40.19,633840.87,17101,41.15,703630.51,69789.64000000001,11.010593242433234,Over Budget
P0262,102,Labor,Supervisors,hour,4918,59.25,291373.83,6527,64.3,419712.92,128339.08999999997,44.04619659905626,Over Budget
P0262,103,Labor,Skilled Labor,hour,5143,45.37,233330.25,5351,47.91,256356.71,23026.459999999992,9.868613263818125,Watch
P0262,200,Materials,Gravel,ton,21802,35.86,781886.97,27991,38.75,1084616.34,302729.3700000001,38.717791907953156,Over Budget
P0262,201,Materials,Concrete,cubic_yard,10909,135.58,1479058.73,10312,141.48,1458893.73,-20165.0,-1.3633670922587369,On Budget
P0262,202,Materials,Asphalt,ton,15343,98.23,1507097.38,20056,109.44,2194885.93,687788.5500000003,45.63663630017062,Over Budget
P0262,203,Materials,Topsoil,cubic_yard,1540,39.76,61236.89,1530,40.16,61442.54,205.65000000000146,0.33582698272234507,On Budget
P0262,300,Equipment,Excavator,hour,6481,134.96,874686.34,6741,135.89,916018.61,41332.27000000002,4.725381900899473,On Budget
P0262,301,Equipment,Bulldozer,hour,10329,156.01,1611389.84,11608,157.7,1830547.27,219157.42999999993,13.60052201892994,Over Budget
P0262,302,Equipment,Loader,hour,5616,111.39,625549.86,6195,118.45,733802.57,108252.70999999996,17.305208892541348,Over Budget
P0262,303,Equipment,Compactor,hour,2845,99.49,283062.18,3294,108.73,358156.75,75094.57,26.52935478699415,Over Budget
P0262,400,Fuel,Diesel,gallon,30233,3.7,111743.67,37166,4.06,150900.83,39157.15999999999,35.041949132331155,Over Budget
P0262,500,Subcontractor,Concrete Work,job,10,26058.49,260584.89,10,25159.28,251592.81,-8992.080000000016,-3.450729625957981,On Budget
P0262,501,Subcontractor,Utility Work,job,2,22539.04,45078.08,2,23484.08,46968.17,1890.0899999999965,4.192924809574845,On Budget
P0263,100,Labor,General Labor,hour,6634,33.16,219967.27,6619,34.05,225404.81,5437.540000000008,2.471976853647367,On Budget
P0263,101,Labor,Equipment Operators,hour,10649,39.44,420021.12,10514,40.42,425024.64,5003.520000000019,1.1912543826367634,On Budget
P0263,102,Labor,Supervisors,hour,7755,54.08,419361.68,7878,54.78,431561.75,12200.070000000007,2.9092000012972115,On Budget
P0263,103,Labor,Skilled Labor,hour,16271,46.93,763527.05,16499,50.82,838551.33,75024.27999999991,9.826014677541536,Watch
P0263,200,Materials,Gravel,ton,18916,33.42,632181.82,19667,31.25,614542.09,-17639.72999999998,-2.7902937797230525,On Budget
P0263,201,Materials,Concrete,cubic_yard,3115,155.34,483874.58,2926,155.49,454953.09,-28921.48999999999,-5.977063312563349,Under Budget
P0263,202,Materials,Asphalt,ton,6372,99.32,632886.6,6454,104.43,673982.63,41096.03000000003,6.493427100526386,Watch
P0263,203,Materials,Topsoil,cubic_yard,14325,37.75,540839.19,12324,39.57,487665.6,-53173.58999999997,-9.831682130875164,Under Budget
P0263,300,Equipment,Excavator,hour,9815,134.92,1324212.26,9862,148.8,1467490.81,143278.55000000005,10.819908131646512,Over Budget
P0263,301,Equipment,Bulldozer,hour,4953,151.08,748293.67,5726,165.2,945917.05,197623.38,26.409869269641156,Over Budget
P0263,302,Equipment,Loader,hour,2493,128.17,319535.12,2229,132.81,296029.28,-23505.839999999967,-7.356261809343513,Under Budget
P0263,303,Equipment,Compactor,hour,1500,88.2,132304.71,1553,85.94,133466.08,1161.3699999999953,0.8777994373745238,On Budget
P0263,400,Fuel,Diesel,gallon,66299,3.66,242730.77,76440,3.74,285638.45,42907.68000000002,17.677066652901082,Over Budget
P0263,500,Subcontractor,Concrete Work,job,8,26347.41,210779.24,8,26343.4,210747.18,-32.05999999999767,-0.015210226585880884,On Budget
P0263,501,Subcontractor,Utility Work,job,9,20706.56,186359.0,9,20930.1,188370.91,2011.9100000000035,1.0795883214655604,On Budget
P0264,100,Labor,General Labor,hour,2411,30.4,73299.31,2718,30.35,82490.08,9190.770000000004,12.538685561978694,Over Budget
P0264,101,Labor,Equipment Operators,hour,2287,42.96,98241.84,2221,45.58,101224.16,2982.320000000007,3.035692328238159,On Budget
P0264,102,Labor,Supervisors,hour,8359,59.06,493677.94,7603,64.17,487875.78,-5802.159999999974,-1.175292539909718,On Budget
P0264,103,Labor,Skilled Labor,hour,1354,51.43,69642.6,1352,51.54,69676.55,33.94999999999709,0.04874889794464464,On Budget
P0264,200,Materials,Gravel,ton,5455,34.01,185521.58,5303,34.03,180477.62,-5043.959999999992,-2.718799613500485,On Budget
P0264,201,Materials,Concrete,cubic_yard,1477,144.64,213631.31,1665,152.88,254539.41,40908.100000000006,19.148925314365208,Over Budget
P0264,202,Materials,Asphalt,ton,7884,89.0,701677.72,8321,96.11,799734.23,98056.51000000001,13.974579383823105,Over Budget
P0264,203,Materials,Topsoil,cubic_yard,8494,38.62,328053.97,8854,36.98,327409.09,-644.8799999999464,-0.1965774107229815,On Budget
P0264,300,Equipment,Excavator,hour,2497,145.57,363493.7,2594,142.55,369764.64,6270.940000000002,1.7251853333359015,On Budget
P0264,301,Equipment,Bulldozer,hour,1133,158.45,179525.04,1171,153.72,180007.89,482.8500000000058,0.2689596949818286,On Budget
P0264,302,Equipment,Loader,hour,2683,123.12,330318.09,2590,126.74,328258.63,-2059.460000000021,-0.6234778119478774,On Budget
P0264,303,Equipment,Compactor,hour,3551,88.61,314649.36,4630,97.9,453267.81,138618.45,44.05489653625865,Over Budget
P0264,400,Fuel,Diesel,gallon,25390,3.78,95917.64,30879,4.2,129580.65,33663.009999999995,35.095744640923186,Over Budget
P0264,500,Subcontractor,Concrete Work,job,2,28841.36,57682.73,2,29271.09,58542.18,859.4499999999971,1.4899606866734585,On Budget
P0264,501,Subcontractor,Utility Work,job,4,23330.76,93323.06,4,21999.97,87999.86,-5323.199999999997,-5.704056425067928,Under Budget
P0265,100,Labor,General Labor,hour,10829,30.52,330480.35,10460,31.26,326974.28,-3506.069999999949,-1.0609012003285365,On Budget
P0265,101,Labor,Equipment Operators,hour,8810,39.09,344371.76,11699,42.96,502567.89,158196.13,45.93760243290565,Over Budget
P0265,102,Labor,Supervisors,hour,8625,53.06,457672.28,9068,52.63,477225.83,19553.54999999999,4.2723911529009335,On Budget
P0265,103,Labor,Skilled Labor,hour,12317,50.73,624879.91,13989,55.03,769817.83,144937.91999999993,23.194523888598038,Over Budget
P0265,200,Materials,Gravel,ton,2133,31.82,67875.05,2145,34.24,73453.46,5578.4100000000035,8.218645879450554,Watch
P0265,201,Materials,Concrete,cubic_yard,1867,145.37,271413.36,1596,153.22,244537.52,-26875.839999999997,-9.90218020218312,Under Budget
P0265,202,Materials,Asphalt,ton,8452,95.34,805841.99,8048,99.38,799841.17,-6000.819999999949,-0.744664596095315,On Budget
P0265,203,Materials,Topsoil,cubic_yard,5992,35.39,212075.11,6139,36.46,223837.4,11762.290000000008,5.546284993085709,Watch
P0265,300,Equipment,Excavator,hour,1380,130.0,179401.76,1637,142.84,233834.56,54432.79999999999,30.341285392071953,Over Budget
P0265,301,Equipment,Bulldozer,hour,2717,147.66,401187.51,3113,157.2,489376.38,88188.87,21.981958012601137,Over Budget
P0265,302,Equipment,Loader,hour,6216,113.92,708117.12,5745,118.62,681475.57,-26641.550000000047,-3.7623084158733584,On Budget
P0265,303,Equipment,Compactor,hour,2216,93.33,206827.66,2254,91.27,205723.82,-1103.8399999999965,-0.5337003764390104,On Budget
P0265,400,Fuel,Diesel,gallon,24242,3.86,93515.18,26471,3.87,102509.28,8994.100000000006,9.617796811170129,Watch
P0265,500,Subcontractor,Concrete Work,job,3,28667.68,86003.05,3,29589.33,88767.98,2764.929999999993,3.214920866178575,On Budget
P0265,501,Subcontractor,Utility Work,job,7,23642.63,165498.44,7,24013.09,168091.66,2593.220000000001,1.566915071827868,On Budget
P0266,100,Labor,General Labor,hour,23273,34.23,796583.54,24590,36.48,897064.04,100480.5,12.613931239402712,Over Budget
P0266,101,Labor,Equipment Operators,hour,6269,42.24,264794.16,6379,41.03,261734.86,-3059.2999999999884,-1.1553502539481946,On Budget
P0266,102,Labor,Supervisors,hour,12704,58.51,743296.89,16487,65.05,1072544.19,329247.29999999993,44.29553041719305,Over Budget
P0266,103,Labor,Skilled Labor,hour,22260,47.67,1061114.73,22010,50.55,1112712.53,51597.80000000005,4.862603311519392,On Budget
P0266,200,Materials,Gravel,ton,17048,35.09,598163.88,19129,35.49,678818.27,80654.39000000001,13.483661032825989,Over Budget
P0266,201,Materials,Concrete,cubic_yard,1623,144.13,233926.42,1682,148.61,249968.21,16041.789999999979,6.857622153153961,Watch
P0266,202,Materials,Asphalt,ton,6027,89.33,538362.72,6446,95.57,616046.7,77683.97999999998,14.429672990730113,Over Budget
P0266,203,Materials,Topsoil,cubic_yard,23873,40.24,960687.57,25696,38.34,985307.54,24619.97000000009,2.5627447225116162,On Budget
P0266,300,Equipment,Excavator,hour,9879,134.47,1328403.63,9765,144.48,1410838.66,82435.03000000003,6.205570967914325,Watch
P0266,301,Equipment,Bulldozer,hour,4894,145.15,710371.9,5176,155.56,805168.51,94796.60999999999,13.34464524849589,Over Budget
P0266,302,Equipment,Loader,hour,1645,115.44,189893.79,1632,110.2,179845.42,-10048.369999999995,-5.291573779216263,Under Budget
P0266,303,Equipment,Compactor,hour,3077,92.71,285280.76,3092,97.76,302277.77,16997.01000000001,5.957993802316009,Watch
P0266,400,Fuel,Diesel,gallon,67762,3.63,245639.46,66549,3.64,242212.41,-3427.0499999999884,-1.3951545081559733,On Budget
P0266,500,Subcontractor,Concrete Work,job,8,28804.8,230438.39,9,32749.99,294749.89,64311.5,27.908327253978815,Over Budget
P0266,501,Subcontractor,Utility Work,job,7,21869.59,153087.13,7,22039.51,154276.56,1189.429999999993,0.7769627662364518,On Budget
P0267,100,Labor,General Labor,hour,22082,30.68,677419.99,23986,31.42,753594.05,76174.06000000006,11.24473164720162,Over Budget
P0267,101,Labor,Equipment Operators,hour,8444,44.0,371560.03,8891,45.38,403484.31,31924.27999999997,8.59195753644437,Watch
P0267,102,Labor,Supervisors,hour,5615,56.87,319318.2,5458,57.74,315160.13,-4158.070000000007,-1.3021713137553723,On Budget
P0267,103,Labor,Skilled Labor,hour,14925,44.56,665034.79,16027,44.45,712400.3,47365.51000000001,7.122260476027127,Watch
P0267,200,Materials,Gravel,ton,1630,34.16,55683.94,1777,35.51,63095.66,7411.720000000001,13.31033687630581,Over Budget
P0267,201,Materials,Concrete,cubic_yard,17332,151.06,2618091.99,17608,164.79,2901590.08,283498.08999999985,10.828423565055857,Over Budget
P0267,202,Materials,Asphalt,ton,1935,97.74,189133.63,2043,98.7,201648.14,12514.51000000001,6.616755571180022,Watch
P0267,203,Materials,Topsoil,cubic_yard,17245,37.4,644909.05,19152,36.22,693626.01,48716.95999999996,7.554082238417953,Watch
P0267,300,Equipment,Excavator,hour,6654,135.53,901817.05,7617,140.98,1073841.96,172024.90999999992,19.075366783096406,Over Budget
P0267,301,Equipment,Bulldozer,hour,10300,167.23,1722499.6,10738,169.39,1818921.57,96421.96999999997,5.597793462477435,Watch
P0267,302,Equipment,Loader,hour,1220,116.73,142416.09,1432,126.65,181369.44,38953.350000000006,27.351790096189276,Over Budget
P0267,303,Equipment,Compactor,hour,9077,90.36,820193.14,9593,91.86,881194.19,61001.04999999993,7.437400659069146,Watch
P0267,400,Fuel,Diesel,gallon,37432,3.91,146460.21,35950,4.08,146582.78,122.57000000000698,0.08368825908416148,On Budget
P0267,500,Subcontractor,Concrete Work,job,6,26066.35,156398.08,7,27291.6,191041.22,34643.140000000014,22.15061719427759,Over Budget
P0267,501,Subcontractor,Utility Work,job,4,21201.22,84804.89,4,21344.18,85376.73,571.8399999999965,0.6743007390257761,On Budget
P0268,100,Labor,General Labor,hour,6461,31.33,202416.14,6813,32.69,222698.15,20282.00999999998,10.019956906598445,Over Budget
P0268,101,Labor,Equipment Operators,hour,9101,40.83,371593.09,9712,38.79,376760.88,5167.789999999979,1.3907120824017418,On Budget
P0268,102,Labor,Supervisors,hour,14078,53.1,747592.08,15174,55.09,835901.24,88309.16000000003,11.812479340337585,Over Budget
P0268,103,Labor,Skilled Labor,hour,4891,46.31,226515.06,5043,45.87,231340.34,4825.279999999999,2.130224807127614,On Budget
P0268,200,Materials,Gravel,ton,12872,36.29,467179.98,15754,39.04,615078.99,147899.01,31.657822751736926,Over Budget
P0268,201,Materials,Concrete,cubic_yard,8599,148.08,1273360.6,10271,155.32,1595241.78,321881.17999999993,25.278085406443385,Over Budget
P0268,202,Materials,Asphalt,ton,6352,86.81,551441.31,6765,86.36,584242.57,32801.25999999989,5.948277614529802,Watch
P0268,203,Materials,Topsoil,cubic_yard,8274,36.76,304159.33,8135,36.69,298473.93,-5685.400000000023,-1.8692176892946282,On Budget
P0268,300,Equipment,Excavator,hour,6453,144.61,933154.87,7463,152.74,1139930.47,206775.59999999998,22.15876556481991,Over Budget
P0268,301,Equipment,Bulldozer,hour,3082,159.7,492187.39,3091,150.12,464034.61,-28152.780000000028,-5.719931183121133,Under Budget
P0268,302,Equipment,Loader,hour,5565,116.65,649172.26,5801,117.79,683276.47,34104.20999999996,5.2534915771046595,Watch
P0268,303,Equipment,Compactor,hour,1763,100.76,177647.74,1783,105.5,188101.91,10454.170000000013,5.8847751173192595,Watch
P0268,400,Fuel,Diesel,gallon,13050,3.88,50636.64,12401,4.23,52503.69,1867.050000000003,3.687152228109928,On Budget
P0268,500,Subcontractor,Concrete Work,job,1,28567.71,28567.71,1,29716.81,29716.81,1149.1000000000022,4.022373511912583,On Budget
P0268,501,Subcontractor,Utility Work,job,1,20613.26,20613.26,1,21182.21,21182.21,568.9500000000007,2.760116546339593,On Budget
P0269,100,Labor,General Labor,hour,16915,32.46,549024.27,17589,31.95,562022.45,12998.179999999935,2.3675055385074204,On Budget
P0269,101,Labor,Equipment Operators,hour,19238,39.73,764294.08,20754,39.64,822746.08,58452.0,7.647841521944014,Watch
P0269,102,Labor,Supervisors,hour,14608,58.75,858224.87,14772,59.86,884289.32,26064.449999999953,3.0370187244748514,On Budget
P0269,103,Labor,Skilled Labor,hour,16337,47.3,772691.27,17447,48.01,837650.06,64958.79000000004,8.406823335793613,Watch
P0269,200,Materials,Gravel,ton,14314,31.94,457199.96,15073,32.45,489161.57,31961.609999999986,6.990728958069021,Watch
P0269,201,Materials,Concrete,cubic_yard,5687,142.1,808136.91,5832,135.97,792974.42,-15162.48999999999,-1.8762278782687936,On Budget
P0269,202,Materials,Asphalt,ton,14743,94.12,1387599.45,16851,100.31,1690388.42,302788.97,21.82106442893156,Over Budget
P0269,203,Materials,Topsoil,cubic_yard,11379,39.98,454959.35,12164,42.04,511389.92,56430.57000000001,12.403431207645257,Over Budget
P0269,300,Equipment,Excavator,hour,7367,135.13,995494.72,8173,134.2,1096844.15,101349.42999999993,10.1808104014856,Over Budget
P0269,301,Equipment,Bulldozer,hour,5200,150.99,785164.41,6191,157.36,974222.58,189058.16999999993,24.078800260444805,Over Budget
P0269,302,Equipment,Loader,hour,1734,127.98,221916.28,1815,126.74,230024.23,8107.950000000012,3.6536075676827364,On Budget
P0269,303,Equipment,Compactor,hour,6796,102.04,693433.64,6881,103.81,714299.42,20865.780000000028,3.0090521711637797,On Budget
P0269,400,Fuel,Diesel,gallon,59955,3.92,235158.08,62380,4.03,251196.03,16037.950000000012,6.820071842736603,Watch
P0269,500,Subcontractor,Concrete Work,job,11,27679.37,304473.09,12,28937.95,347255.44,42782.34999999998,14.05127461346419,Over Budget
P0269,501,Subcontractor,Utility Work,job,6,20670.92,124025.51,6,20823.7,124942.18,916.6699999999983,0.7390979484785012,On Budget
P0270,100,Labor,General Labor,hour,1793,30.45,54590.16,1700,33.89,57608.88,3018.719999999994,5.52978778593064,Watch
P0270,101,Labor,Equipment Operators,hour,2190,41.17,90156.72,2533,45.05,114103.5,23946.78,26.561281288849013,Over Budget
P0270,102,Labor,Supervisors,hour,3517,56.5,198718.45,4036,56.97,229933.05,31214.599999999977,15.707952633487215,Over Budget
P0270,103,Labor,Skilled Labor,hour,3096,47.04,145625.55,3223,44.22,142505.34,-3120.209999999992,-2.142625384075797,On Budget
P0270,200,Materials,Gravel,ton,3543,36.38,128907.81,3382,36.12,122165.38,-6742.429999999993,-5.230427853828246,Under Budget
P0270,201,Materials,Concrete,cubic_yard,363,149.84,54392.2,349,168.13,58678.85,4286.6500000000015,7.881001320042215,Watch
P0270,202,Materials,Asphalt,ton,1817,93.05,169070.3,2010,92.51,185951.51,16881.21000000002,9.984728246179266,Watch
P0270,203,Materials,Topsoil,cubic_yard,3497,36.82,128767.32,3858,38.21,147425.39,18658.070000000007,14.489755630543529,Over Budget
P0270,300,Equipment,Excavator,hour,1385,125.54,173867.55,1785,138.8,247761.19,73893.64000000001,42.49996045840642,Over Budget
P0270,301,Equipment,Bulldozer,hour,812,156.87,127377.74,834,154.13,128547.95,1170.2099999999919,0.9186927009381637,On Budget
P0270,302,Equipment,Loader,hour,1531,117.36,179676.08,1592,121.37,193224.45,13548.370000000024,7.540441665913473,Watch
P0270,303,Equipment,Compactor,hour,1223,98.3,120225.35,1222,106.89,130623.16,10397.809999999998,8.648600315989928,Watch
P0270,400,Fuel,Diesel,gallon,2963,3.73,11060.27,2991,3.47,10380.39,-679.880000000001,-6.147047043155375,Under Budget
P0270,500,Subcontractor,Concrete Work,job,2,30058.39,60116.79,2,27718.19,55436.39,-4680.4000000000015,-7.78551216723315,Under Budget
P0270,501,Subcontractor,Utility Work,job,1,23086.38,23086.38,1,23675.38,23675.38,589.0,2.551287815586506,On Budget
P0271,100,Labor,General Labor,hour,3697,32.5,120140.86,3989,30.88,123198.44,3057.5800000000017,2.544995932274833,On Budget
P0271,101,Labor,Equipment Operators,hour,4915,43.76,215084.71,4843,47.0,227624.21,12539.5,5.830028550146591,Watch
P0271,102,Labor,Supervisors,hour,1425,52.22,74418.49,1457,58.59,85359.26,10940.76999999999,14.701682337279337,Over Budget
P0271,103,Labor,Skilled Labor,hour,4269,45.22,193027.09,3975,44.3,176095.51,-16931.579999999987,-8.771608171682011,Under Budget
P0271,200,Materials,Gravel,ton,5602,34.44,192949.3,5450,33.92,184883.57,-8065.729999999981,-4.180232838367375,On Budget
P0271,201,Materials,Concrete,cubic_yard,1556,149.36,232405.91,1737,147.99,257062.63,24656.72,10.609334332332597,Over Budget
P0271,202,Materials,Asphalt,ton,6282,87.02,546677.26,7469,97.77,730242.48,183565.21999999997,33.578352975574646,Over Budget
P0271,203,Materials,Topsoil,cubic_yard,1362,38.51,52454.52,1358,39.0,52962.49,507.97000000000116,0.9684008165549913,On Budget
P0271,300,Equipment,Excavator,hour,1367,128.23,175296.65,1561,132.16,206302.94,31006.290000000008,17.687896488609457,Over Budget
P0271,301,Equipment,Bulldozer,hour,363,156.94,56970.08,392,163.66,64154.6,7184.519999999997,12.611040742789895,Over Budget
P0271,302,Equipment,Loader,hour,2632,117.5,309263.52,2863,121.51,347895.4,38631.880000000005,12.49157352926721,Over Budget
P0271,303,Equipment,Compactor,hour,1284,94.32,121109.71,1296,93.77,121521.63,411.91999999999825,0.3401213659912143,On Budget
P0271,400,Fuel,Diesel,gallon,8552,3.55,30380.71,8075,3.56,28761.04,-1619.6699999999983,-5.3312447273286185,Under Budget
P0271,500,Subcontractor,Concrete Work,job,2,27769.96,55539.93,2,29212.55,58425.1,2885.1699999999983,5.194767080188971,Watch
P0271,501,Subcontractor,Utility Work,job,2,21152.07,42304.13,2,20322.14,40644.29,-1659.8399999999965,-3.9235885479739134,On Budget
P0272,100,Labor,General Labor,hour,3854,31.9,122951.46,3833,33.17,127138.11,4186.649999999994,3.405124266112817,On Budget
P0272,101,Labor,Equipment Operators,hour,5070,44.69,226571.74,5257,46.36,243695.6,17123.860000000015,7.5578092837173845,Watch
P0272,102,Labor,Supervisors,hour,4800,56.68,272073.55,4894,57.48,281284.14,9210.590000000026,3.3853309151146904,On Budget
P0272,103,Labor,Skilled Labor,hour,1435,46.65,66941.24,1484,46.77,69406.88,2465.6399999999994,3.6832900017985915,On Budget
P0272,200,Materials,Gravel,ton,970,31.32,30380.66,956,31.26,29883.0,-497.65999999999985,-1.638081595330713,On Budget
P0272,201,Materials,Concrete,cubic_yard,264,141.05,37237.68,330,155.24,51227.92,13990.239999999998,37.57011715015543,Over Budget
P0272,202,Materials,Asphalt,ton,370,88.17,32624.28,324,85.11,27576.99,-5047.289999999997,-15.470962117784662,Under Budget
P0272,203,Materials,Topsoil,cubic_yard,3608,39.31,141817.79,3571,41.08,146679.57,4861.779999999999,3.4281876765954387,On Budget
P0272,300,Equipment,Excavator,hour,266,132.41,35222.05,274,130.97,35886.97,664.9199999999983,1.8877947195009892,On Budget
P0272,301,Equipment,Bulldozer,hour,1825,154.54,282033.49,1805,156.33,282171.23,137.7399999999907,0.04883817166535459,On Budget
P0272,302,Equipment,Loader,hour,821,111.25,91337.94,851,117.01,99571.62,8233.679999999993,9.014523428051906,Watch
P0272,303,Equipment,Compactor,hour,1716,94.58,162293.38,1855,99.07,183776.07,21482.690000000002,13.236947804032425,Over Budget
P0272,400,Fuel,Diesel,gallon,15643,4.13,64662.31,15178,3.87,58813.4,-5848.909999999996,-9.045315578735119,Under Budget
P0272,500,Subcontractor,Concrete Work,job,1,28563.94,28563.94,1,30478.11,30478.11,1914.170000000002,6.701351424208292,Watch
P0272,501,Subcontractor,Utility Work,job,1,23584.37,23584.37,1,22063.66,22063.66,-1520.7099999999991,-6.447956845995882,Under Budget
P0273,100,Labor,General Labor,hour,19450,31.7,616478.82,20789,31.69,658898.39,42419.570000000065,6.8809452366911925,Watch
P0273,101,Labor,Equipment Operators,hour,13260,42.35,561601.33,13451,41.98,564680.7,3079.3699999999953,0.548319570397028,On Budget
P0273,102,Labor,Supervisors,hour,9513,52.48,499232.06,9653,55.6,536664.48,37432.419999999984,7.498000028283437,Watch
P0273,103,Labor,Skilled Labor,hour,5143,44.26,227642.8,5280,44.33,234088.29,6445.49000000002,2.8314051663395547,On Budget
P0273,200,Materials,Gravel,ton,14334,36.17,518464.09,15462,36.39,562625.8,44161.71000000002,8.517795321176443,Watch
P0273,201,Materials,Concrete,cubic_yard,11277,134.79,1519976.99,13096,145.5,1905474.12,385497.1300000001,25.362037223997717,Over Budget
P0273,202,Materials,Asphalt,ton,20431,86.39,1765026.66,19370,90.52,1753330.26,-11696.399999999907,-0.6626755428158749,On Budget
P0273,203,Materials,Topsoil,cubic_yard,22665,38.43,870965.12,22565,40.54,914847.91,43882.79000000004,5.03840957488631,Watch
P0273,300,Equipment,Excavator,hour,6449,133.52,861054.71,7110,138.46,984421.23,123366.52000000002,14.327372995845995,Over Budget
P0273,301,Equipment,Bulldozer,hour,596,159.66,95155.73,632,158.97,100469.63,5313.900000000009,5.5844246058540135,Watch
P0273,302,Equipment,Loader,hour,1461,114.79,167702.98,1335,113.42,151410.44,-16292.540000000008,-9.715116570975667,Under Budget
P0273,303,Equipment,Compactor,hour,8509,98.03,834140.86,7963,98.8,786778.9,-47361.95999999996,-5.67793310113114,Under Budget
P0273,400,Fuel,Diesel,gallon,63946,3.79,242104.24,69875,3.96,276664.55,34560.31,14.274970979442573,Over Budget
P0273,500,Subcontractor,Concrete Work,job,10,25874.26,258742.59,10,27185.81,271858.15,13115.560000000027,5.068960622215317,Watch
P0273,501,Subcontractor,Utility Work,job,4,23260.27,93041.07,4,23221.03,92884.13,-156.94000000000233,-0.1686781977034468,On Budget
P0274,100,Labor,General Labor,hour,11060,34.56,382223.53,12491,34.24,427629.42,45405.889999999956,11.87940731958599,Over Budget
P0274,101,Labor,Equipment Operators,hour,14255,42.09,600024.91,13962,41.32,576960.37,-23064.540000000037,-3.843930412822367,On Budget
P0274,102,Labor,Supervisors,hour,14719,53.95,794057.74,15888,55.56,882803.27,88745.53000000003,11.176206153471917,Over Budget
P0274,103,Labor,Skilled Labor,hour,7998,46.23,369734.45,8225,50.51,415458.25,45723.79999999999,12.366659368636054,Over Budget
P0274,200,Materials,Gravel,ton,469,31.71,14870.15,516,31.74,16379.34,1509.1900000000005,10.149124252277216,Over Budget
P0274,201,Materials,Concrete,cubic_yard,11193,146.89,1644152.84,11005,150.86,1660227.41,16074.569999999832,0.977681004401016,On Budget
P0274,202,Materials,Asphalt,ton,11118,99.13,1102085.78,11939,101.93,1216948.64,114862.85999999987,10.422315765656633,Over Budget
P0274,203,Materials,Topsoil,cubic_yard,2284,37.72,86162.85,2362,38.98,92073.39,5910.539999999994,6.859731311116094,Watch
P0274,300,Equipment,Excavator,hour,5684,126.99,721786.63,5862,133.02,779778.48,57991.84999999998,8.034486590587024,Watch
P0274,301,Equipment,Bulldozer,hour,5279,165.25,872331.2,4847,175.65,851352.49,-20978.709999999963,-2.4049019454995952,On Budget
P0274,302,Equipment,Loader,hour,3381,123.56,417768.71,3102,128.3,397975.54,-19793.170000000042,-4.737829695287625,On Budget
P0274,303,Equipment,Compactor,hour,1701,94.31,160416.07,1704,98.52,167877.58,7461.50999999998,4.651348209689952,On Budget
P0274,400,Fuel,Diesel,gallon,42116,3.7,156009.46,44630,3.74,167057.02,11047.559999999998,7.081339811060175,Watch
P0274,500,Subcontractor,Concrete Work,job,4,29439.27,117757.1,4,33719.35,134877.4,17120.29999999999,14.538656267859848,Over Budget
P0274,501,Subcontractor,Utility Work,job,3,20494.56,61483.67,3,21160.37,63481.1,1997.4300000000003,3.2487162851534404,On Budget
P0275,100,Labor,General Labor,hour,16285,29.78,484975.82,16142,30.68,495264.45,10288.630000000005,2.1214727777562197,On Budget
P0275,101,Labor,Equipment Operators,hour,26339,41.79,1100833.99,26349,43.86,1155784.06,54950.070000000065,4.991676356214262,On Budget
P0275,102,Labor,Supervisors,hour,16112,58.12,936383.16,15555,61.04,949411.75,13028.589999999967,1.3913738047147246,On Budget
P0275,103,Labor,Skilled Labor,hour,6759,45.93,310432.44,6670,48.94,326450.99,16018.549999999988,5.160076053907249,Watch
P0275,200,Materials,Gravel,ton,16132,35.66,575237.76,16575,36.11,598508.16,23270.400000000023,4.045353350934407,On Budget
P0275,201,Materials,Concrete,cubic_yard,5782,150.24,868665.4,6039,155.92,941580.99,72915.58999999997,8.393978855379755,Watch
P0275,202,Materials,Asphalt,ton,27016,88.34,2386465.85,27424,88.6,2429631.04,43165.189999999944,1.8087495364746136,On Budget
P0275,203,Materials,Topsoil,cubic_yard,13217,40.82,539574.03,13834,40.83,564832.56,25258.530000000028,4.681198240767819,On Budget
P0275,300,Equipment,Excavator,hour,2970,125.88,373862.78,3088,129.83,400926.07,27063.28999999998,7.2388297117996006,Watch
P0275,301,Equipment,Bulldozer,hour,2166,149.62,324087.07,2140,159.32,340938.64,16851.570000000007,5.19970451150674,Watch
P0275,302,Equipment,Loader,hour,2722,122.85,334392.84,2585,125.36,324064.9,-10327.940000000002,-3.088564934584126,On Budget
P0275,303,Equipment,Compactor,hour,11964,97.21,1162997.02,13240,102.09,1351648.64,188651.61999999988,16.221161082596744,Over Budget
P0275,400,Fuel,Diesel,gallon,80383,3.92,315472.72,98162,4.16,408366.47,92893.75,29.44588996474878,Over Budget
P0275,500,Subcontractor,Concrete Work,job,6,26067.17,156403.02,6,26368.67,158211.99,1808.9700000000012,1.1566081013013696,On Budget
P0275,501,Subcontractor,Utility Work,job,10,20931.51,209315.07,10,20393.77,203937.67,-5377.399999999994,-2.569045793023882,On Budget
P0276,100,Labor,General Labor,hour,4061,32.3,131182.97,3711,31.67,117533.85,-13649.119999999995,-10.404643224650268,Under Budget
P0276,101,Labor,Equipment Operators,hour,2556,39.05,99820.04,2817,42.39,119400.8,19580.76000000001,19.616061063489866,Over Budget
P0276,102,Labor,Supervisors,hour,3498,52.3,182949.26,3833,59.05,226339.43,43390.169999999984,23.717051383536607,Over Budget
P0276,103,Labor,Skilled Labor,hour,3464,46.17,159925.34,3197,45.85,146567.91,-13357.429999999993,-8.352291137852195,Under Budget
P0276,200,Materials,Gravel,ton,1611,33.18,53448.23,1621,35.09,56888.76,3440.529999999999,6.437126168630838,Watch
P0276,201,Materials,Concrete,cubic_yard,1306,138.01,180235.06,1387,142.41,197519.28,17284.22,9.589821203488379,Watch
P0276,202,Materials,Asphalt,ton,3033,91.76,278306.6,4043,104.63,423009.32,144702.72000000003,51.99399511186586,Over Budget
P0276,203,Materials,Topsoil,cubic_yard,1799,35.14,63210.62,1858,37.86,70346.39,7135.769999999997,11.288878356200266,Over Budget
P0276,300,Equipment,Excavator,hour,981,142.58,139875.36,977,145.14,141802.46,1927.1000000000058,1.3777265702837196,On Budget
P0276,301,Equipment,Bulldozer,hour,454,165.93,75333.41,461,178.55,82310.4,6976.989999999991,9.26148172504071,Watch
P0276,302,Equipment,Loader,hour,1935,120.75,233647.09,2573,128.58,330834.14,97187.05000000002,41.59566036110273,Over Budget
P0276,303,Equipment,Compactor,hour,1087,94.65,102879.6,1262,106.59,134522.8,31643.199999999983,30.75750683323028,Over Budget
P0276,400,Fuel,Diesel,gallon,6172,3.79,23418.61,6772,3.78,25600.32,2181.709999999999,9.316137892043972,Watch
P0276,500,Subcontractor,Concrete Work,job,2,26027.54,52055.07,2,24737.32,49474.65,-2580.4199999999983,-4.957096398103006,On Budget
P0276,501,Subcontractor,Utility Work,job,1,21414.55,21414.55,1,22036.07,22036.07,621.5200000000004,2.902325755152457,On Budget
P0277,100,Labor,General Labor,hour,4401,34.47,151696.91,4068,35.97,146336.09,-5360.820000000007,-3.5339019100652793,On Budget
P0277,101,Labor,Equipment Operators,hour,16085,40.54,652150.98,17351,41.82,725616.5,73465.52000000002,11.265109192966332,Over Budget
P0277,102,Labor,Supervisors,hour,15273,52.92,808277.2,15630,55.53,867988.48,59711.28000000003,7.387475484895532,Watch
P0277,103,Labor,Skilled Labor,hour,14182,48.54,688379.82,15132,46.23,699493.88,11114.060000000056,1.6145243769638769,On Budget
P0277,200,Materials,Gravel,ton,17376,35.09,609678.46,18339,37.86,694293.6,84615.14000000001,13.878650067447031,Over Budget
P0277,201,Materials,Concrete,cubic_yard,7144,154.64,1104758.65,6654,155.22,1032857.47,-71901.17999999993,-6.508315639800598,Under Budget
P0277,202,Materials,Asphalt,ton,5254,87.88,461738.14,5469,91.29,499275.53,37537.390000000014,8.129584010538963,Watch
P0277,203,Materials,Topsoil,cubic_yard,14633,37.69,551453.3,15583,39.43,614428.95,62975.64999999991,11.41994254091868,Over Budget
P0277,300,Equipment,Excavator,hour,6474,124.89,808560.61,6173,124.6,769171.99,-39388.619999999995,-4.871449278242728,On Budget
P0277,301,Equipment,Bulldozer,hour,6466,149.26,965111.59,6786,141.5,960195.57,-4916.020000000019,-0.5093732218053686,On Budget
P0277,302,Equipment,Loader,hour,7637,118.12,902087.57,7967,121.45,967620.81,65533.24000000011,7.264620662049485,Watch
P0277,303,Equipment,Compactor,hour,3228,89.0,287280.47,3244,95.95,311270.01,23989.540000000037,8.350564171661249,Watch
P0277,400,Fuel,Diesel,gallon,21879,3.56,77867.44,21328,3.7,78808.86,941.4199999999983,1.2090034037333168,On Budget
P0277,500,Subcontractor,Concrete Work,job,4,25850.64,103402.55,4,27398.86,109595.42,6192.869999999995,5.989088276836495,Watch
P0277,501,Subcontractor,Utility Work,job,1,21006.04,21006.04,1,23641.6,23641.6,2635.5599999999977,12.546677050981517,Over Budget
P0278,100,Labor,General Labor,hour,32050,34.25,1097578.46,35058,35.91,1258991.85,161413.39000000013,14.706319036180806,Over Budget
P0278,101,Labor,Equipment Operators,hour,16614,42.58,707397.01,17243,42.82,738332.0,30934.98999999999,4.373073332611342,On Budget
P0278,102,Labor,Supervisors,hour,22505,59.23,1333011.28,21766,61.9,1347223.13,14211.84999999986,1.0661462669693134,On Budget
P0278,103,Labor,Skilled Labor,hour,27462,44.77,1229439.8,30035,44.38,1333066.96,103627.15999999992,8.4288112358165,Watch
P0278,200,Materials,Gravel,ton,5190,33.75,175175.12,5055,34.26,173192.08,-1983.0400000000081,-1.1320329051294546,On Budget
P0278,201,Materials,Concrete,cubic_yard,31611,143.79,4545386.39,31231,151.09,4718819.31,173432.91999999993,3.8155814515914,On Budget
P0278,202,Materials,Asphalt,ton,16753,94.16,1577423.89,18295,93.95,1718855.42,141431.53000000003,8.965981236660491,Watch
P0278,203,Materials,Topsoil,cubic_yard,24588,35.12,863536.04,25868,36.86,953539.03,90002.98999999999,10.422609576318319,Over Budget
P0278,300,Equipment,Excavator,hour,7548,140.08,1057319.92,7776,147.41,1146222.87,88902.95000000019,8.408330186382964,Watch
P0278,301,Equipment,Bulldozer,hour,7363,164.0,1207535.18,9794,183.62,1798379.87,590844.6900000002,48.92981171778368,Over Budget
P0278,302,Equipment,Loader,hour,16349,115.21,1883563.28,17266,121.76,2102234.8,218671.5199999998,11.609459704480955,Over Budget
P0278,303,Equipment,Compactor,hour,4194,91.59,384124.1,4697,92.04,432304.32,48180.22000000003,12.542878720705113,Over Budget
P0278,400,Fuel,Diesel,gallon,56833,4.07,231392.15,59951,4.5,269492.91,38100.75999999998,16.465882701725178,Over Budget
P0278,500,Subcontractor,Concrete Work,job,11,29299.24,322291.64,11,32250.63,354756.92,32465.27999999997,10.073261596236243,Over Budget
P0278,501,Subcontractor,Utility Work,job,12,23203.34,278440.06,11,23894.53,262839.84,-15600.219999999972,-5.602721102703387,Under Budget
P0279,100,Labor,General Labor,hour,22691,29.83,676878.0,22424,31.76,712113.15,35235.15000000002,5.205539255227682,Watch
P0279,101,Labor,Equipment Operators,hour,5509,43.29,238494.3,5890,42.27,248987.64,10493.340000000026,4.399828423572398,On Budget
P0279,102,Labor,Supervisors,hour,32659,57.16,1866750.46,31256,58.98,1843352.26,-23398.199999999953,-1.2534187349282857,On Budget
P0279,103,Labor,Skilled Labor,hour,27933,48.8,1363157.93,26149,52.07,1361519.38,-1638.5500000000466,-0.12020250654302739,On Budget
P0279,200,Materials,Gravel,ton,25461,32.76,833988.56,26068,33.1,862841.99,28853.429999999935,3.4596913415694734,On Budget
P0279,201,Materials,Concrete,cubic_yard,31985,138.86,4441287.37,34615,135.91,4704477.1,263189.7299999995,5.925978394863458,Watch
P0279,202,Materials,Asphalt,ton,23705,87.36,2070853.14,23711,92.62,2196147.17,125294.03000000003,6.050358066434399,Watch
P0279,203,Materials,Topsoil,cubic_yard,24044,39.06,939171.49,24701,41.1,1015243.19,76071.69999999995,8.09987321910719,Watch
P0279,300,Equipment,Excavator,hour,6398,127.75,817345.4,6819,137.56,938015.3,120669.90000000002,14.763636034410913,Over Budget
P0279,301,Equipment,Bulldozer,hour,12390,162.24,2010099.91,12880,165.57,2132518.19,122418.28000000003,6.090158971252331,Watch
P0279,302,Equipment,Loader,hour,16274,118.36,1926263.69,15912,118.5,1885592.78,-40670.909999999916,-2.1113884984251516,On Budget
P0279,303,Equipment,Compactor,hour,13056,94.03,1227654.84,15091,102.79,1551276.43,323621.58999999985,26.360959078693476,Over Budget
P0279,400,Fuel,Diesel,gallon,125797,3.91,491783.44,130978,3.92,513434.08,21650.640000000014,4.402474389946928,On Budget
P0279,500,Subcontractor,Concrete Work,job,17,29744.78,505661.31,18,30097.56,541756.04,36094.73000000004,7.138123737408353,Watch
P0279,501,Subcontractor,Utility Work,job,3,22109.9,66329.71,3,23953.44,71860.31,5530.599999999991,8.338043389606241,Watch
P0280,100,Labor,General Labor,hour,12314,33.51,412620.91,12225,32.57,398189.94,-14430.969999999972,-3.4973918311604644,On Budget
P0280,101,Labor,Equipment Operators,hour,17463,40.58,708588.04,21427,44.09,944753.06,236165.02000000002,33.328959376734616,Over Budget
P0280,102,Labor,Supervisors,hour,9507,55.53,527930.08,10178,57.87,588999.22,61069.140000000014,11.567656838193425,Over Budget
P0280,103,Labor,Skilled Labor,hour,16462,47.42,780568.23,17245,49.43,852404.29,71836.06000000006,9.203046862412021,Watch
P0280,200,Materials,Gravel,ton,9908,31.92,316276.07,9439,30.68,289598.46,-26677.609999999986,-8.434912574953895,Under Budget
P0280,201,Materials,Concrete,cubic_yard,8589,141.27,1213351.85,10148,149.96,1521770.61,308418.76,25.418740656306742,Over Budget
P0280,202,Materials,Asphalt,ton,8041,87.76,705698.57,7440,88.92,661575.55,-44123.0199999999,-6.252389033465082,Under Budget
P0280,203,Materials,Topsoil,cubic_yard,4742,40.03,189801.0,4850,42.68,207010.37,17209.369999999995,9.06705970990669,Watch
P0280,300,Equipment,Excavator,hour,8293,129.7,1075622.24,8878,132.33,1174827.64,99205.3999999999,9.223070731598103,Watch
P0280,301,Equipment,Bulldozer,hour,4013,163.8,657327.92,4245,169.31,718713.08,61385.159999999916,9.338590090620205,Watch
P0280,302,Equipment,Loader,hour,9057,124.44,1127033.87,8663,121.38,1051539.32,-75494.55000000005,-6.698516522844167,Under Budget
P0280,303,Equipment,Compactor,hour,1217,88.21,107357.29,1097,93.6,102683.79,-4673.5,-4.353220913083779,On Budget
P0280,400,Fuel,Diesel,gallon,65252,3.63,236966.45,66331,3.73,247391.22,10424.76999999999,4.39925989522989,On Budget
P0280,500,Subcontractor,Concrete Work,job,8,29713.38,237707.05,8,29361.97,234895.79,-2811.25999999998,-1.182657392786617,On Budget
P0280,501,Subcontractor,Utility Work,job,7,23354.91,163484.37,7,24690.55,172833.83,9349.459999999992,5.718870862089136,Watch
P0281,100,Labor,General Labor,hour,26504,32.94,873021.17,28389,34.04,966502.16,93480.98999999999,10.70775752207704,Over Budget
P0281,101,Labor,Equipment Operators,hour,14388,43.81,630329.09,16548,47.32,782992.02,152662.93000000005,24.21955965890771,Over Budget
P0281,102,Labor,Supervisors,hour,16024,57.58,922724.01,16246,61.55,999900.58,77176.56999999995,8.363992825980539,Watch
P0281,103,Labor,Skilled Labor,hour,31089,49.38,1535103.63,29061,50.67,1472516.68,-62586.94999999995,-4.077050485510217,On Budget
P0281,200,Materials,Gravel,ton,14636,36.61,535880.29,16364,34.04,556957.54,21077.25,3.933201200589034,On Budget
P0281,201,Materials,Concrete,cubic_yard,19770,148.85,2942680.94,26427,165.17,4365057.27,1422376.3299999996,48.336070372617414,Over Budget
P0281,202,Materials,Asphalt,ton,29963,93.94,2814770.53,32782,96.76,3172075.32,357304.79000000004,12.693922513108024,Over Budget
P0281,203,Materials,Topsoil,cubic_yard,10912,40.78,444939.82,11006,44.14,485754.6,40814.77999999997,9.173101207259887,Watch
P0281,300,Equipment,Excavator,hour,9695,142.3,1379612.42,10370,149.0,1545166.55,165554.13000000012,12.000046360846776,Over Budget
P0281,301,Equipment,Bulldozer,hour,8556,155.9,1333871.32,8908,157.63,1404156.25,70284.92999999993,5.269243662874461,Watch
P0281,302,Equipment,Loader,hour,13603,110.59,1504414.99,13844,110.88,1534973.59,30558.600000000093,2.031261334347652,On Budget
P0281,303,Equipment,Compactor,hour,1683,102.13,171878.25,1564,110.51,172844.51,966.2600000000093,0.5621770061075263,On Budget
P0281,400,Fuel,Diesel,gallon,68940,4.01,276558.08,77118,4.03,310556.35,33998.26999999996,12.293356245458444,Over Budget
P0281,500,Subcontractor,Concrete Work,job,8,25903.34,207226.76,8,25862.53,206900.24,-326.5200000000186,-0.1575665227792099,On Budget
P0281,501,Subcontractor,Utility Work,job,9,21093.42,189840.78,9,20844.02,187596.22,-2244.5599999999977,-1.1823381678056726,On Budget
P0282,100,Labor,General Labor,hour,5569,31.8,177079.21,5434,29.54,160500.65,-16578.559999999998,-9.3622283496747,Under Budget
P0282,101,Labor,Equipment Operators,hour,2566,40.23,103224.77,2495,42.95,107153.23,3928.459999999992,3.8057338369462985,On Budget
P0282,102,Labor,Supervisors,hour,5060,59.1,299040.42,6087,63.24,384937.25,85896.83000000002,28.7241537448349,Over Budget
P0282,103,Labor,Skilled Labor,hour,6118,45.54,278590.36,7044,47.89,337349.58,58759.22000000003,21.09161996847272,Over Budget
P0282,200,Materials,Gravel,ton,5627,33.5,188481.08,6020,32.83,197651.85,9170.770000000019,4.8656183421699515,On Budget
P0282,201,Materials,Concrete,cubic_yard,5376,143.02,768890.95,5703,152.25,868266.17,99375.22000000009,12.924488186523734,Over Budget
P0282,202,Materials,Asphalt,ton,6089,97.07,591050.01,6073,100.51,610410.38,19360.369999999995,3.2755891502311276,On Budget
P0282,203,Materials,Topsoil,cubic_yard,6004,39.64,238019.88,5842,40.88,238832.66,812.7799999999988,0.3414756784181216,On Budget
P0282,300,Equipment,Excavator,hour,271,131.34,35593.67,252,132.98,33511.65,-2082.019999999997,-5.849410864347501,Under Budget
P0282,301,Equipment,Bulldozer,hour,2915,148.27,432206.92,2660,137.57,365928.43,-66278.48999999999,-15.334897923429821,Under Budget
P0282,302,Equipment,Loader,hour,1046,127.68,133556.77,1145,136.73,156558.55,23001.78,17.222474008618207,Over Budget
P0282,303,Equipment,Compactor,hour,2966,88.85,263531.65,3118,96.14,299773.65,36242.0,13.75242783931266,Over Budget
P0282,400,Fuel,Diesel,gallon,14203,3.74,53116.24,14083,3.84,54121.7,1005.4599999999991,1.8929427233554168,On Budget
P0282,500,Subcontractor,Concrete Work,job,2,27008.72,54017.44,2,27711.59,55423.18,1405.739999999998,2.602381749301703,On Budget
P0282,501,Subcontractor,Utility Work,job,2,21039.6,42079.2,3,23238.34,69715.03,27635.83,65.67574953896462,Over Budget
P0283,100,Labor,General Labor,hour,1762,31.79,56017.7,1625,29.47,47893.73,-8123.969999999994,-14.502505458096271,Under Budget
P0283,101,Labor,Equipment Operators,hour,1816,41.01,74470.8,1713,39.74,68079.84,-6390.960000000006,-8.581833416587449,Under Budget
P0283,102,Labor,Supervisors,hour,751,56.62,42520.15,918,60.96,55961.31,13441.159999999996,31.611271361930743,Over Budget
P0283,103,Labor,Skilled Labor,hour,766,44.63,34185.32,791,40.2,31802.1,-2383.220000000001,-6.971471965159318,Under Budget
P0283,200,Materials,Gravel,ton,710,34.82,24720.3,777,34.7,26962.77,2242.470000000001,9.071370493076545,Watch
P0283,201,Materials,Concrete,cubic_yard,1402,155.51,218030.15,1475,163.23,240771.01,22740.860000000015,10.430144638253019,Over Budget
P0283,202,Materials,Asphalt,ton,2231,98.72,220253.17,2605,110.32,287377.11,67123.93999999997,30.475811085942585,Over Budget
P0283,203,Materials,Topsoil,cubic_yard,1006,39.94,40179.92,1319,42.48,56027.76,15847.840000000004,39.44218903372631,Over Budget
P0283,300,Equipment,Excavator,hour,398,145.13,57762.57,485,153.62,74503.51,16740.939999999995,28.982332330434733,Over Budget
P0283,301,Equipment,Bulldozer,hour,1074,160.03,171877.38,955,165.92,158452.35,-13425.029999999999,-7.810818386922118,Under Budget
P0283,302,Equipment,Loader,hour,53,115.74,6134.02,50,121.29,6064.58,-69.44000000000051,-1.1320471729795551,On Budget
P0283,303,Equipment,Compactor,hour,217,90.46,19630.81,219,91.59,20058.02,427.2099999999991,2.176221969444965,On Budget
P0283,400,Fuel,Diesel,gallon,916,4.07,3727.88,921,4.36,4014.58,286.6999999999998,7.690698198439859,Watch
P0283,500,Subcontractor,Concrete Work,job,1,26099.15,26099.15,1,26329.38,26329.38,230.22999999999956,0.8821360082608037,On Budget
P0283,501,Subcontractor,Utility Work,job,1,22364.77,22364.77,1,21887.47,21887.47,-477.2999999999993,-2.1341601098513387,On Budget
P0284,100,Labor,General Labor,hour,15284,32.55,497495.08,18181,35.73,649677.49,152182.40999999997,30.58973166126587,Over Budget
P0284,101,Labor,Equipment Operators,hour,10480,42.11,441334.34,10041,45.44,456286.4,14952.059999999998,3.387921275285308,On Budget
P0284,102,Labor,Supervisors,hour,18616,51.15,952279.26,19065,53.46,1019295.6,67016.33999999997,7.037467139628764,Watch
P0284,103,Labor,Skilled Labor,hour,10662,45.19,481799.65,11810,44.44,524781.02,42981.369999999995,8.92100482015709,Watch
P0284,200,Materials,Gravel,ton,4469,31.51,140808.07,4734,31.65,149849.79,9041.720000000001,6.421308096900981,Watch
P0284,201,Materials,Concrete,cubic_yard,18147,145.79,2645584.82,21698,162.39,3523572.81,877987.9900000002,33.18691517136843,Over Budget
P0284,202,Materials,Asphalt,ton,2498,94.95,237192.99,3214,107.72,346212.03,109019.04000000004,45.96216776895474,Over Budget
P0284,203,Materials,Topsoil,cubic_yard,10039,40.0,401568.16,9869,43.88,433067.94,31499.780000000028,7.8441926272242375,Watch
P0284,300,Equipment,Excavator,hour,3149,142.79,449660.39,3258,153.63,500519.64,50859.25,11.310591533312508,Over Budget
P0284,301,Equipment,Bulldozer,hour,2144,166.89,357812.29,2062,156.61,322928.56,-34883.72999999998,-9.749170437941073,Under Budget
P0284,302,Equipment,Loader,hour,9671,127.45,1232601.95,9378,138.71,1300843.27,68241.32000000007,5.53636313815665,Watch
P0284,303,Equipment,Compactor,hour,8021,99.48,797943.13,8504,103.42,879476.28,81533.15000000002,10.2179149032839,Over Budget
P0284,400,Fuel,Diesel,gallon,78000,3.9,304261.81,76800,3.98,305488.69,1226.8800000000047,0.4032316773505044,On Budget
P0284,500,Subcontractor,Concrete Work,job,3,26334.45,79003.34,3,28670.22,86010.66,7007.320000000007,8.869650321113015,Watch
P0284,501,Subcontractor,Utility Work,job,7,21588.69,151120.82,7,21961.97,153733.78,2612.959999999992,1.729053614187636,On Budget
P0285,100,Labor,General Labor,hour,7873,33.8,266109.98,7639,38.15,291456.04,25346.059999999998,9.524655933610607,Watch
P0285,101,Labor,Equipment Operators,hour,7553,41.81,315767.01,7334,43.51,319134.08,3367.070000000007,1.0663146856284977,On Budget
P0285,102,Labor,Supervisors,hour,18862,53.64,1011816.89,18932,59.99,1135684.97,123868.07999999996,12.242143931793821,Over Budget
P0285,103,Labor,Skilled Labor,hour,13940,45.02,627530.01,13842,45.49,629631.16,2101.1500000000233,0.33482860843579787,On Budget
P0285,200,Materials,Gravel,ton,4712,34.56,162833.99,4867,33.45,162788.25,-45.73999999999069,-0.02808995836802297,On Budget
P0285,201,Materials,Concrete,cubic_yard,20558,151.7,3118600.78,18817,164.48,3095104.09,-23496.689999999944,-0.7534369307763703,On Budget
P0285,202,Materials,Asphalt,ton,16668,88.49,1474905.96,20317,95.56,1941482.49,466576.53,31.63432399445996,Over Budget
P0285,203,Materials,Topsoil,cubic_yard,15465,38.31,592499.49,18107,40.9,740523.87,148024.38,24.983039225907184,Over Budget
P0285,300,Equipment,Excavator,hour,5435,144.44,785049.94,6299,151.55,954589.27,169539.33000000007,21.595992988675356,Over Budget
P0285,301,Equipment,Bulldozer,hour,8022,165.68,1329100.93,8717,164.57,1434559.99,105459.06000000006,7.934616372588052,Watch
P0285,302,Equipment,Loader,hour,3591,116.82,419507.07,3309,117.63,389225.22,-30281.850000000035,-7.218436151743529,Under Budget
P0285,303,Equipment,Compactor,hour,6127,97.77,599047.02,5905,103.06,608563.01,9515.98999999999,1.5885213818441146,On Budget
P0285,400,Fuel,Diesel,gallon,14215,3.88,55163.02,16689,3.96,66061.27,10898.250000000007,19.756441906190066,Over Budget
P0285,500,Subcontractor,Concrete Work,job,10,27012.04,270120.4,10,27325.54,273255.37,3134.969999999972,1.1605824661891406,On Budget
P0285,501,Subcontractor,Utility Work,job,7,21754.99,152284.93,7,22593.18,158152.25,5867.320000000007,3.8528566155561204,On Budget
P0286,100,Labor,General Labor,hour,6536,31.72,207337.95,6333,32.66,206841.77,-496.1800000000221,-0.23930978385771737,On Budget
P0286,101,Labor,Equipment Operators,hour,4166,39.09,162830.31,4481,39.22,175760.1,12929.790000000008,7.940653063916668,Watch
P0286,102,Labor,Supervisors,hour,7452,50.7,377829.09,7286,49.52,360824.75,-17004.340000000026,-4.500537531400778,On Budget
P0286,103,Labor,Skilled Labor,hour,1042,49.92,52014.61,1022,48.61,49680.1,-2334.510000000002,-4.488181301368985,On Budget
P0286,200,Materials,Gravel,ton,1939,36.34,70462.22,2456,41.32,101483.76,31021.539999999994,44.025777217919035,Over Budget
P0286,201,Materials,Concrete,cubic_yard,1767,147.09,259904.3,2320,158.48,367670.83,107766.53000000003,41.46392729939444,Over Budget
P0286,202,Materials,Asphalt,ton,8628,98.21,847372.98,9622,100.1,963185.64,115812.66000000003,13.667259015032556,Over Budget
P0286,203,Materials,Topsoil,cubic_yard,1291,36.85,47568.2,1651,41.66,68774.72,21206.520000000004,44.58129590777033,Over Budget
P0286,300,Equipment,Excavator,hour,4137,139.03,575161.13,3973,141.69,562917.34,-12243.790000000037,-2.128758249014504,On Budget
P0286,301,Equipment,Bulldozer,hour,2128,156.39,332799.26,2054,157.99,324510.77,-8288.48999999999,-2.4905373888151043,On Budget
P0286,302,Equipment,Loader,hour,1074,113.74,122153.49,1085,120.68,130937.33,8783.839999999997,7.190821973240384,Watch
P0286,303,Equipment,Compactor,hour,2550,90.12,229814.51,2651,93.54,247971.15,18156.639999999985,7.900562936604823,Watch
P0286,400,Fuel,Diesel,gallon,4437,4.07,18072.06,4286,4.22,18100.78,28.719999999997526,0.15891934843065772,On Budget
P0286,500,Subcontractor,Concrete Work,job,3,25919.94,77759.83,3,27187.21,81561.63,3801.800000000003,4.889156779277942,On Budget
P0286,501,Subcontractor,Utility Work,job,4,20401.82,81607.29,4,20142.35,80569.39,-1037.8999999999942,-1.2718226521184495,On Budget
P0287,100,Labor,General Labor,hour,1878,30.3,56906.07,2051,31.03,63646.78,6740.709999999999,11.845326869348032,Over Budget
P0287,101,Labor,Equipment Operators,hour,2624,38.78,101754.37,2730,42.73,116651.71,14897.340000000011,14.640491607387487,Over Budget
P0287,102,Labor,Supervisors,hour,2595,50.75,131694.51,2474,53.11,131398.61,-295.9000000000233,-0.22468666309630012,On Budget
P0287,103,Labor,Skilled Labor,hour,2061,44.78,92299.49,1958,47.26,92538.6,239.11000000000058,0.25905885287123537,On Budget
P0287,200,Materials,Gravel,ton,253,36.49,9231.01,252,36.69,9244.81,13.799999999999272,0.149496100643367,On Budget
P0287,201,Materials,Concrete,cubic_yard,146,154.09,22497.18,154,158.39,24391.73,1894.5499999999993,8.42127768902591,Watch
P0287,202,Materials,Asphalt,ton,1596,86.55,138133.22,1745,90.41,157766.92,19633.70000000001,14.213597569071373,Over Budget
P0287,203,Materials,Topsoil,cubic_yard,1072,39.8,42670.73,1089,43.44,47306.19,4635.459999999999,10.863324813051005,Over Budget
P0287,300,Equipment,Excavator,hour,1367,140.97,192711.71,1326,141.84,188077.74,-4633.970000000001,-2.4046125686913373,On Budget
P0287,301,Equipment,Bulldozer,hour,719,145.68,104744.74,730,138.34,100987.61,-3757.1300000000047,-3.586939067298276,On Budget
P0287,302,Equipment,Loader,hour,1302,115.95,150966.19,1273,115.26,146722.17,-4244.0199999999895,-2.811238728353673,On Budget
P0287,303,Equipment,Compactor,hour,770,100.2,77153.29,741,106.15,78658.9,1505.6100000000006,1.9514527507511357,On Budget
P0287,400,Fuel,Diesel,gallon,781,3.64,2844.12,827,3.59,2968.6,124.48000000000002,4.376749222958244,On Budget
P0287,500,Subcontractor,Concrete Work,job,1,25983.3,25983.3,1,26323.25,26323.25,339.9500000000007,1.308340357075509,On Budget
P0287,501,Subcontractor,Utility Work,job,1,23527.04,23527.04,1,22951.28,22951.28,-575.760000000002,-2.447226680449398,On Budget
P0288,100,Labor,General Labor,hour,5216,32.72,170658.45,5006,31.8,159172.66,-11485.790000000008,-6.730279104257661,Under Budget
P0288,101,Labor,Equipment Operators,hour,3070,39.91,122515.55,2908,38.81,112854.42,-9661.130000000005,-7.885635741748705,Under Budget
P0288,102,Labor,Supervisors,hour,2300,54.58,125545.23,2404,56.69,136284.69,10739.460000000006,8.554255705294423,Watch
P0288,103,Labor,Skilled Labor,hour,4426,46.31,204984.36,4694,49.3,231407.45,26423.090000000026,12.890295630359324,Over Budget
P0288,200,Materials,Gravel,ton,779,36.71,28593.61,786,37.58,29535.05,941.4399999999987,3.292483880139649,On Budget
P0288,201,Materials,Concrete,cubic_yard,2759,135.4,373566.43,2980,139.12,414572.17,41005.73999999999,10.976826798917664,Over Budget
P0288,202,Materials,Asphalt,ton,1997,93.82,187351.88,2227,102.8,228940.79,41588.91,22.198288055609584,Over Budget
P0288,203,Materials,Topsoil,cubic_yard,5055,38.28,193497.81,4833,38.47,185939.75,-7558.059999999998,-3.906018367856462,On Budget
P0288,300,Equipment,Excavator,hour,1274,127.45,162375.97,1346,131.49,176981.83,14605.859999999986,8.99508714251252,Watch
P0288,301,Equipment,Bulldozer,hour,3244,163.33,529853.45,3442,164.03,564577.8,34724.35000000009,6.553576276610089,Watch
P0288,302,Equipment,Loader,hour,3001,122.7,368224.32,3155,123.14,388501.39,20277.070000000007,5.506716666623217,Watch
P0288,303,Equipment,Compactor,hour,796,97.46,77577.7,763,102.8,78439.22,861.5200000000041,1.1105253184871478,On Budget
P0288,400,Fuel,Diesel,gallon,8553,3.6,30784.16,7978,3.68,29393.79,-1390.369999999999,-4.516511088819701,On Budget
P0288,500,Subcontractor,Concrete Work,job,1,25800.43,25800.43,1,27514.56,27514.56,1714.130000000001,6.643803998615532,Watch
P0288,501,Subcontractor,Utility Work,job,3,22623.46,67870.39,3,23785.2,71355.61,3485.220000000001,5.135111202396216,Watch
P0289,100,Labor,General Labor,hour,4448,32.32,143757.04,4318,31.65,136682.1,-7074.940000000002,-4.921456368328119,On Budget
P0289,101,Labor,Equipment Operators,hour,4634,42.84,198499.71,4432,45.09,199819.8,1320.0899999999965,0.6650337171777211,On Budget
P0289,102,Labor,Supervisors,hour,7445,57.12,425250.31,7804,59.12,461362.37,36112.06,8.491953833026011,Watch
P0289,103,Labor,Skilled Labor,hour,4021,45.26,181994.72,4208,44.83,188625.38,6630.6600000000035,3.64332547669515,On Budget
P0289,200,Materials,Gravel,ton,870,31.73,27607.58,891,31.3,27886.14,278.5599999999977,1.0089982533782305,On Budget
P0289,201,Materials,Concrete,cubic_yard,11386,155.64,1772109.86,12071,158.19,1909549.74,137439.8799999999,7.755720065797719,Watch
P0289,202,Materials,Asphalt,ton,7774,94.5,734652.36,8211,104.56,858566.82,123914.45999999996,16.86708799247578,Over Budget
P0289,203,Materials,Topsoil,cubic_yard,10772,39.11,421298.51,11958,42.2,504583.5,83284.98999999999,19.7686410046881,Over Budget
P0289,300,Equipment,Excavator,hour,1729,131.64,227597.93,1676,134.44,225328.49,-2269.4400000000023,-0.9971268192114061,On Budget
P0289,301,Equipment,Bulldozer,hour,3540,146.95,520201.53,3441,154.68,532257.18,12055.650000000023,2.317496067341444,On Budget
P0289,302,Equipment,Loader,hour,6347,118.98,755159.23,5588,123.51,690187.73,-64971.5,-8.60368216647501,Under Budget
P0289,303,Equipment,Compactor,hour,2285,98.9,225995.73,2264,105.76,239435.15,13439.419999999984,5.9467583745940615,Watch
P0289,400,Fuel,Diesel,gallon,14794,4.06,60059.1,15740,4.23,66640.34,6581.239999999998,10.957939762667102,Over Budget
P0289,500,Subcontractor,Concrete Work,job,7,27506.33,192544.32,8,30082.66,240661.32,48117.0,24.990090593168368,Over Budget
P0289,501,Subcontractor,Utility Work,job,7,20397.44,142782.08,6,19527.37,117164.21,-25617.86999999998,-17.941936411067818,Under Budget
P0290,100,Labor,General Labor,hour,8583,32.32,277396.03,9199,31.64,291029.03,13633.0,4.914634142384806,On Budget
P0290,101,Labor,Equipment Operators,hour,15967,42.57,679680.54,18158,46.67,847363.76,167683.21999999997,24.670887296552575,Over Budget
P0290,102,Labor,Supervisors,hour,8326,56.23,468164.78,8808,59.6,524975.33,56810.54999999993,12.13473384307122,Over Budget
P0290,103,Labor,Skilled Labor,hour,19883,45.47,904081.54,18207,44.27,806010.33,-98071.21000000008,-10.847606732463543,Under Budget
P0290,200,Materials,Gravel,ton,10824,31.46,340562.07,10918,31.87,348005.41,7443.339999999967,2.1856045213725555,On Budget
P0290,201,Materials,Concrete,cubic_yard,7157,152.01,1087953.7,8008,156.32,1251807.0,163853.30000000005,15.060686865626732,Over Budget
P0290,202,Materials,Asphalt,ton,5229,98.24,513719.3,4950,104.01,514825.39,1106.0900000000256,0.21531018982546024,On Budget
P0290,203,Materials,Topsoil,cubic_yard,14033,39.01,547438.41,13465,41.23,555130.61,7692.199999999953,1.4051261035921745,On Budget
P0290,300,Equipment,Excavator,hour,10001,142.73,1427448.21,10244,143.45,1469524.51,42076.30000000005,2.9476586054214917,On Budget
P0290,301,Equipment,Bulldozer,hour,7331,163.78,1200683.46,7400,172.16,1273981.08,73297.62000000011,6.10465809198372,Watch
P0290,302,Equipment,Loader,hour,9193,110.41,1015039.37,9310,113.56,1057213.2,42173.82999999996,4.15489598201496,On Budget
P0290,303,Equipment,Compactor,hour,4007,102.35,410136.24,4246,86.07,365436.59,-44699.649999999965,-10.89873208961002,Under Budget
P0290,400,Fuel,Diesel,gallon,58087,4.13,239899.22,57752,4.14,239028.18,-871.0400000000081,-0.36308579911181377,On Budget
P0290,500,Subcontractor,Concrete Work,job,2,28248.24,56496.48,2,29822.14,59644.29,3147.8099999999977,5.571692254101491,Watch
P0290,501,Subcontractor,Utility Work,job,6,22451.82,134710.9,7,23734.4,166140.79,31429.890000000014,23.331363683265433,Over Budget
P0291,100,Labor,General Labor,hour,6722,32.33,217348.31,6207,34.66,215106.59,-2241.720000000001,-1.031395183150953,On Budget
P0291,101,Labor,Equipment Operators,hour,2726,43.18,117699.07,2755,44.39,122306.04,4606.969999999987,3.9141940543795175,On Budget
P0291,102,Labor,Supervisors,hour,6343,55.63,352858.74,7187,55.31,397489.09,44630.350000000035,12.648220078096983,Over Budget
P0291,103,Labor,Skilled Labor,hour,3831,45.03,172526.09,4070,44.0,179064.63,6538.540000000008,3.789884764675307,On Budget
P0291,200,Materials,Gravel,ton,8349,31.95,266759.34,9550,31.49,300769.88,34010.53999999998,12.749521722463392,Over Budget
P0291,201,Materials,Concrete,cubic_yard,3445,143.11,493016.72,4046,158.42,640974.15,147957.43000000005,30.010631282444145,Over Budget
P0291,202,Materials,Asphalt,ton,2295,86.77,199132.95,2231,86.72,193473.27,-5659.680000000022,-2.8421614805586026,On Budget
P0291,203,Materials,Topsoil,cubic_yard,7960,35.34,281314.0,8857,34.59,306344.6,25030.599999999977,8.897744157773866,Watch
P0291,300,Equipment,Excavator,hour,449,144.09,64695.16,448,144.24,64617.52,-77.6400000000067,-0.12000897748766165,On Budget
P0291,301,Equipment,Bulldozer,hour,3261,165.45,539547.95,3013,168.18,506734.41,-32813.53999999998,-6.081672629837623,Under Budget
P0291,302,Equipment,Loader,hour,2020,115.89,234100.91,2201,123.55,271937.78,37836.870000000024,16.16263260147089,Over Budget
P0291,303,Equipment,Compactor,hour,1769,100.86,178419.62,1964,100.15,196689.29,18269.670000000013,10.23972027291618,Over Budget
P0291,400,Fuel,Diesel,gallon,29978,4.07,122084.75,35576,4.54,161407.37,39322.619999999995,32.20928084793555,Over Budget
P0291,500,Subcontractor,Concrete Work,job,2,25955.16,51910.31,2,25151.29,50302.59,-1607.7200000000012,-3.097111151907976,On Budget
P0291,501,Subcontractor,Utility Work,job,2,20261.11,40522.23,2,20501.36,41002.72,480.48999999999796,1.185744219901022,On Budget
P0292,100,Labor,General Labor,hour,5232,30.17,157860.73,4846,29.98,145261.27,-12599.460000000021,-7.981377002374194,Under Budget
P0292,101,Labor,Equipment Operators,hour,2205,40.86,90092.06,2425,39.52,95824.48,5732.419999999998,6.362847069985966,Watch
P0292,102,Labor,Supervisors,hour,2847,56.51,160885.29,3026,56.32,170421.78,9536.48999999999,5.927508972386469,Watch
P0292,103,Labor,Skilled Labor,hour,4832,51.76,250081.95,5628,56.4,317424.0,67342.04999999999,26.92799300389332,Over Budget
P0292,200,Materials,Gravel,ton,3830,34.03,130353.03,3922,35.01,137326.44,6973.4100000000035,5.349633990095976,Watch
P0292,201,Materials,Concrete,cubic_yard,2196,152.36,334578.68,2435,167.42,407662.79,73084.10999999999,21.84362434569949,Over Budget
P0292,202,Materials,Asphalt,ton,4825,98.47,475120.91,5008,100.21,501866.17,26745.26000000001,5.629148167779021,Watch
P0292,203,Materials,Topsoil,cubic_yard,1907,39.57,75450.61,2047,36.91,75564.65,114.0399999999936,0.15114523262302798,On Budget
P0292,300,Equipment,Excavator,hour,637,133.15,84819.34,644,136.22,87725.4,2906.0599999999977,3.4261761527500663,On Budget
P0292,301,Equipment,Bulldozer,hour,1999,144.01,287866.69,2360,160.62,379059.52,91192.83000000002,31.678840646689626,Over Budget
P0292,302,Equipment,Loader,hour,268,110.8,29694.72,315,121.06,38133.72,8439.0,28.419193715246344,Over Budget
P0292,303,Equipment,Compactor,hour,363,92.02,33403.62,352,96.42,33940.3,536.6800000000003,1.6066522131433665,On Budget
P0292,400,Fuel,Diesel,gallon,2210,4.14,9141.86,2048,4.33,8876.31,-265.5500000000011,-2.9047699264701174,On Budget
P0292,500,Subcontractor,Concrete Work,job,2,26641.67,53283.35,2,26960.52,53921.03,637.6800000000003,1.1967715993832977,On Budget
P0292,501,Subcontractor,Utility Work,job,2,23102.52,46205.05,2,23141.3,46282.61,77.55999999999767,0.1678604394974092,On Budget
P0293,100,Labor,General Labor,hour,5865,33.23,194907.78,6046,32.75,198006.39,3098.610000000015,1.5897826141162836,On Budget
P0293,101,Labor,Equipment Operators,hour,3265,45.0,146935.07,2952,45.4,134013.62,-12921.450000000012,-8.793986350569684,Under Budget
P0293,102,Labor,Supervisors,hour,3333,55.11,183689.1,3370,58.31,196493.68,12804.579999999987,6.970789230280941,Watch
P0293,103,Labor,Skilled Labor,hour,2987,45.35,135470.7,3039,45.47,138197.73,2727.029999999999,2.0130035498450947,On Budget
P0293,200,Materials,Gravel,ton,4603,33.13,152490.16,5555,34.75,193024.87,40534.70999999999,26.581852888081432,Over Budget
P0293,201,Materials,Concrete,cubic_yard,2148,142.34,305753.25,2766,153.9,425676.69,119923.44,39.22229444821927,Over Budget
P0293,202,Materials,Asphalt,ton,4524,88.39,399892.14,4351,80.25,349176.7,-50715.44,-12.682279776741797,Under Budget
P0293,203,Materials,Topsoil,cubic_yard,7769,39.25,304960.09,6403,40.64,260228.96,-44731.130000000034,-14.66786358831414,Under Budget
P0293,300,Equipment,Excavator,hour,3306,142.2,470114.76,3285,147.55,484715.3,14600.539999999979,3.105739543255349,On Budget
P0293,301,Equipment,Bulldozer,hour,3179,148.77,472939.37,3195,158.36,505953.55,33014.17999999999,6.980636862606722,Watch
P0293,302,Equipment,Loader,hour,4079,113.32,462221.29,3904,113.84,444420.86,-17800.429999999993,-3.851062334233889,On Budget
P0293,303,Equipment,Compactor,hour,522,95.48,49843.16,498,102.86,51225.74,1382.5799999999945,2.7738610473332637,On Budget
P0293,400,Fuel,Diesel,gallon,17314,4.16,71979.92,18511,4.48,82874.69,10894.770000000004,15.135846219334509,Over Budget
P0293,500,Subcontractor,Concrete Work,job,3,28316.14,84948.42,4,32343.41,129373.63,44425.21000000001,52.296687801844946,Over Budget
P0293,501,Subcontractor,Utility Work,job,1,23735.14,23735.14,1,24108.38,24108.38,373.2400000000016,1.5725207435052062,On Budget
P0294,100,Labor,General Labor,hour,14466,31.64,457650.73,19148,35.64,682404.46,224753.72999999998,49.11031825514623,Over Budget
P0294,101,Labor,Equipment Operators,hour,14398,43.65,628407.2,14757,42.79,631460.94,3053.7399999999907,0.4859492380100023,On Budget
P0294,102,Labor,Supervisors,hour,2369,52.2,123652.69,2356,57.63,135773.95,12121.26000000001,9.802665837678104,Watch
P0294,103,Labor,Skilled Labor,hour,9093,50.06,455209.78,9446,50.86,480400.65,25190.869999999995,5.533903511475521,Watch
P0294,200,Materials,Gravel,ton,499,32.94,16437.73,527,34.31,18082.07,1644.3400000000001,10.003449381392688,Over Budget
P0294,201,Materials,Concrete,cubic_yard,1156,149.85,173228.75,1157,151.46,175239.63,2010.8800000000047,1.1608234776271287,On Budget
P0294,202,Materials,Asphalt,ton,13388,88.31,1182329.63,15995,93.0,1487577.26,305247.6300000001,25.817472746580844,Over Budget
P0294,203,Materials,Topsoil,cubic_yard,4687,37.0,173404.56,4761,37.9,180439.69,7035.130000000005,4.057061705874404,On Budget
P0294,300,Equipment,Excavator,hour,4336,144.88,628201.57,4138,140.8,582634.33,-45567.23999999999,-7.253601738053598,Under Budget
P0294,301,Equipment,Bulldozer,hour,5407,165.36,894117.73,6643,187.68,1246780.1,352662.3700000001,39.44249824908405,Over Budget
P0294,302,Equipment,Loader,hour,3850,124.23,478266.46,3871,119.68,463287.29,-14979.170000000042,-3.1319716628257903,On Budget
P0294,303,Equipment,Compactor,hour,5176,98.28,508671.59,5269,108.39,571111.14,62439.54999999999,12.275022082518896,Over Budget
P0294,400,Fuel,Diesel,gallon,42232,3.77,159288.43,45142,4.12,185815.75,26527.320000000007,16.65363893661329,Over Budget
P0294,500,Subcontractor,Concrete Work,job,8,26216.51,209732.1,8,26734.3,213874.39,4142.290000000008,1.9750386326175193,On Budget
P0294,501,Subcontractor,Utility Work,job,2,21426.51,42853.03,2,21455.3,42910.6,57.56999999999971,0.13434289243957712,On Budget
P0295,100,Labor,General Labor,hour,4582,32.61,149433.99,4396,34.84,153169.71,3735.720000000001,2.4999131723646015,On Budget
P0295,101,Labor,Equipment Operators,hour,3382,42.92,145153.45,3327,41.6,138394.7,-6758.75,-4.656279268594718,On Budget
P0295,102,Labor,Supervisors,hour,6609,52.58,347482.73,7168,56.1,402119.26,54636.53000000003,15.723523871243913,Over Budget
P0295,103,Labor,Skilled Labor,hour,4354,49.89,217214.17,5273,55.77,294080.21,76866.04000000001,35.38721253774558,Over Budget
P0295,200,Materials,Gravel,ton,8156,31.29,255231.24,8332,31.39,261514.79,6283.5500000000175,2.461904741754974,On Budget
P0295,201,Materials,Concrete,cubic_yard,200,151.72,30343.63,197,151.35,29816.54,-527.0900000000001,-1.737069691398162,On Budget
P0295,202,Materials,Asphalt,ton,5230,92.65,484551.5,6424,105.68,678896.33,194344.82999999996,40.1081887064636,Over Budget
P0295,203,Materials,Topsoil,cubic_yard,7436,36.2,269181.37,8093,37.21,301109.52,31928.150000000023,11.861203470359046,Over Budget
P0295,300,Equipment,Excavator,hour,2274,145.11,329987.23,2207,143.65,317025.35,-12961.880000000005,-3.9279944257236883,On Budget
P0295,301,Equipment,Bulldozer,hour,3592,144.7,519762.43,3763,150.33,565694.54,45932.110000000044,8.837135458213101,Watch
P0295,302,Equipment,Loader,hour,715,119.76,85631.28,754,120.99,91223.63,5592.350000000006,6.5307326948750575,Watch
P0295,303,Equipment,Compactor,hour,2754,102.3,281731.03,3384,115.96,392399.01,110667.97999999998,39.281430944969024,Over Budget
P0295,400,Fuel,Diesel,gallon,14916,3.7,55238.67,15332,3.93,60321.18,5082.510000000002,9.2009999516643,Watch
P0295,500,Subcontractor,Concrete Work,job,3,25790.75,77372.24,3,25861.3,77583.9,211.65999999998894,0.273560646557459,On Budget
P0295,501,Subcontractor,Utility Work,job,1,23555.09,23555.09,1,24522.31,24522.31,967.2200000000012,4.10620379714109,On Budget
P0296,100,Labor,General Labor,hour,18531,29.86,553373.45,20376,28.13,573234.3,19860.850000000093,3.589050034836347,On Budget
P0296,101,Labor,Equipment Operators,hour,12526,40.27,504388.05,12549,43.15,541500.84,37112.78999999998,7.357983600126921,Watch
P0296,102,Labor,Supervisors,hour,13094,54.41,712446.37,17390,60.13,1045709.2,333262.82999999996,46.77725145823958,Over Budget
P0296,103,Labor,Skilled Labor,hour,6687,46.37,310109.39,6172,48.64,300208.19,-9901.200000000012,-3.192808834327787,On Budget
P0296,200,Materials,Gravel,ton,15065,32.69,492416.14,19862,35.28,700659.99,208243.84999999998,42.290216157415145,Over Budget
P0296,201,Materials,Concrete,cubic_yard,28960,144.5,4184793.09,28682,154.4,4428409.54,243616.4500000002,5.82146941941161,Watch
P0296,202,Materials,Asphalt,ton,24553,96.96,2380757.6,22576,100.24,2262969.22,-117788.37999999989,-4.9475167064467165,On Budget
P0296,203,Materials,Topsoil,cubic_yard,16506,35.4,584341.53,16751,36.18,606112.57,21771.03999999992,3.7257389526977347,On Budget
P0296,300,Equipment,Excavator,hour,14501,131.22,1902808.22,15137,131.85,1995831.54,93023.32000000007,4.888738603410073,On Budget
P0296,301,Equipment,Bulldozer,hour,7372,143.81,1060175.65,7533,146.59,1104242.51,44066.8600000001,4.156562169674441,On Budget
P0296,302,Equipment,Loader,hour,5663,126.36,715595.88,5689,133.92,761892.63,46296.75,6.469678109382072,Watch
P0296,303,Equipment,Compactor,hour,14141,98.22,1388887.9,18892,107.7,2034753.06,645865.1600000001,46.50232462965515,Over Budget
P0296,400,Fuel,Diesel,gallon,24461,3.8,93050.45,27580,4.15,114346.2,21295.75,22.88624074359662,Over Budget
P0296,500,Subcontractor,Concrete Work,job,6,28594.51,171567.04,7,27631.56,193420.94,21853.899999999994,12.737819571871142,Over Budget
P0296,501,Subcontractor,Utility Work,job,6,20409.95,122459.7,6,22009.31,132055.88,9596.180000000008,7.836194274524605,Watch
P0297,100,Labor,General Labor,hour,10667,34.14,364160.03,13469,39.0,525265.94,161105.90999999992,44.240415401986844,Over Budget
P0297,101,Labor,Equipment Operators,hour,20932,42.57,891051.94,21625,45.05,974105.53,83053.59000000008,9.320847222441387,Watch
P0297,102,Labor,Supervisors,hour,3191,52.71,168197.46,3383,54.69,184999.77,16802.309999999998,9.989633612778693,Watch
P0297,103,Labor,Skilled Labor,hour,14739,47.68,702779.33,14726,48.17,709301.59,6522.260000000009,0.928066566784201,On Budget
P0297,200,Materials,Gravel,ton,17393,36.49,634714.68,20720,35.11,727436.66,92721.97999999998,14.608450524572705,Over Budget
P0297,201,Materials,Concrete,cubic_yard,11092,143.66,1593466.14,10756,146.3,1573599.54,-19866.59999999986,-1.2467538218289258,On Budget
P0297,202,Materials,Asphalt,ton,17475,90.4,1579806.17,19568,94.46,1848311.25,268505.0800000001,16.996077436512362,Over Budget
P0297,203,Materials,Topsoil,cubic_yard,1832,35.17,64424.02,1756,36.88,64763.33,339.31000000000495,0.526682439251703,On Budget
P0297,300,Equipment,Excavator,hour,5174,145.39,752224.59,5371,150.16,806507.04,54282.45000000007,7.216255719585034,Watch
P0297,301,Equipment,Bulldozer,hour,10161,165.3,1679567.73,10973,178.71,1960935.77,281368.04000000004,16.752408073474957,Over Budget
P0297,302,Equipment,Loader,hour,3818,115.77,442017.2,4055,114.53,464425.03,22407.830000000016,5.069447523761522,Watch
P0297,303,Equipment,Compactor,hour,10959,100.59,1102367.24,11944,101.02,1206549.46,104182.21999999997,9.450772502999996,Watch
P0297,400,Fuel,Diesel,gallon,71721,3.93,281666.49,71962,3.94,283244.75,1578.2600000000093,0.5603293455320189,On Budget
P0297,500,Subcontractor,Concrete Work,job,7,30147.99,211035.96,8,33546.52,268372.12,57336.16,27.168905242499907,Over Budget
P0297,501,Subcontractor,Utility Work,job,5,23261.94,116309.68,6,25425.06,152550.37,36240.69,31.158790910610367,Over Budget
P0298,100,Labor,General Labor,hour,20128,30.33,610404.01,21184,31.58,669011.47,58607.45999999996,9.601421196430207,Watch
P0298,101,Labor,Equipment Operators,hour,16453,41.65,685282.29,14633,43.54,637124.62,-48157.67000000004,-7.027420772832177,Under Budget
P0298,102,Labor,Supervisors,hour,5200,57.12,297009.65,6311,63.18,398755.38,101745.72999999998,34.25670849415161,Over Budget
P0298,103,Labor,Skilled Labor,hour,10350,46.15,477655.17,10471,48.38,506584.27,28929.100000000035,6.056482127054133,Watch
P0298,200,Materials,Gravel,ton,9089,32.95,299502.32,8809,33.8,297706.27,-1796.0499999999884,-0.5996781594212653,On Budget
P0298,201,Materials,Concrete,cubic_yard,19176,145.81,2796040.32,18745,147.05,2756529.75,-39510.56999999983,-1.4130901374126048,On Budget
P0298,202,Materials,Asphalt,ton,21445,95.55,2049093.44,24257,101.71,2467155.03,418061.58999999985,20.40227067439149,Over Budget
P0298,203,Materials,Topsoil,cubic_yard,4133,37.56,155225.18,3979,36.47,145115.07,-10110.109999999986,-6.513189419397025,Under Budget
P0298,300,Equipment,Excavator,hour,1760,133.13,234301.76,1824,130.98,238901.33,4599.569999999978,1.9630966493806867,On Budget
P0298,301,Equipment,Bulldozer,hour,4724,159.42,753094.98,5378,170.25,915589.52,162494.54000000004,21.576898573935527,Over Budget
P0298,302,Equipment,Loader,hour,7871,124.93,983349.44,9260,135.86,1258099.16,274749.72,27.94019184065432,Over Budget
P0298,303,Equipment,Compactor,hour,6493,100.93,655360.92,7054,105.01,740706.4,85345.47999999998,13.022668486244187,Over Budget
P0298,400,Fuel,Diesel,gallon,81500,3.71,302555.8,90040,3.96,356393.08,53837.28000000003,17.794165572102745,Over Budget
P0298,500,Subcontractor,Concrete Work,job,11,28369.76,312067.36,12,30523.96,366287.54,54220.17999999999,17.374511707985096,Over Budget
P0298,501,Subcontractor,Utility Work,job,2,21412.43,42824.85,2,22616.52,45233.04,2408.1900000000023,5.62334719210926,Watch
P0299,100,Labor,General Labor,hour,4551,31.54,143550.88,4836,31.09,150331.06,6780.179999999993,4.723189436386592,On Budget
P0299,101,Labor,Equipment Operators,hour,11446,43.29,495481.67,11832,44.36,524877.76,29396.090000000026,5.932830976370938,Watch
P0299,102,Labor,Supervisors,hour,5684,52.98,301123.37,6476,55.71,360789.54,59666.169999999984,19.81452651781892,Over Budget
P0299,103,Labor,Skilled Labor,hour,9910,45.46,450550.51,9259,47.69,441537.2,-9013.309999999998,-2.0005104422143476,On Budget
P0299,200,Materials,Gravel,ton,8632,36.14,312003.61,9024,36.43,328709.31,16705.70000000001,5.3543290733078415,Watch
P0299,201,Materials,Concrete,cubic_yard,1559,143.0,222941.9,1828,146.33,267489.14,44547.24000000002,19.98154676173479,Over Budget
P0299,202,Materials,Asphalt,ton,3050,98.11,299233.63,3159,99.9,315581.1,16347.469999999972,5.463112551887959,Watch
P0299,203,Materials,Topsoil,cubic_yard,10665,40.13,427944.55,10158,42.87,435452.1,7507.549999999988,1.754327751107004,On Budget
P0299,300,Equipment,Excavator,hour,3048,125.74,383254.28,3101,132.56,411078.7,27824.419999999984,7.260041557787686,Watch
P0299,301,Equipment,Bulldozer,hour,8291,162.87,1350314.71,8506,167.53,1424971.83,74657.12000000011,5.528868155483555,Watch
P0299,302,Equipment,Loader,hour,7944,124.76,991118.0,8577,132.1,1132993.29,141875.29000000004,14.314671915957538,Over Budget
P0299,303,Equipment,Compactor,hour,3665,93.84,343916.82,3708,91.34,338678.81,-5238.010000000009,-1.5230456015498193,On Budget
P0299,400,Fuel,Diesel,gallon,65628,3.94,258782.96,86120,4.51,388330.89,129547.93000000002,50.06045606712283,Over Budget
P0299,500,Subcontractor,Concrete Work,job,8,29019.39,232155.08,9,30912.12,278209.04,46053.95999999999,19.83758442847772,Over Budget
P0299,501,Subcontractor,Utility Work,job,2,20614.07,41228.14,2,21808.29,43616.57,2388.4300000000003,5.79320338002151,Watch
P0300,100,Labor,General Labor,hour,2646,31.41,83106.3,3434,33.53,115156.09,32049.789999999994,38.564813979204935,Over Budget
P0300,101,Labor,Equipment Operators,hour,5528,44.32,245024.52,5432,46.12,250521.4,5496.880000000005,2.2433999666645628,On Budget
P0300,102,Labor,Supervisors,hour,4145,56.56,234423.93,4146,55.86,231579.31,-2844.6199999999953,-1.2134512035524683,On Budget
P0300,103,Labor,Skilled Labor,hour,2632,48.56,127802.04,2928,50.36,147441.93,19639.89,15.36743075462645,Over Budget
P0300,200,Materials,Gravel,ton,784,36.06,28268.75,805,36.28,29208.56,939.8100000000013,3.3245544992261817,On Budget
P0300,201,Materials,Concrete,cubic_yard,3533,138.51,489364.92,3563,143.9,512724.06,23359.140000000014,4.77335809031837,On Budget
P0300,202,Materials,Asphalt,ton,3379,86.53,292373.84,3242,86.19,279424.13,-12949.710000000021,-4.429161651398093,On Budget
P0300,203,Materials,Topsoil,cubic_yard,3277,35.22,115426.29,3334,37.01,123391.37,7965.080000000002,6.900576982938637,Watch
P0300,300,Equipment,Excavator,hour,2163,139.23,301157.69,2396,135.99,325829.52,24671.830000000016,8.19232940722849,Watch
P0300,301,Equipment,Bulldozer,hour,1346,157.01,211334.16,1477,160.75,237425.25,26091.089999999997,12.34589334729416,Over Budget
P0300,302,Equipment,Loader,hour,2400,128.85,309228.26,2512,128.03,321600.04,12371.77999999997,4.000856842773675,On Budget
P0300,303,Equipment,Compactor,hour,2276,97.22,221272.42,2315,103.77,240217.2,18944.78,8.561744839234821,Watch
P0300,400,Fuel,Diesel,gallon,5381,4.05,21792.38,6005,3.96,23771.19,1978.8099999999977,9.080284025884266,Watch
P0300,500,Subcontractor,Concrete Work,job,3,26041.53,78124.58,3,28181.26,84543.77,6419.190000000002,8.216607372481237,Watch
P0300,501,Subcontractor,Utility Work,job,2,20820.1,41640.21,2,21580.39,43160.77,1520.5599999999977,3.651662659722412,On Budget
